{"label_class": "VEHICLE", "uuid": "2210f802-2a30-4070-a373-63d7b80c733b", "log_id": "64c12551-adb9-36e3-a0c1-e43a0e9f3845", "track_label_frames": [{"center": {"x": -99.66507720947266, "y": -5.26126766204834, "z": -0.4052083701423368}, "rotation": {"x": -0.0, "y": -0.0, "z": -0.019485655448077774, "w": 0.9998101365918225}, "length": 4.03, "width": 1.74, "height": 1.46, "track_label_uuid": "2210f802-2a30-4070-a373-63d7b80c733b", "timestamp": 315975344319744000, "label_class": "VEHICLE"}, {"center": {"x": -99.66507720947266, "y": -5.26126766204834, "z": 0.25321704326325856}, "rotation": {"x": -0.0, "y": -0.0, "z": -0.019485655448077774, "w": 0.9998101365918225}, "length": 4.03, "width": 1.74, "height": 1.46, "track_label_uuid": "2210f802-2a30-4070-a373-63d7b80c733b", "timestamp": 315975344719866000, "label_class": "VEHICLE"}, {"center": {"x": -104.19842893972299, "y": -5.303912063291253, "z": 0.23045195383095374}, "rotation": {"x": 3.5817846298072006e-05, "y": -0.00012611494483321005, "z": -0.019494760745480063, "w": 0.999809950498383}, "length": 4.03, "width": 1.74, "height": 1.46, "track_label_uuid": "2210f802-2a30-4070-a373-63d7b80c733b", "timestamp": 315975347119751000, "label_class": "VEHICLE"}, {"center": {"x": -105.83676465682188, "y": -5.431367553763495, "z": -0.5364790518696201}, "rotation": {"x": 0.000175903395091631, "y": -0.00017784539495478062, "z": -0.019613664927831283, "w": 0.9998076022801136}, "length": 4.03, "width": 1.74, "height": 1.46, "track_label_uuid": "2210f802-2a30-4070-a373-63d7b80c733b", "timestamp": 315975347619406000, "label_class": "VEHICLE"}]}