{"label_class": "VEHICLE", "uuid": "8facfd0b-4558-4e9d-9453-3afe468ef03c", "log_id": "64c12551-adb9-36e3-a0c1-e43a0e9f3845", "track_label_frames": [{"center": {"x": -132.29574584960938, "y": 1.262457013130188, "z": -0.35881244726889316}, "rotation": {"x": 0.0, "y": 0.0, "z": 0.01936711264090171, "w": 0.9998124398845789}, "length": 4.03, "width": 1.74, "height": 1.85, "track_label_uuid": "8facfd0b-4558-4e9d-9453-3afe468ef03c", "timestamp": 315975348620233000, "label_class": "VEHICLE"}, {"center": {"x": -138.51835965860775, "y": 5.208370786774983, "z": 1.4490862489468583}, "rotation": {"x": -0.0012174114909468973, "y": 0.006513813960336413, "z": -0.033471262294104444, "w": 0.9994177118389445}, "length": 4.03, "width": 1.74, "height": 1.85, "track_label_uuid": "8facfd0b-4558-4e9d-9453-3afe468ef03c", "timestamp": 315975353219727000, "label_class": "VEHICLE"}, {"center": {"x": -138.8919032857581, "y": 6.522959284162151, "z": 1.4503509978897455}, "rotation": {"x": -0.0014646300482134376, "y": 0.006495268493625906, "z": -0.038117664731047565, "w": 0.9992510745460668}, "length": 4.03, "width": 1.74, "height": 1.85, "track_label_uuid": "8facfd0b-4558-4e9d-9453-3afe468ef03c", "timestamp": 315975353319924000, "label_class": "VEHICLE"}, {"center": {"x": -139.33672655667493, "y": 27.586351143604386, "z": 1.4969574336357596}, "rotation": {"x": -0.004253379743128339, "y": 0.007772529481774186, "z": -0.11205259682776995, "w": 0.9936627758401585}, "length": 4.03, "width": 1.74, "height": 1.85, "track_label_uuid": "8facfd0b-4558-4e9d-9453-3afe468ef03c", "timestamp": 315975354018662000, "label_class": "VEHICLE"}]}