{"label_class": "VEHICLE", "uuid": "99d28bb8-afd0-4cc3-9ff4-96261e100c45", "log_id": "64c12551-adb9-36e3-a0c1-e43a0e9f3845", "track_label_frames": [{"center": {"x": -30.2863537589397, "y": -158.29703485307377, "z": -0.17971039334089456}, "rotation": {"x": -0.0, "y": -0.0, "z": -0.7907260636185266, "w": 0.6121701498066937}, "length": 4.03, "width": 1.74, "height": 1.46, "track_label_uuid": "99d28bb8-afd0-4cc3-9ff4-96261e100c45", "timestamp": 315975354219055000, "label_class": "VEHICLE"}, {"center": {"x": -36.82513320268758, "y": -156.97183367990255, "z": 0.14167948140164155}, "rotation": {"x": -0.002011669084227593, "y": -0.0001386107350844647, "z": -0.8025192118158453, "w": 0.5966228696932712}, "length": 4.03, "width": 1.74, "height": 1.46, "track_label_uuid": "99d28bb8-afd0-4cc3-9ff4-96261e100c45", "timestamp": 315975354319252000, "label_class": "VEHICLE"}, {"center": {"x": -43.71580379330752, "y": -155.27495924766546, "z": 0.21311743641866654}, "rotation": {"x": -0.0027847432563413684, "y": -0.00021509902038053426, "z": -0.8147832869503222, "w": 0.5797589104479867}, "length": 4.03, "width": 1.74, "height": 1.46, "track_label_uuid": "99d28bb8-afd0-4cc3-9ff4-96261e100c45", "timestamp": 315975354419448000, "label_class": "VEHICLE"}, {"center": {"x": -50.93010598244871, "y": -153.15951366491657, "z": 0.49127142029136506}, "rotation": {"x": -0.004294092463721671, "y": 0.0004867690946172575, "z": -0.8274219603690024, "w": 0.5615640865697151}, "length": 4.03, "width": 1.74, "height": 1.46, "track_label_uuid": "99d28bb8-afd0-4cc3-9ff4-96261e100c45", "timestamp": 315975354519645000, "label_class": "VEHICLE"}]}