{"label_class": "VEHICLE", "uuid": "99ff4b3f-f0a5-4aae-9697-4c00e2a60c32", "log_id": "64c12551-adb9-36e3-a0c1-e43a0e9f3845", "track_label_frames": [{"center": {"x": -62.67243957519531, "y": -5.650250434875488, "z": 0.11511504411959406}, "rotation": {"x": 0.0, "y": 0.0, "z": 0.004849970765748317, "w": 0.999988238822623}, "length": 4.03, "width": 1.74, "height": 1.46, "track_label_uuid": "99ff4b3f-f0a5-4aae-9697-4c00e2a60c32", "timestamp": 315975349619289000, "label_class": "VEHICLE"}]}