{"label_class": "VEHICLE", "uuid": "b833d395-d72a-4a39-88ea-c6efde41aaa4", "log_id": "64c12551-adb9-36e3-a0c1-e43a0e9f3845", "track_label_frames": [{"center": {"x": 212.9753150419834, "y": 0.7079773078411011, "z": -0.4925396809393918}, "rotation": {"x": 4.1371294121245304e-05, "y": -3.399782685011142e-05, "z": -0.0052807856404091654, "w": 0.999986055120562}, "length": 5.5, "width": 1.74, "height": 2.4485193815623827, "track_label_uuid": "b833d395-d72a-4a39-88ea-c6efde41aaa4", "timestamp": 315975346019587000, "label_class": "VEHICLE"}, {"center": {"x": 204.95173437800577, "y": 0.21049753025187634, "z": 1.1030831967464136}, "rotation": {"x": 4.1371294121245304e-05, "y": -3.399782685011142e-05, "z": -0.0052807856404091654, "w": 0.999986055120562}, "length": 5.5, "width": 1.74, "height": 2.4485193815623827, "track_label_uuid": "b833d395-d72a-4a39-88ea-c6efde41aaa4", "timestamp": 315975349320027000, "label_class": "VEHICLE"}, {"center": {"x": 203.96646968722047, "y": -0.2708193845732476, "z": 0.3131136343801897}, "rotation": {"x": 1.6538034631465667e-05, "y": -2.5248625873915292e-05, "z": -0.004374016671880899, "w": 0.9999904334878181}, "length": 5.5, "width": 1.74, "height": 2.4485193815623827, "track_label_uuid": "b833d395-d72a-4a39-88ea-c6efde41aaa4", "timestamp": 315975351120284000, "label_class": "VEHICLE"}, {"center": {"x": 203.6927842599315, "y": -0.47710470923316395, "z": -2.1729811864814836}, "rotation": {"x": -5.4022316188905034e-05, "y": -3.9743861701163666e-05, "z": -0.006252897085112649, "w": 0.9999804481988924}, "length": 5.5, "width": 1.74, "height": 2.4485193815623827, "track_label_uuid": "b833d395-d72a-4a39-88ea-c6efde41aaa4", "timestamp": 315975351819668000, "label_class": "VEHICLE"}]}