{"label_class": "VEHICLE", "uuid": "f39135ad-19fd-42eb-acea-308dbaec3e96", "log_id": "64c12551-adb9-36e3-a0c1-e43a0e9f3845", "track_label_frames": [{"center": {"x": -94.88182067871094, "y": -5.309267997741699, "z": 0.5686412968451822}, "rotation": {"x": 0.0, "y": 0.0, "z": 0.010156597247958287, "w": 0.9999484204359457}, "length": 4.03, "width": 1.74, "height": 1.46, "track_label_uuid": "f39135ad-19fd-42eb-acea-308dbaec3e96", "timestamp": 315975345120394000, "label_class": "VEHICLE"}, {"center": {"x": -95.44224425200709, "y": -5.303401258591757, "z": 0.583369311727647}, "rotation": {"x": 2.315084980777782e-08, "y": 9.994865298039956e-06, "z": 0.01019328447074919, "w": 0.9999480470763471}, "length": 4.03, "width": 1.74, "height": 1.46, "track_label_uuid": "f39135ad-19fd-42eb-acea-308dbaec3e96", "timestamp": 315975345619386000, "label_class": "VEHICLE"}, {"center": {"x": -95.96531546228552, "y": -5.275642610285454, "z": 0.5764537108449548}, "rotation": {"x": -1.5919369612735475e-06, "y": 1.2028634528553785e-05, "z": 0.010340248117415286, "w": 0.9999465381317383}, "length": 4.03, "width": 1.74, "height": 1.46, "track_label_uuid": "f39135ad-19fd-42eb-acea-308dbaec3e96", "timestamp": 315975345919311000, "label_class": "VEHICLE"}]}