{"rotation": [0.3656260325018987, -0.006115737733568658, 0.00781781255923703, -0.9307089147073232], "translation": [3165.4417586819413, 1727.109758399304, 11.761602673054478]}