{"rotation": [0.36551080020757365, -0.006346857116314158, 0.008080220850983273, -0.9307503867135182], "translation": [3165.4451870439343, 1727.1046143532485, 11.76697220746806]}