{"rotation": [0.5178937387966316, -0.004591849861456114, -0.004891971128643439, -0.8554186453711263], "translation": [3151.022122931612, 1712.6822036904161, 11.938570578142684]}