{"rotation": [0.36613067818481165, -0.0027374448733346246, 0.003603920869677978, -0.9305524405652056], "translation": [3158.850632859669, 1721.0213237000771, 11.837841968144886]}