{"rotation": [0.3657155602540508, -0.0021694619732768768, 0.0038042057375778314, -0.9307163641204116], "translation": [3159.364113534933, 1721.4933809522333, 11.837684908188786]}