{"rotation": [0.36516430565315317, -0.005399417880229993, 0.004248316082630518, -0.9309177342675706], "translation": [3161.751967609388, 1723.6841736786037, 11.80382565930372]}