{"rotation": [0.3654275350954502, -0.00617122234071056, 0.008355315628157686, -0.930781833358193], "translation": [3165.389469230415, 1727.04110753863, 11.779672410756893]}