{"rotation": [0.4774866235847986, -0.006069950721578053, -0.0042085660223703195, -0.8786079717188218], "translation": [3151.5616328893952, 1713.5733232729544, 11.919059674415738]}