{"rotation": [0.36563985273941535, -0.006178244408439022, 0.007816201971837208, -0.9307030860438058], "translation": [3165.441641195326, 1727.1095750579686, 11.762012057334475]}