{"rotation": [0.36553148319255113, -0.006313141710120962, 0.008021399028216913, -0.9307430022269476], "translation": [3165.444646746711, 1727.1056980538865, 11.7655601748311]}