{"rotation": [0.36494347847217334, -0.0039143817872871545, 0.004037100333101486, -0.9310126943048382], "translation": [3161.4297376363293, 1723.3887246706531, 11.814010614169723]}