{"rotation": [0.3660629240730187, -0.00260960383580732, 0.003664168987704338, -0.9305792279287998], "translation": [3158.9306082639278, 1721.0940166671705, 11.834738021663895]}