{"rotation": [0.36546703412150267, -0.006368723789836909, 0.008135226831587456, -0.9307669441982348], "translation": [3165.446755059947, 1727.1028190300717, 11.76841469390013]}