{"rotation": [0.3657111253642426, -0.00596722650542063, 0.007638608291109844, -0.9306779339041124], "translation": [3165.4397570449864, 1727.1120756479647, 11.758298122678084]}