{"rotation": [0.3666851215693698, -0.0024793066306083153, 0.003436957597102898, -0.9303354566933174], "translation": [3158.454753659494, 1720.6574655145967, 11.838537659650015]}