{"rotation": [0.3659280489170823, -0.00582383389090061, 0.00737473321556666, -0.9305957013034973], "translation": [3165.435277969034, 1727.1185930994875, 11.757966620047076]}