{"rotation": [0.38398794810800635, -0.007643800865307761, -0.001082111720178452, -0.9233058307247711], "translation": [3154.0506140168854, 1716.4743659340002, 11.861451654434576]}