{"rotation": [0.36548151576416804, -0.006348179727866573, 0.008120098304754762, -0.9307615302817313], "translation": [3165.4464136075762, 1727.1032184311705, 11.76749935377306]}