{"rotation": [0.3683367088611383, -0.006782731773977054, 0.0017246068096989763, -0.9296661170476094], "translation": [3157.557827910379, 1719.8214185485406, 11.802794454982408]}