{"rotation": [0.3673586984432567, -0.004487544641737208, 0.002864534200211646, -0.930064106965203], "translation": [3158.0900672310718, 1720.320374603546, 11.821850083743703]}