{"rotation": [0.36567412061599175, -0.006030565392904763, 0.00766291978506176, -0.9306918660078269], "translation": [3165.43991571956, 1727.11184360908, 11.758654683998403]}