{"rotation": [0.3654681179641588, -0.008579376931596803, 0.00737969322416099, -0.9307550640050898], "translation": [3165.3678123911413, 1727.0206655493628, 11.77308669771724]}