{"rotation": [0.36600180303838004, -0.002509114703118983, 0.0036384876203201257, -0.9306036459867855], "translation": [3159.0201929307655, 1721.177401288363, 11.837713445650234]}