{"rotation": [0.36530849923468234, -0.006864876629139554, 0.004563543497353302, -0.9308500136576884], "translation": [3162.246427509013, 1724.138683765748, 11.796059235679673]}