{"rotation": [0.36545973419502426, -0.007875873682608045, 0.007593328374033959, -0.9307628562958676], "translation": [3165.4345306036807, 1727.0861844596664, 11.767178180529658]}