{"rotation": [0.365408130902199, -0.002001160013497946, 0.003996209937437269, -0.9308366793027109], "translation": [3159.70336876479, 1721.8051343966613, 11.835528957635749]}