{"rotation": [0.3650434711593413, -0.0021474875758730762, 0.0042981140493761555, -0.9309780763673595], "translation": [3160.084280049127, 1722.1541749556316, 11.833590071776802]}