{"rotation": [0.3660018015227986, -0.0025091119901385615, 0.003638486286611609, -0.9306036465953855], "translation": [3159.020194879521, 1721.1774030562515, 11.837713403199448]}