{"rotation": [0.36498284455580676, -0.004277232920221839, 0.004111724264799078, -0.9309953395060946], "translation": [3161.507337499973, 1723.459466099404, 11.810412755060382]}