{"rotation": [0.3683315487683489, -0.0033693888420549896, 0.0032691188112126627, -0.9296826502968305], "translation": [3157.5921385363395, 1719.852303709467, 11.82399499998506]}