{"rotation": [0.36672511700589544, -0.0027029567894706332, 0.0033829023330752277, -0.9303192670010718], "translation": [3158.382094060804, 1720.5904423154007, 11.837551983382465]}