{"rotation": [0.3654592046446396, -0.006909051834095666, 0.008018400128821369, -0.9307671781936853], "translation": [3165.4446045157606, 1727.0967822944274, 11.768317407090638]}