{"rotation": [0.36573148003797085, -0.005933429080970528, 0.007628788716571273, -0.9306702318819993], "translation": [3165.4373126734904, 1727.114920408628, 11.758136711163965]}