{"rotation": [0.3654564607997195, -0.008324127035413235, 0.007458751644666195, -0.9307613288017206], "translation": [3165.3734705227744, 1727.0260341911328, 11.773727199019142]}