{"rotation": [0.36555231001097394, -0.0058957379593487375, 0.0075414745388190174, -0.9307415726620015], "translation": [3165.4612602737357, 1727.1024714521739, 11.768268410634393]}