{"rotation": [0.365715560484215, -0.002169463875685023, 0.0038042028398399177, -0.9307163640373806], "translation": [3159.3641110716467, 1721.493378704201, 11.837684982232267]}