{"rotation": [0.3654305842408139, -0.00727389639651622, 0.007805347724866716, -0.930777446589422], "translation": [3165.3864335860844, 1727.0380723878104, 11.775975887629015]}