{"rotation": [0.3661737008673886, -0.0027213837327708552, 0.0036162496491421903, -0.9305355111988658], "translation": [3158.8106002376194, 1720.9830377313074, 11.835996783558905]}