{"rotation": [0.36569086244683013, -0.008028341714964209, 0.005421240544350755, -0.9306859561652155], "translation": [3163.371098570049, 1725.1744548598347, 11.774993346275732]}