{"rotation": [0.3655340548780388, -0.0063227951066436045, 0.008034417933750957, -0.9307418144227346], "translation": [3165.4444731062054, 1727.10592119427, 11.765818694675405]}