{"rotation": [0.3658289147847679, -0.00859727004494397, 0.006114963632805909, -0.9306223182768307], "translation": [3163.8221356838, 1725.590193805975, 11.765519463236432]}