{"rotation": [0.3657236408662482, -0.005919238123944755, 0.007547048808118876, -0.9306740692561792], "translation": [3165.437397385609, 1727.1153743766556, 11.757542480243504]}