{"rotation": [0.36732269521958816, -0.003965996936704696, 0.0031398325801102445, -0.9300798083478022], "translation": [3158.1283655679626, 1720.3542669795504, 11.82795845849515]}