{"rotation": [0.5058724477640789, -0.0048460233348445675, -0.004833544637171778, -0.8625811379210989], "translation": [3151.1686881298633, 1712.941190036259, 11.930043508162354]}