{"rotation": [0.36734865952372436, -0.004280593819031689, 0.002978587437477116, -0.9300686893340495], "translation": [3158.1125247296372, 1720.3404172545186, 11.827201418334417]}