{"rotation": [0.36578169595058646, -0.00846600764878808, 0.006161868605242406, -0.9306417726479373], "translation": [3164.2216690519795, 1725.9596496859724, 11.759870207145973]}