{"rotation": [0.36608448040373115, -0.005544043833542433, 0.007179735350718704, -0.9305374082678223], "translation": [3165.4397680255865, 1727.116837317609, 11.762475307887858]}