{"rotation": [0.3682980614165227, -0.005320593039139983, 0.0022409375186504864, -0.9296898447576916], "translation": [3157.5773443511603, 1719.8388569905715, 11.807717374394405]}