{"rotation": [0.3656852048880703, -0.006058340827028124, 0.007670043662478546, -0.9306872717850015], "translation": [3165.4409263852276, 1727.1103275020685, 11.759266325001745]}