{"rotation": [0.36546909241592457, -0.0067344148269512325, 0.008100219617801194, -0.9307638672551499], "translation": [3165.379467782917, 1727.0340551647676, 11.760965016931674]}