{"rotation": [0.576448327297317, -0.005776709868259996, -0.004595372172061396, -0.8171002619836953], "translation": [3150.466079300601, 1711.4630541409265, 11.949355845893608]}