{"rotation": [0.36610431983447694, -0.0055389582536923936, 0.007144555683126898, -0.9305299040138848], "translation": [3165.4412733142494, 1727.116379279042, 11.763899312340795]}