{"rotation": [0.3651060507327783, -0.005105919249512617, 0.0041529022332211524, -0.9309426699372915], "translation": [3161.6733504257945, 1723.6119799776968, 11.807491780221344]}