{"rotation": [0.36568949674749746, -0.002147211722145906, 0.0038737981458401944, -0.9307263696373428], "translation": [3159.4173050034074, 1721.5439389061198, 11.839558917094845]}