{"rotation": [0.3658184685084474, -0.005759106257084504, 0.007405150990411141, -0.9306389442378086], "translation": [3165.45733549249, 1727.1064228070506, 11.769614374220694]}