{"rotation": [0.3656371104470357, -0.00779727769537917, 0.00527125946851745, -0.9307099009616794], "translation": [3163.1588381930546, 1724.9790770296227, 11.776718528790463]}