{"rotation": [0.36529299934789267, -0.006444307882395469, 0.004323373166110325, -0.9308602494294211], "translation": [3162.081816437735, 1723.9875245735307, 11.797407033025843]}