{"rotation": [0.6029121167802888, -0.007497799566012892, -0.004704963955671098, -0.7977585008982074], "translation": [3150.2775869443503, 1710.8931279783465, 11.946256264798064]}