{"rotation": [0.3647572213253244, -0.002659282869699329, 0.004300784060082297, -0.931088932896378], "translation": [3160.64531366946, 1722.6692708009791, 11.82363760032251]}