{"rotation": [0.36543888748302955, -0.005585050712330208, 0.008658554439271481, -0.9307783066653029], "translation": [3165.3941056406748, 1727.0464017999047, 11.782148260077202]}