{"rotation": [0.3656651775901454, -0.006235087347414154, 0.007839412601978962, -0.9306925621244609], "translation": [3165.4418887757515, 1727.1096238020746, 11.762480592990837]}