{"rotation": [0.3649828438320251, -0.0042772166928207725, 0.004111724083729651, -0.9309953398651948], "translation": [3161.5073343958784, 1723.4594632709488, 11.810412823381016]}