{"rotation": [0.36857212739925016, -0.009694861886704683, 0.00047500636275364606, -0.9295484769103459], "translation": [3157.490909158801, 1719.7583782361885, 11.797547044740204]}