{"rotation": [0.3683209214357104, -0.0030317544602416666, 0.003400090420244991, -0.9296875532579623], "translation": [3157.5885963620235, 1719.850276007487, 11.824546775702073]}