{"rotation": [0.36474190617067914, -0.0024415779296659227, 0.004362446587515347, -0.9310952419811649], "translation": [3160.7890419917676, 1722.8018730876581, 11.818408737889749]}