{"rotation": [0.36564162820341894, -0.0062525777560433074, 0.007878360445449348, -0.9307013680192209], "translation": [3165.4423697154707, 1727.1093055124054, 11.762886800312437]}