{"rotation": [0.36611029910603277, -0.005545138285351278, 0.007183241172915377, -0.9305272168916605], "translation": [3165.438558865181, 1727.1181030146186, 11.76220721426875]}