{"rotation": [0.45666841540788033, -0.0069648722935722095, -0.003988799726090654, -0.8896007747296172], "translation": [3151.9045741784694, 1714.0593268767077, 11.912951123097093]}