{"rotation": [0.3655062958811789, -0.006337835452140257, 0.008067955131710353, -0.9307523234529123], "translation": [3165.444692264676, 1727.1052492534027, 11.766548659711182]}