{"rotation": [0.3714328403876996, -0.012340316159498455, -0.0005447377701541029, -0.9283776521111283], "translation": [3156.1608709446864, 1718.4988557805646, 11.80404136912177]}