{"rotation": [0.3671696018441514, -0.003442136906677395, 0.00339357544047894, -0.9301414509744488], "translation": [3158.1797143535473, 1720.4018673536823, 11.83232573004049]}