{"rotation": [0.3653585230335259, -0.00714716646309674, 0.004643727420130666, -0.9308278591952204], "translation": [3162.485606152539, 1724.3590800919776, 11.791445135514913]}