{"rotation": [0.3731314557134074, -0.009647584937372075, 0.00039855512394661055, -0.9277282371556246], "translation": [3155.255270357205, 1717.636037634892, 11.827619967079775]}