{"rotation": [0.36830727683611497, -0.005407429543069361, 0.0022131750669982663, -0.9296857594861959], "translation": [3157.575169185027, 1719.836273878776, 11.807551289229115]}