{"rotation": [0.4019363805884485, -0.006719801594774428, -0.0029236039818872693, -0.9156382706974091], "translation": [3153.2380084179235, 1715.642639634953, 11.88168103956627]}