{"rotation": [0.3656155185028128, -0.006268907491778143, 0.00791799324568198, -0.9307111790516649], "translation": [3165.442490737949, 1727.1086038948004, 11.763208913214934]}