{"rotation": [0.36477429076776685, -0.002535516274767966, 0.004016002731608884, -0.9310838628577733], "translation": [3161.1068252680893, 1723.0930011201422, 11.819010748539263]}