{"rotation": [0.36558436031050806, -0.00933945709917112, 0.006638115493049128, -0.9307076799189691], "translation": [3164.6989510879653, 1726.400291929229, 11.757717197933017]}