{"rotation": [0.36548420508461954, -0.006361371970470103, 0.008130765902108988, -0.930760291066482], "translation": [3165.446253846379, 1727.1033253423159, 11.767983354744796]}