{"rotation": [0.36547494719406826, -0.008826781506985322, 0.007314724347530076, -0.9307505819012099], "translation": [3165.3444546571936, 1726.9990229206046, 11.765797924441658]}