{"rotation": [0.3654465802377854, -0.00658030020013901, 0.008134098652133293, -0.9307735133107846], "translation": [3165.4473229696396, 1727.0993475723876, 11.768809783946478]}