{"rotation": [0.36613098378061165, -0.0055271577394709805, 0.007148485320747533, -0.9305194529942851], "translation": [3165.4418641112725, 1727.116703278274, 11.76492533996805]}