{"rotation": [0.36582698514826767, -0.008727458443366996, 0.006246973882541358, -0.9306209882244003], "translation": [3163.9429711201983, 1725.7017456867834, 11.764423508666216]}