{"rotation": [0.37385430223417615, -0.00879963852437713, 0.0001583054595188065, -0.9274456868206457], "translation": [3155.0629132280706, 1717.452611093989, 11.836356024377023]}