{"rotation": [0.6161572808291649, -0.007539393640209963, -0.004965031479940276, -0.7875714007549733], "translation": [3150.1949750076483, 1710.6023334970794, 11.949416815578346]}