{"rotation": [0.37495286871270367, -0.008225768202120865, -4.4022191979784385e-05, -0.9270073791743223], "translation": [3154.864977496785, 1717.2637234549688, 11.842585475597682]}