{"rotation": [0.36782696080857397, -0.005100297490512716, 0.0025365602384223042, -0.9298768088999709], "translation": [3157.7528270579946, 1720.0035006307135, 11.816147011954]}