{"rotation": [0.3654682906422061, -0.007634528683105573, 0.007703309285989634, -0.9307606037713969], "translation": [3165.438585534227, 1727.0903944639147, 11.768048386741786]}