{"rotation": [0.3654597464519711, -0.006720108860880265, 0.00809013254141387, -0.9307677280694799], "translation": [3165.446140286694, 1727.098302191768, 11.768611583660732]}