{"rotation": [0.36545645856515757, -0.008324115303900965, 0.007458755314633671, -0.9307613297546139], "translation": [3165.373470739206, 1727.0260343898933, 11.773727204323952]}