{"rotation": [0.37117886017918145, -0.012062971259750992, -0.000446637796949972, -0.9284829233729334], "translation": [3156.3123820825945, 1718.6438499234396, 11.797729162250299]}