{"rotation": [0.3682980556254169, -0.00303263728225856, 0.0033884278290558273, -0.9296966515431251], "translation": [3157.5873628222794, 1719.8501650151338, 11.82412086454364]}