{"rotation": [0.3687217543509965, -0.010581626934152282, -8.675749696363936e-05, -0.9294795799332477], "translation": [3157.4234439798856, 1719.6959770885721, 11.791947211620679]}