{"rotation": [0.36884579246284127, -0.010927136607876484, -0.000330880669514739, -0.9294263120796581], "translation": [3157.36950755034, 1719.644906337684, 11.791445937826797]}