{"rotation": [0.3653188185838586, -0.006928614949612205, 0.00465747731903383, -0.9308450263005097], "translation": [3162.3240907766185, 1724.2104172900947, 11.792609961032994]}