{"rotation": [0.36544658046461237, -0.006580290058106159, 0.00813410001305136, -0.9307735132815342], "translation": [3165.4473230550184, 1727.0993476472504, 11.768809793518802]}