{"rotation": [0.3676196632944668, -0.008107297430519753, 0.001339987770700903, -0.9299399224253201], "translation": [3157.839657281678, 1720.0870611340704, 11.803818721120345]}