{"rotation": [0.3654255386525684, -0.006456055585504123, 0.00822263635185054, -0.9307818666573723], "translation": [3165.389835085191, 1727.0414318452033, 11.779255385885733]}