{"rotation": [0.3654303643699902, -0.005063438919744676, 0.00893641232608822, -0.9307820104178316], "translation": [3165.3913430953767, 1727.0431676748465, 11.784099702623406]}