{"rotation": [0.524112713998028, -0.004287938213226347, -0.005283009118498318, -0.8516217273098161], "translation": [3150.9533344038173, 1712.5507746759383, 11.93966721370118]}