{"rotation": [0.3654971091981528, -0.006355481042167103, 0.00810542163445165, -0.9307554851671002], "translation": [3165.445856905358, 1727.103899657961, 11.767246895893102]}