{"rotation": [0.36611030020172136, -0.005545137035649747, 0.007183240570083783, -0.9305272164726692], "translation": [3165.438558847081, 1727.1181030427517, 11.762207259559121]}