{"rotation": [0.3647419066823745, -0.0024415819004277033, 0.004362450246618906, -0.9310952417531599], "translation": [3160.7890391744136, 1722.8018705094853, 11.818408764496906]}