{"rotation": [0.3674686932318723, -0.0065043983065504974, 0.0019456747353317715, -0.9300111110341394], "translation": [3157.985205167771, 1720.224183131298, 11.815050909747907]}