{"rotation": [0.36570081605459, -0.005989075673563892, 0.007646804789146651, -0.9306817772397287], "translation": [3165.4389495884984, 1727.1128886928943, 11.75829202912519]}