{"rotation": [0.36564163237429853, -0.006252578131172048, 0.007878359474016673, -0.9307013663863238], "translation": [3165.4423696774725, 1727.1093055778783, 11.762886794369779]}