{"rotation": [0.3660518738990111, -0.005576939546433361, 0.007169769063671156, -0.9305501156691623], "translation": [3165.44280234731, 1727.1136880975216, 11.762636858632566]}