{"rotation": [0.3649828460308552, -0.0042772659912543864, 0.004111724633813981, -0.9309953387742567], "translation": [3161.5073438260406, 1723.4594718637225, 11.810412615824285]}