{"rotation": [0.3654368455929478, -0.005961597531071761, 0.007611660344539529, -0.9307859226829513], "translation": [3165.4618959278073, 1727.1016388403511, 11.76807495567534]}