{"rotation": [0.4667970819928429, -0.006502028402433237, -0.0042804256009079346, -0.884330190498038], "translation": [3151.7287456438753, 1713.8168021833249, 11.91655134731857]}