{"rotation": [0.3824201773657632, -0.007660978371160914, -0.0010616365759863419, -0.9239561625324632], "translation": [3154.1540011478874, 1716.5762279684302, 11.859506832637265]}