{"rotation": [0.36935046956963064, -0.01114653693674723, -0.0005635764775892555, -0.9292231528134484], "translation": [3157.1937124142055, 1719.481838376417, 11.790440870003584]}