{"rotation": [0.3655314848996165, -0.006313142438614597, 0.008021398588795957, -0.9307430015553761], "translation": [3165.444646733967, 1727.1056980656203, 11.765560186168594]}