{"rotation": [0.3659695329577403, -0.002439388181898049, 0.0035991541177161834, -0.9306166753404048], "translation": [3159.065861881454, 1721.2189243585237, 11.836990557838229]}