{"rotation": [0.3655788846838277, -0.006292033436425664, 0.007955107186338172, -0.9307250967166499], "translation": [3165.443430589925, 1727.10712059385, 11.764885621097264]}