{"rotation": [0.3681596251198453, -0.0019372901625736043, 0.003971687822061372, -0.9297520976229551], "translation": [3157.636034542778, 1719.8953812918855, 11.828679492375064]}