{"rotation": [0.36572690293150356, -0.005919751152710831, 0.0076156602167402965, -0.9306722251888061], "translation": [3165.438084141999, 1727.1141810838733, 11.758145088735981]}