{"rotation": [0.3656906708611516, -0.006104138284359686, 0.007730194029185928, -0.9306843271707101], "translation": [3165.441228006329, 1727.1100209721649, 11.759829069840121]}