{"rotation": [0.36813193540390143, -0.0016336337593756344, 0.00409691767280525, -0.9297631013554476], "translation": [3157.646820378077, 1719.9047477040237, 11.829719763898034]}