{"rotation": [0.36546953214280675, -0.008533694470802374, 0.00741760003792983, -0.9307546273554992], "translation": [3165.354155864398, 1727.0081450779373, 11.766285526796803]}