{"rotation": [0.3656651822208486, -0.006235083670185477, 0.007839415250976338, -0.9306925603073993], "translation": [3165.441888908205, 1727.1096237012123, 11.76248064148125]}