{"rotation": [0.3654434200942431, -0.008059846183109296, 0.00754400776527213, -0.9307680879446635], "translation": [3165.378034585521, 1727.0302440862406, 11.774664185050707]}