{"rotation": [0.3659480832604549, -0.005671092744482817, 0.007318039907157467, -0.9305892140772962], "translation": [3165.4545361447567, 1727.108686471393, 11.769938524470215]}