{"rotation": [0.3773729525438483, -0.007818434436788434, -0.0006954075559810913, -0.9260281006425384], "translation": [3154.5615102555803, 1716.9728716067, 11.849010155198776]}