{"rotation": [0.4214758377411214, -0.005811567240449614, -0.004818233201369284, -0.9068082093339511], "translation": [3152.6438703835306, 1714.9853939427223, 11.897336442740125]}