{"rotation": [0.36531881819150464, -0.006928612773156577, 0.004657476312578219, -0.9308450264757286], "translation": [3162.324088747055, 1724.210415417259, 11.79261001757097]}