{"rotation": [0.36530850264777887, -0.006864825062485623, 0.004563494784025468, -0.930850012937345], "translation": [3162.246402036298, 1724.1386603812361, 11.796059423875656]}