{"rotation": [0.39171211815199436, -0.007156587825625664, -0.0015000477781454313, -0.9200587750791986], "translation": [3153.6445117433896, 1716.0652370532762, 11.873094004236854]}