{"rotation": [0.3666811168018148, -0.0025429519888625677, 0.0034794382385978937, -0.9303367054382515], "translation": [3158.48126266465, 1720.6812386654183, 11.83807512404854]}