{"rotation": [0.3652842834604654, -0.0063305967679112155, 0.004235380481742689, -0.9308648545054816], "translation": [3162.006100626259, 1723.917846541876, 11.803629601643912]}