{"rotation": [0.3661043191843826, -0.00553895873386496, 0.007144556499535151, -0.9305299042605291], "translation": [3165.441273348523, 1727.1163792434402, 11.763899314859819]}