{"rotation": [0.368298062632512, -0.005320591554696634, 0.002240937617090202, -0.9296898442842337], "translation": [3157.5773444123715, 1719.8388570307864, 11.807717404704318]}