{"rotation": [0.3656403252830762, -0.009251125797284276, 0.0064345313230833616, -0.9306880068019687], "translation": [3164.4744795264414, 1726.1929074976415, 11.756903535428114]}