{"rotation": [0.3660518740060134, -0.005576939395699644, 0.007169769132109759, -0.9305501156274468], "translation": [3165.4428023377427, 1727.1136881078062, 11.762636857839452]}