{"rotation": [0.3673740637887139, -0.00550574162020899, 0.0024333118342187337, -0.930053795787155], "translation": [3158.0391079168076, 1720.2728928701406, 11.817436490293336]}