{"rotation": [0.36546764016097527, -0.008106771086532315, 0.007503776122266491, -0.9307584958525092], "translation": [3165.4297357941573, 1727.0817080191762, 11.766856719613422]}