{"rotation": [0.36551588904930404, -0.009357521804619044, 0.006440656552107171, -0.9307357786081669], "translation": [3164.955872219238, 1726.6385699768393, 11.756398546190713]}