{"rotation": [0.36545156936989115, -0.006404729333701203, 0.008186928517905617, -0.9307723159230126], "translation": [3165.448221778081, 1727.100866836584, 11.76907432107424]}