{"rotation": [0.3654227575823237, -0.005878998114512915, 0.008524617231110613, -0.9307840654647903], "translation": [3165.388983696969, 1727.0409135428238, 11.780484056368243]}