{"rotation": [0.5367135245103362, -0.004191534558899504, -0.005492012762206296, -0.8437362511126059], "translation": [3150.8180063530403, 1712.2848340037435, 11.945689857579664]}