{"rotation": [0.36643721194120543, -0.002836728904047611, 0.0036926738488423216, -0.9304311295489458], "translation": [3158.6348991047516, 1720.8239408969393, 11.841899614106618]}