{"rotation": [0.36567646005492654, -0.002131321888807743, 0.0038720571372159616, -0.9307315355150647], "translation": [3159.474250600433, 1721.5959212793816, 11.840024777151934]}