{"rotation": [0.36547907131056884, -0.008130478368792117, 0.007484951567625149, -0.9307539520493529], "translation": [3165.402742175786, 1727.0565871432605, 11.7563146724945]}