{"rotation": [0.3676196689647618, -0.008107305616697032, 0.0013399909703266653, -0.9299399201077864], "translation": [3157.8396538843745, 1720.0870580918888, 11.803818663527455]}