{"rotation": [0.36712739904195174, -0.003426493225560113, 0.0034322800472132878, -0.9301580249992709], "translation": [3158.206228953142, 1720.4267472263846, 11.827680661234183]}