{"rotation": [0.365828914645797, -0.008597271601512068, 0.006114964247073085, -0.9306223183130442], "translation": [3163.822136598026, 1725.5901946523002, 11.765519458285354]}