{"rotation": [0.36893476827009763, -0.011010393516784386, -0.0004285114936911554, -0.9293899743240158], "translation": [3157.339342035421, 1719.6173550741148, 11.791310223573387]}