{"rotation": [0.3654294408892974, -0.004980894878644268, 0.008954858157045066, -0.9307826410784263], "translation": [3165.3911412813236, 1727.0430353972101, 11.783756762472523]}