{"rotation": [0.37143284218864553, -0.012340317256540435, -0.0005447359655675854, -0.9283776513770678], "translation": [3156.160869695119, 1718.4988546071415, 11.804041376072158]}