{"rotation": [0.3683042807857522, -0.005334209002307417, 0.002230236846349109, -0.929687328628727], "translation": [3157.57940361729, 1719.8400753888084, 11.808662780982047]}