{"rotation": [0.365509960696693, -0.006332247702173893, 0.008065098218156172, -0.930750947064397], "translation": [3165.445372512283, 1727.1044393709112, 11.766511818157527]}