{"rotation": [0.3756414122254052, -0.008066612487809452, -0.0002174895595257537, -0.9267299562885438], "translation": [3154.7645319171766, 1717.1678070766632, 11.845113364076207]}