{"rotation": [0.36595019054869593, -0.005684495525312884, 0.0072703310161354485, -0.9305886775772161], "translation": [3165.4528497181386, 1727.107665798034, 11.768134519806566]}