{"rotation": [0.3657192707373486, -0.005918784163998626, 0.007589404533631093, -0.9306754450097987], "translation": [3165.439165050409, 1727.1133412271931, 11.758157395344465]}