{"rotation": [0.3654783547860095, -0.009178430821648232, 0.0072003783279616165, -0.9307467341562355], "translation": [3165.325787178264, 1726.9815360408572, 11.76506110384567]}