{"rotation": [0.36692452139776166, -0.0033278719370116857, 0.003298611907978694, -0.9302389155614137], "translation": [3158.3103829214597, 1720.5235565679677, 11.832260466215624]}