{"rotation": [0.36571112424035457, -0.00596723098783081, 0.007638611303745632, -0.9306779342922793], "translation": [3165.4397569457105, 1727.1120757444758, 11.758298118964408]}