{"rotation": [0.36826831274157423, -0.0054610258608698385, 0.002228169809159079, -0.929700845587613], "translation": [3157.5810648864594, 1719.8428025087278, 11.808225377965366]}