{"rotation": [0.3654917084735929, -0.007744641602393132, 0.007649545959975203, -0.9307509419872273], "translation": [3165.388940636505, 1727.0435683533974, 11.756576087644644]}