{"rotation": [0.36563397281259447, -0.0020895555269136484, 0.003859938822721227, -0.9307483723086836], "translation": [3159.531668325306, 1721.6482802352505, 11.839844741550086]}