{"rotation": [0.36815962668735197, -0.001937300889968511, 0.003971680411452683, -0.9297520970115639], "translation": [3157.636034172995, 1719.8953809721147, 11.82867944858634]}