{"rotation": [0.3660017987830937, -0.002509107085904724, 0.0036384838756769837, -0.930603647695547], "translation": [3159.0201984022688, 1721.1774062520508, 11.837713326461518]}