{"rotation": [0.3685283463659124, -0.009266042155864282, 0.0006963841442208716, -0.9295700691377147], "translation": [3157.5071437494335, 1719.7728768532886, 11.798658373554357]}