{"rotation": [0.36836100762488055, -0.007188450893981598, 0.0015636720091229094, -0.9296537254081089], "translation": [3157.5510878908754, 1719.8158046359106, 11.800957656536436]}