{"rotation": [0.3657312383053946, -0.008640507510725747, 0.006228347948085399, -0.9306595567872268], "translation": [3164.2772693883053, 1726.009986053891, 11.76090230863855]}