{"rotation": [0.36608447956175516, -0.005544044240639543, 0.007179735020663779, -0.9305374085991868], "translation": [3165.43976808034, 1727.1168372598909, 11.762475312294747]}