{"rotation": [0.3656154819167038, -0.006268931476875319, 0.00791804420709386, -0.9307111928288437], "translation": [3165.4424917584843, 1727.1086027838344, 11.763209396486644]}