{"rotation": [0.36557888153233953, -0.006292031707274808, 0.007955111045237339, -0.9307250979332277], "translation": [3165.443430509983, 1727.1071206835443, 11.764885588199077]}