{"rotation": [0.36825758025577154, -0.005473588138465299, 0.0022343697990835055, -0.9297050080582848], "translation": [3157.581297943219, 1719.842846530891, 11.808330815108034]}