{"rotation": [0.36477429308187564, -0.002535496088500192, 0.004016008246911002, -0.9310838619823479], "translation": [3161.1068150537035, 1723.0929918049496, 11.819010652232784]}