{"rotation": [0.3654971088635423, -0.006355481370512251, 0.008105421716351362, -0.9307554852955426], "translation": [3165.4458569039534, 1727.1038996584052, 11.767246899914536]}