{"rotation": [0.3651462935040457, -0.0020338027062141, 0.0043161083006794145, -0.9309379244589547], "translation": [3159.95078863706, 1722.0324950563986, 11.834494689913361]}