{"rotation": [0.3656884315270517, -0.006002054094709689, 0.0076531809919930475, -0.9306865074850031], "translation": [3165.438474066142, 1727.1133997604068, 11.758336577030368]}