{"rotation": [0.3660304158316241, -0.005659911697082526, 0.007278405681000416, -0.9305572120490241], "translation": [3165.4387148537344, 1727.1165463895509, 11.760239284920225]}