{"rotation": [0.36550271569290715, -0.005926686694270965, 0.007550694905702219, -0.9307607781875958], "translation": [3165.4615523698485, 1727.1020034176954, 11.76813432711008]}