{"rotation": [0.36782696589638914, -0.005100220095299281, 0.0025365861949704113, -0.9298768072411052], "translation": [3157.752825792199, 1720.003499502555, 11.816147257246977]}