{"rotation": [0.3655438342954816, -0.0063135302555079225, 0.008019289863714685, -0.9307381670128029], "translation": [3165.4440555155334, 1727.1065124638133, 11.765490562734426]}