{"rotation": [0.3682837969931334, -0.005410023989700373, 0.002204869765326141, -0.9296950656328501], "translation": [3157.5810220974095, 1719.840791667132, 11.809332507017839]}