{"rotation": [0.36550996069478114, -0.006332247732787513, 0.008065098006596818, -0.9307509470667726], "translation": [3165.4453725134567, 1727.1044393691448, 11.766511815605785]}