{"rotation": [0.3689347742861043, -0.011010395271324252, -0.00042851628600178214, -0.9293899719128796], "translation": [3157.3393404820768, 1719.6173536581523, 11.791310221467302]}