{"rotation": [0.37495286121705035, -0.008225770122240293, -4.402108016876056e-05, -0.9270073821891539], "translation": [3154.864978638589, 1717.26372453958, 11.842585450330347]}