{"rotation": [0.36692478783919424, -0.0033292236722003063, 0.003298586735904927, -0.9302388057184288], "translation": [3158.310241134241, 1720.5234313761114, 11.832257029565117]}