{"rotation": [0.365639358609746, -0.006111877365603707, 0.007791560043003403, -0.9307039249850716], "translation": [3165.442310715757, 1727.108875667168, 11.76114913186629]}