{"rotation": [0.365527588803322, -0.009350919080028535, 0.006597678230289817, -0.9307301503539884], "translation": [3165.016211026249, 1726.6942139870405, 11.755378075149677]}