{"rotation": [0.36549812327474157, -0.008048064363128991, 0.007529075413948523, -0.9307468310803212], "translation": [3165.3956256995616, 1727.0499453540153, 11.756111583769009]}