{"rotation": [0.3656845171806291, -0.006082119754975347, 0.007716728281244369, -0.930687000993508], "translation": [3165.4415863470917, 1727.1093602687229, 11.759660156656667]}