{"rotation": [0.3670688774106918, -0.0037199158838187663, 0.0032709331908951497, -0.930180575188674], "translation": [3158.2699425912356, 1720.4852829729814, 11.832101533014347]}