{"rotation": [0.3654388859748286, -0.005585068733621605, 0.008658546382212846, -0.9307783072242627], "translation": [3165.394105670203, 1727.0464018330779, 11.782148141091426]}