{"rotation": [0.36555230585194615, -0.005895739042378314, 0.007541476205110398, -0.9307415742751138], "translation": [3165.4612603069504, 1727.1024714081632, 11.768268400954911]}