{"rotation": [0.3992228367393772, -0.006830057150184045, -0.002358494425589504, -0.9168254547345064], "translation": [3153.3379955830214, 1715.748317237893, 11.878337085761114]}