{"rotation": [0.37072474876800793, -0.011398914480840145, -0.0002505867082177247, -0.9286727963097969], "translation": [3156.6009986783047, 1718.9180456258814, 11.79642765375039]}