{"rotation": [0.36568669491712913, -0.006064956247644845, 0.007683323774918589, -0.93068653369546], "translation": [3165.4406884673563, 1727.1105323178183, 11.759398799380765]}