{"rotation": [0.36579002696229707, -0.00588906731193773, 0.007475746298592495, -0.9306487459178121], "translation": [3165.4350727252727, 1727.117667571937, 11.756925843362417]}