{"rotation": [0.3656398548049092, -0.006178245436716185, 0.007816203847583044, -0.9307030852097685], "translation": [3165.4416412061496, 1727.1095750519694, 11.762012064211733]}