{"rotation": [0.36598703464611526, -0.005774637463035284, 0.0073382772958934216, -0.9305730996109024], "translation": [3165.434178653431, 1727.11961008029, 11.758512094756098]}