{"rotation": [0.374360505836358, -0.008451757190183023, 2.2994941391816707e-05, -0.9272447244075197], "translation": [3154.9633446035664, 1717.3580343153515, 11.838953734689445]}