{"rotation": [0.36550784569034744, -0.00933140591233755, 0.006433523110503068, -0.9307392488677412], "translation": [3164.9227133502304, 1726.6077693965387, 11.756354703982002]}