{"rotation": [0.36558065923634, -0.006291959798647884, 0.007957838397791439, -0.9307243768389489], "translation": [3165.4433989491417, 1727.107155342891, 11.764797819159096]}