{"rotation": [0.3654385573660296, -0.0064901369366835516, 0.008169968613494566, -0.9307769821636291], "translation": [3165.447735976141, 1727.1004051030568, 11.769314299689109]}