{"rotation": [0.3707247524078903, -0.011398919657882665, -0.00025058937917370736, -0.9286727947924956], "translation": [3156.6009965347753, 1718.9180436105428, 11.796427643770329]}