{"rotation": [0.3654688330575214, -0.007533891447938616, 0.004787960181190804, -0.9307807733191138], "translation": [3162.8686695731144, 1724.7119161419062, 11.782803437601286]}