{"rotation": [0.36607257626890033, -0.005553622749913363, 0.0071667349062675585, -0.9305421345049267], "translation": [3165.4412410685127, 1727.115316623894, 11.762532417526637]}