{"rotation": [0.3669245231576413, -0.0033278808653834395, 0.003298611741714173, -0.9302389148358936], "translation": [3158.310381984939, 1720.5235557410604, 11.832260443514542]}