{"rotation": [0.37243567788433796, -0.011179854147997714, 9.46555853993573e-05, -0.9279906614510641], "translation": [3155.5421294371167, 1717.910020579636, 11.818143903238045]}