{"rotation": [0.3654308338543481, -0.005582938653123936, 0.008685749991825422, -0.9307812279003004], "translation": [3165.38844785833, 1727.0405109137373, 11.780926965427154]}