{"rotation": [0.3654590002316056, -0.006381197989299712, 0.008141726743323077, -0.9307699564057564], "translation": [3165.447400532392, 1727.1020824718664, 11.768592828051151]}