{"rotation": [0.41439702789135907, -0.005813708799038044, -0.004675809709189744, -0.9100656244845048], "translation": [3152.8364828583935, 1715.205331689722, 11.890907915748844]}