{"rotation": [0.36637689566102327, -0.002739681193400613, 0.0037579154577658167, -0.9304549116126812], "translation": [3158.662403258386, 1720.8485299387585, 11.837039165303128]}