{"rotation": [0.3895109264556817, -0.007329179684330473, -0.0013018471123783792, -0.9209917624446418], "translation": [3153.745027283027, 1716.1677853550345, 11.870469478431588]}