{"rotation": [0.36543571389196655, -0.004993925519646162, 0.00892678982564907, -0.930780378039622], "translation": [3165.3910822985504, 1727.0431283099042, 11.782760060590745]}