{"rotation": [0.37083970680795614, -0.011529099785435929, -0.00026128482805867054, -0.9286252868853859], "translation": [3156.530035350918, 1718.8513578191064, 11.794786288697674]}