{"rotation": [0.3656883586249052, -0.0060020454822272504, 0.00765321511627673, -0.9306865359048856], "translation": [3165.4384764154934, 1727.1133972549853, 11.758336978759267]}