{"rotation": [0.36547856877388735, -0.0020194334793025596, 0.00395934547022394, -0.9308091432935438], "translation": [3159.6441912253367, 1721.7512748862312, 11.837076394240523]}