{"rotation": [0.3654591875003314, -0.006908390813833901, 0.008018674646140525, -0.9307671874668124], "translation": [3165.444608282838, 1727.0967869479146, 11.768316926317185]}