{"rotation": [0.36569086454174654, -0.008028336118536327, 0.005421247039905095, -0.9306859553525078], "translation": [3163.371089908665, 1725.1744469686212, 11.774993614034942]}