{"rotation": [0.6095054434576774, -0.00761527667799846, -0.004935548873641763, -0.7927299428644623], "translation": [3150.23556756375, 1710.7501533263558, 11.948409682751105]}