{"rotation": [0.3655396699054893, -0.009225779842923327, 0.006585055931530676, -0.9307267438674224], "translation": [3164.7749401661476, 1726.4713150709072, 11.754725166198563]}