{"rotation": [0.3655978011696714, -0.007718216828648021, 0.005093588852643552, -0.9307269912608571], "translation": [3163.0881851319646, 1724.9141978683417, 11.778046417266752]}