{"rotation": [0.368305730262762, -0.005311231105677226, 0.002241558347841925, -0.9296868587303625], "translation": [3157.577730391432, 1719.839110617353, 11.807908534084753]}