{"rotation": [0.36554383192737344, -0.006313529656573019, 0.008019293935944475, -0.9307381679118444], "translation": [3165.4440555532074, 1727.10651242826, 11.765490590161578]}