{"rotation": [0.36829795634262547, -0.00297043013261335, 0.003468442454727693, -0.9296965966408671], "translation": [3157.597225697229, 1719.858112587482, 11.820732746451997]}