{"rotation": [0.36587965368420383, -0.005864749111543305, 0.007407875408445997, -0.9306142096055264], "translation": [3165.4365097246364, 1727.1168341664131, 11.757427637101792]}