{"rotation": [0.36544658036416994, -0.006580294549152966, 0.008134099410416087, -0.9307735132944869], "translation": [3165.4473230172125, 1727.0993476141002, 11.768809789280024]}