{"rotation": [0.36829805560687506, -0.003032637330400983, 0.0033884277532195643, -0.9296966515505897], "translation": [3157.587362822163, 1719.8501650135913, 11.824120864216264]}