{"rotation": [0.36692452546748333, -0.003327892583871365, 0.0032986115234919875, -0.9302389138836482], "translation": [3158.3103807557527, 1720.5235546557465, 11.832260413719434]}