{"rotation": [0.4252609734571913, -0.005852903483561454, -0.004799577558829872, -0.9050391218230905], "translation": [3152.5476731467566, 1714.8730220637956, 11.90117042351478]}