{"rotation": [0.36611029972456666, -0.005545137579874608, 0.007183240832607217, -0.930527216655133], "translation": [3165.4385588549617, 1727.1181030305, 11.76220723983589]}