{"rotation": [0.36775685248435125, -0.00625896762465206, 0.002069814959953489, -0.9298986173992885], "translation": [3157.7735879942984, 1720.0247269583463, 11.812607035538992]}