{"rotation": [0.36563662786040946, -0.005881131678747508, 0.007491077047240938, -0.9307089515104698], "translation": [3165.4603662709287, 1727.1035394964579, 11.768522721874795]}