{"rotation": [0.36547584907804204, -0.007293195583527816, 0.007834130318661602, -0.9307592811468575], "translation": [3165.384802306239, 1727.039170763426, 11.75954368791823]}