{"rotation": [0.3686197031484052, -0.01006905174220048, 0.00026828290645416553, -0.9295257159821221], "translation": [3157.4724347442534, 1719.7418457276888, 11.79671227545866]}