{"rotation": [0.36504347656165476, -0.0021474805366085443, 0.004298114753474343, -0.9309780742620588], "translation": [3160.0842748973737, 1722.1541702740303, 11.83359019756893]}