{"rotation": [0.36498284299372086, -0.0042771978977929545, 0.004111723874009999, -0.9309953402811144], "translation": [3161.5073308006295, 1723.4594599949548, 11.810412902511693]}