{"rotation": [0.368312120431691, -0.0030955398531335625, 0.003366891221147187, -0.9296909505957527], "translation": [3157.58411828451, 1719.8454264239865, 11.81972791280694]}