{"rotation": [0.36966679852288864, -0.0111915837463263, -0.0004626412059324966, -0.9290968692694005], "translation": [3157.0610287593836, 1719.3557119552197, 11.79161790670472]}