{"rotation": [0.39408280257657, -0.007031598525859274, -0.0017592744794178126, -0.9190463569858016], "translation": [3153.5427221988502, 1715.9613919812982, 11.876205093938307]}