{"rotation": [0.36565876681929615, -0.008887649810933795, 0.006323644252572875, -0.9306850635163308], "translation": [3164.37672966097, 1726.1023762354569, 11.757789304923978]}