{"rotation": [0.36827045067388764, -0.005609673825478576, 0.0022052431931386166, -0.9296991683455905], "translation": [3157.5901323978774, 1719.8504377184167, 11.814570624860345]}