{"rotation": [0.36913466362466346, -0.011108351871654692, -0.0005230877603113607, -0.9293093839021519], "translation": [3157.2712231337823, 1719.5532341580206, 11.79126503626962]}