{"rotation": [0.36591688950123225, -0.005691172729539601, 0.007346658330744565, -0.9306011321409817], "translation": [3165.455120927877, 1727.1081848816211, 11.76993183741089]}