{"rotation": [0.36734865473642975, -0.004280541855830243, 0.00297861069912522, -0.9300686913895441], "translation": [3158.112527202322, 1720.3404193954202, 11.82720155427852]}