{"rotation": [0.3655674123773281, -0.006292608572214693, 0.007959669154575388, -0.9307295599431938], "translation": [3165.444241455845, 1727.106186421851, 11.764994525012575]}