{"rotation": [0.3656852046184311, -0.006058339498234978, 0.007670042785267977, -0.9306872719068272], "translation": [3165.440926432342, 1727.1103274574236, 11.759266318833761]}