{"rotation": [0.36556392297152285, -0.009244142568397685, 0.0066548551313645185, -0.9307165395291019], "translation": [3164.7351544552885, 1726.4341720221526, 11.754551635998203]}