{"rotation": [0.3660952164243814, -0.002708197460601391, 0.0036341622887548974, -0.9305663603645679], "translation": [3158.89078615054, 1721.0577880847736, 11.836773730058699]}