{"rotation": [0.3658700061950809, -0.008625773997890194, 0.006137535581189517, -0.9306057517803866], "translation": [3164.0613629219342, 1725.8120644108587, 11.765122096717036]}