{"rotation": [0.365479078543541, -0.008130475389782439, 0.007484952383404159, -0.9307539492286447], "translation": [3165.402740758734, 1727.0565858242437, 11.756314569218647]}