{"rotation": [0.3659168885319394, -0.005691173738979978, 0.007346658852798143, -0.9306011325118178], "translation": [3165.4551210016407, 1727.1081848125102, 11.769931821790696]}