{"rotation": [0.36604778665791715, -0.00557930545980436, 0.0072096891037736165, -0.9305514008460001], "translation": [3165.4481092357273, 1727.1116584722074, 11.767761464577653]}