{"rotation": [0.3705832947754543, -0.01130852187948854, -0.00023809042413310737, -0.928730360373354], "translation": [3156.6684856015886, 1718.9812270582272, 11.79737481002666]}