{"rotation": [0.36807851914772316, -0.0015934448201518926, 0.003985720514465017, -0.9297848023642916], "translation": [3157.67884883673, 1719.9353852130132, 11.824027137622664]}