{"rotation": [0.36547777819296867, -0.009385828603472634, 0.006824901100743161, -0.9307477212400375], "translation": [3165.100633042117, 1726.7721222879786, 11.756666373995792]}