{"rotation": [0.36607257526466647, -0.0055536233753428, 0.0071667348934728575, -0.9305421348963553], "translation": [3165.4412411398116, 1727.1153165499754, 11.762532424345581]}