{"rotation": [0.3702743838887179, -0.011285929092727215, -0.00016022577610495052, -0.9288538543646385], "translation": [3156.795210807978, 1719.1023378747825, 11.797091010589668]}