{"rotation": [0.3662182741884204, -0.002738074266299563, 0.0036539107970453215, -0.9305177738956169], "translation": [3158.7724850118025, 1720.9485652425308, 11.837035057372905]}