{"rotation": [0.36556392222007056, -0.009244143254948347, 0.006654851171027254, -0.9307165398457533], "translation": [3164.735157313187, 1726.4341746938474, 11.754551648108384]}