{"rotation": [0.367348655160809, -0.004280546462210465, 0.0029786086370506594, -0.9300686912073307], "translation": [3158.1125269831236, 1720.3404192056362, 11.827201542227474]}