{"rotation": [0.3749528215060357, -0.008225780294787913, -4.401518993589202e-05, -0.9270073981613457], "translation": [3154.8649846877242, 1717.2637302857163, 11.842585316466879]}