{"rotation": [0.3654322536358083, -0.009417731959399185, 0.006909718338876938, -0.9307646480823564], "translation": [3165.1497813229544, 1726.8178445154963, 11.757050358538406]}