{"rotation": [0.3656403252550858, -0.009251125180921927, 0.006434531254881583, -0.9306880068195637], "translation": [3164.4744793182736, 1726.1929073038075, 11.756903536640204]}