{"rotation": [0.3660018012563228, -0.002509111513131016, 0.0036384860521134093, -0.930603646702392], "translation": [3159.020195222159, 1721.1774033670902, 11.837713395735571]}