{"rotation": [0.36592804733567985, -0.005823838108691849, 0.007374735670031764, -0.9305957018794883], "translation": [3165.435277807719, 1727.1185932589742, 11.75796659544262]}