{"rotation": [0.3654227590583025, -0.005879014126661553, 0.008524608874264929, -0.9307840648607265], "translation": [3165.388983721243, 1727.0409135680234, 11.780484030322093]}