{"rotation": [0.3660844801052124, -0.005544043977876862, 0.00717973523369923, -0.930537408385306], "translation": [3165.439768044998, 1727.1168372971454, 11.762475309450302]}