{"rotation": [0.3654815154388365, -0.0063481797440722385, 0.008120098973035015, -0.9307615304035383], "translation": [3165.44641360541, 1727.1032184340374, 11.767499363452677]}