{"rotation": [0.3667251141173397, -0.002702944205406261, 0.0033829019963092736, -0.930319268177506], "translation": [3158.3820954220796, 1720.5904435168975, 11.837551996422146]}