{"rotation": [0.365787729244887, -0.005893831151436935, 0.00748449284119034, -0.9306495485708559], "translation": [3165.434894896028, 1727.1178336281034, 11.756922043588656]}