{"rotation": [0.43782424853620366, -0.006394700435946813, -0.004033222941410932, -0.8990287917039965], "translation": [3152.2646487508796, 1714.5296325067784, 11.908087876479176]}