{"rotation": [0.3654527851954889, -0.006054341577906316, 0.008448402651851846, -0.9307718470353249], "translation": [3165.39546664403, 1727.0479331685394, 11.779496048385845]}