{"rotation": [0.365897130035918, -0.005716833994366691, 0.007380999480625673, -0.930608472391707], "translation": [3165.4558478941553, 1727.1076097240225, 11.769848876484668]}