{"rotation": [0.36573034410601807, -0.005925381244325144, 0.0076244414928234435, -0.9306707651737673], "translation": [3165.4376006843704, 1727.1146415776504, 11.758131284487423]}