{"rotation": [0.3667776729511564, -0.002884645239906283, 0.0033646196681927656, -0.9302980687827225], "translation": [3158.358178947233, 1720.5661099178308, 11.834987837670845]}