{"rotation": [0.3664372083399386, -0.0028367313488642633, 0.003692674682430144, -0.9304311309564919], "translation": [3158.6349006090486, 1720.8239422391744, 11.841899569491703]}