{"rotation": [0.3660249939997229, -0.005721285179566976, 0.007321675198345142, -0.9305586299291877], "translation": [3165.4377423873034, 1727.1171672029393, 11.759289046585563]}