{"rotation": [0.36559167553112465, -0.006286627560676729, 0.007948798369068984, -0.9307201629387568], "translation": [3165.443563891537, 1727.1070916808908, 11.763794477265034]}