{"rotation": [0.4885544813533595, -0.005486191306347455, -0.004358342095687853, -0.8725052580407049], "translation": [3151.3990395952187, 1713.321706695826, 11.920637939219647]}