{"rotation": [0.3655062961457675, -0.0063378356482983785, 0.008067955497512049, -0.9307523233445018], "translation": [3165.4446922671473, 1727.1052492495726, 11.7665486609021]}