{"rotation": [0.36572950673978144, -0.005822676568395196, 0.007442002360245048, -0.9306732192012007], "translation": [3165.459069220694, 1727.1048850067696, 11.769032496863945]}