{"rotation": [0.37169480437459673, -0.012323090193022882, -0.00036167777861362364, -0.9282731187738926], "translation": [3155.9926328959536, 1718.3380599886627, 11.80591000759854]}