{"rotation": [0.37095689579459035, -0.011757943205081887, -0.00030116502855940717, -0.9285755981790891], "translation": [3156.4626737470085, 1718.7857784351395, 11.798618484314675]}