{"rotation": [0.3654375360983385, -0.009473691961144597, 0.006949442089921024, -0.9307617104423881], "translation": [3165.2148674372343, 1726.8786000846528, 11.758663334387583]}