{"rotation": [0.3654749460276325, -0.008826774255715193, 0.007314726900903369, -0.9307505824079312], "translation": [3165.34445511368, 1726.9990233472122, 11.765797942711984]}