{"rotation": [0.3657236397627556, -0.005919238279682432, 0.007547046678625869, -0.9306740697060928], "translation": [3165.437397549586, 1727.1153741955272, 11.757542481317456]}