{"rotation": [0.3656866947788554, -0.006064956259830561, 0.007683323978336197, -0.930686533748032], "translation": [3165.440688474234, 1727.1105323098743, 11.759398800894552]}