{"rotation": [0.3667018885914552, -0.002454620148524327, 0.003423786332522252, -0.9303289619433202], "translation": [3158.4010877890046, 1720.6072560193934, 11.83441602238883]}