{"rotation": [0.3654331725744519, -0.005133768333231763, 0.008912598413365337, -0.9307807509797319], "translation": [3165.391450979291, 1727.0432743513277, 11.784144781381256]}