{"rotation": [0.3660584161432629, -0.005576757752150269, 0.007184538943196323, -0.9305474292822657], "translation": [3165.439793044191, 1727.116088623202, 11.76096259329253]}