{"rotation": [0.36610431766749557, -0.0055389598542676145, 0.007144558404487739, -0.9305299048360323], "translation": [3165.441273428498, 1727.116379160368, 11.763899320737536]}