{"rotation": [0.3656927111192015, -0.00805195133618492, 0.005377977895736995, -0.9306852768082887], "translation": [3163.3055310014, 1725.1148457344086, 11.778377041624466]}