{"rotation": [0.36811765693375487, -0.001437185763713262, 0.004118988559393906, -0.9297689815668894], "translation": [3157.658828539214, 1719.915215681962, 11.830439511410141]}