{"rotation": [0.36976867241756456, -0.011226615754992786, -0.0003426229600206029, -0.9290559588134338], "translation": [3157.013963164553, 1719.3092831636638, 11.793994061045082]}