{"rotation": [0.4616427839927504, -0.006769022075836549, -0.004153018288601728, -0.887030367443333], "translation": [3151.8160213892465, 1713.9382284024107, 11.914458316880493]}