{"rotation": [0.36548407136138317, -0.006366844461057729, 0.008120965451146695, -0.9307603917189737], "translation": [3165.4458613195784, 1727.1038669911438, 11.767471992662598]}