{"rotation": [0.3655788837049564, -0.0062920328993409285, 0.007955108384935641, -0.9307250970945263], "translation": [3165.4434305650943, 1727.1071206217096, 11.76488561087889]}