{"rotation": [0.36572925222800606, -0.008145134162829097, 0.005590127012048046, -0.9306688569701913], "translation": [3163.509208693657, 1725.3021409959479, 11.774897340604777]}