{"rotation": [0.3654527843267294, -0.006054315569007844, 0.008448415256159345, -0.9307718474312013], "translation": [3165.395466568859, 1727.047933084629, 11.779496202754695]}