{"rotation": [0.36607681287820754, -0.005684514287745926, 0.007298502283322835, -0.9305386532727518], "translation": [3165.4362079706107, 1727.1191204459246, 11.759818094407184]}