{"rotation": [0.3682839818331432, -0.004382207814443639, 0.0028175739409740494, -0.9296987502717659], "translation": [3157.590881717037, 1719.8503952221374, 11.817903968112072]}