{"rotation": [0.36546805960655493, -0.009472531390596527, 0.00700675865151594, -0.9307493077567521], "translation": [3165.289021405126, 1726.9473341672767, 11.764246457357467]}