{"rotation": [0.3656741201562846, -0.006030563762615973, 0.00766291891850183, -0.9306918662061471], "translation": [3165.4399157765474, 1727.1118435520536, 11.758654681145613]}