{"rotation": [0.3654255380685064, -0.006456065991825061, 0.008222631683430105, -0.9307818668557368], "translation": [3165.389835097345, 1727.041431853726, 11.779255372494372]}