{"rotation": [0.3895108092011256, -0.007329194566034628, -0.0013018352479494415, -0.920991811932921], "translation": [3153.7450329929347, 1716.1677911238621, 11.87046933393651]}