{"rotation": [0.36852834530691503, -0.009266033809967843, 0.0006963875823968948, -0.9295700696381715], "translation": [3157.5071440631077, 1719.77287712752, 11.79865839722226]}