{"rotation": [0.36587282310018215, -0.0023328930587070812, 0.0036258332188899888, -0.9306548706476254], "translation": [3159.1607679392155, 1721.3063920809302, 11.838152160340599]}