{"rotation": [0.36598704059731196, -0.0057746324120715705, 0.007338271226235292, -0.9305730973495512], "translation": [3165.434178428068, 1727.1196104089138, 11.758512195140632]}