{"rotation": [0.3647820631948315, -0.0027687341709295072, 0.0040003002533999426, -0.9310802210767316], "translation": [3161.186745211999, 1723.1660382334398, 11.817645529527667]}