{"rotation": [0.36569067203843936, -0.006104137879084612, 0.0077301935431022565, -0.9306843267148179], "translation": [3165.441227998309, 1727.110020980353, 11.759829060436559]}