{"rotation": [0.36550720587314284, -0.009460670779124696, 0.006631875347622761, -0.9307368029645066], "translation": [3165.0508137258416, 1726.7261954332225, 11.759398621009828]}