{"rotation": [0.36546777769340044, -0.006396779194200098, 0.008266481833716154, -0.9307653033723813], "translation": [3165.3765144449007, 1727.0312326116443, 11.76181379033248]}