{"rotation": [0.3652480135596539, -0.006026656673259949, 0.004270445783605011, -0.9308809436726476], "translation": [3161.9212930141416, 1723.8400201186987, 11.802946724744423]}