{"rotation": [0.3649939068780735, -0.0024274249301398203, 0.004451929991162619, -0.9309960987401841], "translation": [3160.2170549582384, 1722.2770161882918, 11.832210020836747]}