{"rotation": [0.36567519700274675, -0.00604618041115993, 0.0076701832328943354, -0.930691281945099], "translation": [3165.439170187041, 1727.11258323352, 11.758706831549794]}