{"rotation": [0.3655426252230133, -0.0076527569487548795, 0.004980475732988, -0.9307498156420039], "translation": [3163.0153900852993, 1724.8467084828492, 11.779226972277016]}