{"rotation": [0.3681319341330305, -0.0016336256062535902, 0.004096922931224813, -0.9297631018497928], "translation": [3157.646820699544, 1719.9047479852538, 11.82971979545761]}