{"rotation": [0.4566682696369814, -0.006964875256986688, -0.0039887954144718785, -0.8896008495558901], "translation": [3151.9045768165015, 1714.0593304256752, 11.912951078565015]}