{"rotation": [0.36597613803826917, -0.00575155040805324, 0.007317445485988104, -0.930577692106391], "translation": [3165.4383840121723, 1727.1156052430238, 11.758961677867015]}