{"rotation": [0.3654322530625219, -0.009417729510648905, 0.006909718531206695, -0.9307646483307865], "translation": [3165.1497800606808, 1726.8178433377952, 11.757050335966001]}