{"rotation": [0.3671395296465429, -0.0034856695504615243, 0.0033752798455234053, -0.9301532257454492], "translation": [3158.197823131141, 1720.4198373608826, 11.833989680417297]}