{"rotation": [0.3743606269445838, -0.00845169774449448, 2.2963230928855577e-05, -0.9272446760545913], "translation": [3154.963323750141, 1717.3580145331503, 11.838954111676099]}