{"rotation": [0.3656473120996299, -0.006112648372293943, 0.0077769720986452665, -0.9307009172603031], "translation": [3165.4412515471377, 1727.1099284391835, 11.760992030161106]}