{"rotation": [0.36560842957914513, -0.00928995130649984, 0.0065909147756575475, -0.9306990560153234], "translation": [3164.6542736607184, 1726.359492899683, 11.755803641643318]}