{"rotation": [0.36832092140891176, -0.00303175470210817, 0.003400090441066189, -0.9296875532677142], "translation": [3157.588596367401, 1719.8502760156875, 11.824546775422784]}