{"rotation": [0.366067811132712, -0.005555327158189445, 0.007193261888371969, -0.9305437942279106], "translation": [3165.447074764252, 1727.1126053121438, 11.767518022128801]}