{"rotation": [0.36544514942163187, -0.007569836073290129, 0.007678550462649767, -0.930770422934043], "translation": [3165.3838259013614, 1727.035774565938, 11.775035132470872]}