{"rotation": [0.36795772950952643, -0.0029292120771634957, 0.003396582918929109, -0.9298317010272752], "translation": [3157.714632654609, 1719.9697281273263, 11.821673573788091]}