{"rotation": [0.4616426941801941, -0.006769026296823854, -0.0041530158250454976, -0.8870304141643631], "translation": [3151.8160229320206, 1713.9382305166714, 11.914458281977454]}