{"rotation": [0.365596624695523, -0.006294048351935847, 0.007946017910249977, -0.9307181924545981], "translation": [3165.442917642278, 1727.1081826042546, 11.763806234180551]}