{"rotation": [0.3656374469485064, -0.009354438483522607, 0.006443375508990353, -0.9306880437513347], "translation": [3164.523931402429, 1726.238814969303, 11.758382425389334]}