{"rotation": [0.36543855783479995, -0.00649011866256467, 0.00816997573320039, -0.9307769820445102], "translation": [3165.4477360722153, 1727.1004052629316, 11.769314351678696]}