{"rotation": [0.3656374467133606, -0.009354439323858894, 0.006443375577796889, -0.9306880438347933], "translation": [3164.52393222083, 1726.238815727732, 11.75838242177324]}