{"rotation": [0.36545796210506887, -0.006395141435330667, 0.008163552252843693, -0.9307700771482973], "translation": [3165.4478381850777, 1727.1014332071102, 11.768627023656578]}