{"rotation": [0.36833670295647275, -0.006782822558000289, 0.0017245860803045971, -0.9296661187631576], "translation": [3157.557826525765, 1719.8214174148018, 11.802794043291485]}