{"rotation": [0.3670052743629515, -0.0035898269848484558, 0.0032629982680961625, -0.930206210780328], "translation": [3158.29090787423, 1720.5038145852948, 11.83220606849141]}