{"rotation": [0.366647707552387, -0.0026066274035018854, 0.003535880210190336, -0.9303494835766276], "translation": [3158.5089318735413, 1720.7060026138995, 11.837489675203118]}