{"rotation": [0.3698600704962359, -0.011172202192918744, -0.00020364055823641732, -0.9290202735576888], "translation": [3156.959660541798, 1719.258534063249, 11.792121759663932]}