{"rotation": [0.36555858161307764, -0.002111130093671953, 0.0038678086391446443, -0.9307779040109909], "translation": [3159.5911599606075, 1721.7029998755397, 11.841941935197328]}