{"rotation": [0.36672511387861606, -0.0027029431654009414, 0.0033829019684773766, -0.9303192682747319], "translation": [3158.3820955345795, 1720.5904436161943, 11.837551997499805]}