{"rotation": [0.36711411242832664, -0.0035476568372930007, 0.003396391627984136, -0.9301629465372377], "translation": [3158.2245978108363, 1720.4429755098142, 11.827494141362996]}