{"rotation": [0.36550271623112524, -0.00592668560389334, 0.007550694203860545, -0.9307607779888784], "translation": [3165.4615523669163, 1727.1020034246158, 11.768134330007031]}