{"rotation": [0.5630990475356886, -0.004977587212840686, -0.004860150393442433, -0.8263601304686062], "translation": [3150.5766976767486, 1711.743759915849, 11.949177661399588]}