{"rotation": [0.365484071483462, -0.0063668444043410675, 0.008120965354881974, -0.9307603916722647], "translation": [3165.445861318888, 1727.1038669921588, 11.76747199231705]}