{"rotation": [0.3660584162894573, -0.005576757465004412, 0.007184538942154583, -0.9305474292264847], "translation": [3165.4397930195046, 1727.1160886501777, 11.760962590141947]}