{"rotation": [0.3655314845094302, -0.0063131422721017655, 0.008021398689235034, -0.9307430017088781], "translation": [3165.44464673688, 1727.1056980629387, 11.76556018357717]}