{"rotation": [0.3685283383915334, -0.009265979310258547, 0.0006964100341005599, -0.9295700729062127], "translation": [3157.507146111436, 1719.7728789182806, 11.798658551776853]}