{"rotation": [0.3656297766133075, -0.009157256179676663, 0.006372799844360014, -0.9306935040791391], "translation": [3164.4293051935033, 1726.1507960419308, 11.75944913934865]}