{"rotation": [0.3682592483751576, -0.0054381914491551985, 0.0023060730386653236, -0.9297043799440049], "translation": [3157.5907726153628, 1719.8501660186737, 11.81517598223552]}