{"rotation": [0.3654389228490795, -0.006939802590697681, 0.007969316847603046, -0.9307753342218998], "translation": [3165.38946686239, 1727.0410809051068, 11.77766931673557]}