{"rotation": [0.3656666584670812, -0.006104979758766546, 0.007761298344969144, -0.9306934975359312], "translation": [3165.4410552006534, 1727.110334469623, 11.760501135790545]}