{"rotation": [0.3655585786199559, -0.0021111256779366835, 0.0038678083917277344, -0.9307779051975689], "translation": [3159.5911627716905, 1721.7030024386045, 11.841941943923404]}