{"rotation": [0.3654081221003114, -0.007295249440910815, 0.004699898937634696, -0.9308069588205143], "translation": [3162.6402249664875, 1724.502028614069, 11.787018517451296]}