{"rotation": [0.36544611463867677, -0.006389294417513101, 0.008173898106129097, -0.9307746782127736], "translation": [3165.4479029063623, 1727.1014243539908, 11.768907279498096]}