{"rotation": [0.3657314789767853, -0.005933430228936008, 0.00762878866787478, -0.9306702322921007], "translation": [3165.437312719133, 1727.1149203541859, 11.758136713666481]}