{"rotation": [0.3658297399346554, -0.008409007458321566, 0.006004342589053022, -0.930624434368119], "translation": [3163.6994513634227, 1725.477709974872, 11.768881009391597]}