{"rotation": [0.3654515697339164, -0.006404732497886072, 0.00818692891609023, -0.930772315754809], "translation": [3165.448221763295, 1727.1008668257948, 11.769074347674163]}