{"rotation": [0.37095689898753353, -0.011757948711807067, -0.00030116765121653407, -0.9285755968329608], "translation": [3156.462671230532, 1718.785776055604, 11.79861849074251]}