{"rotation": [0.36587965181549825, -0.005864746198475392, 0.007407880144598107, -0.9306142103208829], "translation": [3165.436509403189, 1727.116834515174, 11.757427613405861]}