{"rotation": [0.3655969543412121, -0.005885771056434654, 0.007510527154298113, -0.9307243505234863], "translation": [3165.460871035156, 1727.1029602645024, 11.76837542387644]}