{"rotation": [0.3660671327481536, -0.005586617191536536, 0.007198400981629046, -0.9305438340310512], "translation": [3165.438309513399, 1727.1176157430448, 11.76083524507728]}