{"rotation": [0.3655969563639744, -0.0058857720818442615, 0.007510521374225766, -0.9307243497690849], "translation": [3165.460870994418, 1727.102960303127, 11.76837542870295]}