{"rotation": [0.3677127694932073, -0.007895694124914317, 0.0014552074827458713, -0.9299047583151209], "translation": [3157.815093984909, 1720.0620442930299, 11.80494668554935]}