{"rotation": [0.425260937083699, -0.005852903037163317, -0.004799578261584474, -0.9050391389134742], "translation": [3152.547674056776, 1714.8730231346317, 11.901170398261169]}