{"rotation": [0.3686197090160645, -0.010069097689954839, 0.0002682541142488717, -0.9295257131657801], "translation": [3157.472431960547, 1719.7418432313207, 11.796712180845045]}