{"rotation": [0.3660477885884189, -0.005579302587378715, 0.007209687438396887, -0.9305514001167304], "translation": [3165.4481091460866, 1727.111658564376, 11.767761471409303]}