{"rotation": [0.3692302564496629, -0.011101394852048602, -0.0005314652715538373, -0.9292714857882599], "translation": [3157.2327794886137, 1719.517879806684, 11.790207469832138]}