{"rotation": [0.3657269023604386, -0.005919751750314132, 0.007615661308491053, -0.930672225400483], "translation": [3165.438084067236, 1727.1141811613315, 11.758145089582529]}