{"rotation": [0.36545854881498185, -0.006833000131713325, 0.008047377811655747, -0.9307677470333854], "translation": [3165.4452049266706, 1727.0973601244887, 11.768383584467957]}