{"rotation": [0.37564135920046776, -0.00806662414463865, -0.0002174716746016532, -0.9267299776844413], "translation": [3154.7645389090676, 1717.167813761483, 11.845113240253712]}