{"rotation": [0.3681888445798608, -0.0024679086895139945, 0.0037451851616845107, -0.9297402098122637], "translation": [3157.6116594094597, 1719.8728222032819, 11.82233555338572]}