{"rotation": [0.3683475853649261, -0.006338046186665244, 0.0018562809101994899, -0.9296646921054638], "translation": [3157.56456174014, 1719.8270027175772, 11.804910154161687]}