{"rotation": [0.41398687419800223, -0.005826731588110978, -0.0046419332945540435, -0.9102523659107163], "translation": [3152.848536779074, 1715.2187775760303, 11.89050630871456]}