{"rotation": [0.36498285358016525, -0.004277435249209718, 0.004111726522436767, -0.9309953350286849], "translation": [3161.5073762029306, 1723.45950136558, 11.810411903203969]}