{"rotation": [0.3685283471442117, -0.0092660482895954, 0.0006963816173686144, -0.929570068769909], "translation": [3157.507143518903, 1719.7728766517457, 11.798658356159837]}