{"rotation": [0.36547276054829575, -0.008608120792603416, 0.007388223131626537, -0.9307529079796557], "translation": [3165.351674832422, 1727.0057831260597, 11.76605778216766]}