{"rotation": [0.36637689723697026, -0.002739681150672601, 0.0037579148721388466, -0.9304549109946257], "translation": [3158.6624023385366, 1720.8485291153734, 11.837039240679823]}