{"rotation": [0.4019362729044679, -0.0067198134677363885, -0.002923578014432285, -0.9156383179630577], "translation": [3153.238012248536, 1715.6426437032578, 11.881680965978743]}