{"rotation": [0.36545156982864424, -0.006404733321279903, 0.008186929019707042, -0.9307723157110385], "translation": [3165.448221759446, 1727.1008668229872, 11.769074354596077]}