{"rotation": [0.3705832979573059, -0.011308525812100742, -0.0002380892357188398, -0.9287303590561469], "translation": [3156.6684836715726, 1718.9812252596564, 11.797374806349437]}