{"rotation": [0.36815962410921593, -0.0019372832462268871, 0.003971692599953815, -0.9297520980171414], "translation": [3157.6360347811897, 1719.8953814980525, 11.828679520607276]}