{"rotation": [0.3683471569514093, -0.005964045839884068, 0.0019794707894327437, -0.9296670822495693], "translation": [3157.5696052930566, 1719.8325400573642, 11.805944448133369]}