{"rotation": [0.48294454211982824, -0.00584291458425257, -0.004212735836200523, -0.8756213122364057], "translation": [3151.4792239788167, 1713.4493593281218, 11.921876339018402]}