{"rotation": [0.3658637227112567, -0.005750527702435959, 0.007399681758204521, -0.9306212508560513], "translation": [3165.4564528849896, 1727.107109911245, 11.76976619377148]}