{"rotation": [0.36625335772928763, -0.0028592406809192397, 0.003682468634392613, -0.9305034885047492], "translation": [3158.739996971944, 1720.9194004330006, 11.841067399666152]}