{"rotation": [0.36605187400091804, -0.005576939402877441, 0.007169769128850779, -0.9305501156294333], "translation": [3165.442802338198, 1727.1136881073157, 11.762636857877217]}