{"rotation": [0.36559780226504196, -0.007718220446148606, 0.005093594721822074, -0.9307269907684669], "translation": [3163.088187735416, 1724.9142002854248, 11.778046393749944]}