{"rotation": [0.3695542940026385, -0.01118083948809098, -0.0005018803284118287, -0.929141733390923], "translation": [3157.107409683522, 1719.3988559334593, 11.791425484364222]}