{"rotation": [0.3660596217348037, -0.005557164983484097, 0.007183648907038107, -0.9305470791105086], "translation": [3165.4463378880614, 1727.1121552042605, 11.766267513377585]}