{"rotation": [0.3655275936517664, -0.009350917726780848, 0.006597683191777608, -0.9307301484282741], "translation": [3165.016216228003, 1726.6942187606576, 11.755378144881572]}