{"rotation": [0.3647308493413534, -0.0025638629846062824, 0.004343010028446076, -0.9310993354144464], "translation": [3160.7177032993254, 1722.735764815063, 11.820261231591065]}