{"rotation": [0.3655044333549069, -0.006337693326337689, 0.008071309987670168, -0.9307530267457059], "translation": [3165.445228679747, 1727.1045493838997, 11.7667267416828]}