{"rotation": [0.36750683462023687, -0.006834119904784651, 0.0018006895561058353, -0.9299939670931545], "translation": [3157.964541582637, 1720.2027179817812, 11.81350154547748]}