{"rotation": [0.36549170894128585, -0.007744687046970709, 0.007649527694982483, -0.9307509415755466], "translation": [3165.388941293012, 1727.0435689796955, 11.756575991216442]}