{"rotation": [0.368247239439408, -0.002756699828037101, 0.0035793386108413185, -0.9297169244379831], "translation": [3157.6035618636215, 1719.8662277664168, 11.820905169211764]}