{"rotation": [0.3673740628728006, -0.005505678100508184, 0.0024333393803989663, -0.9300537964528961], "translation": [3158.0391116268765, 1720.272896255604, 11.817436808176335]}