{"rotation": [0.4885548980168589, -0.005486168328724539, -0.004358366848204812, -0.8725050247529936], "translation": [3151.3990336772563, 1713.3216973843425, 11.920638232893948]}