{"rotation": [0.3655585788743712, -0.002111126053274181, 0.00386780841275817, -0.9307779050967097], "translation": [3159.5911625327476, 1721.7030022207443, 11.841941943181691]}