{"rotation": [0.3875050669461497, -0.007553651880478211, -0.0011470319893898309, -0.9218359125961322], "translation": [3153.847639917971, 1716.2712418635394, 11.867434700268143]}