{"rotation": [0.3657012094728233, -0.00809666004214079, 0.005441033382541355, -0.930681183135238], "translation": [3163.4415903159356, 1725.2395083887009, 11.775549211188295]}