{"rotation": [0.36826832243898266, -0.00546101451007599, 0.0022281642070852456, -0.9297008418264257], "translation": [3157.5810646758796, 1719.842802468948, 11.808225282693503]}