{"rotation": [0.4517520982251808, -0.0069677822600251885, -0.0038585387515622078, -0.8921079550358388], "translation": [3151.9903094613087, 1714.1762390081053, 11.91204224880208]}