{"rotation": [0.3654705186435154, -0.0075364831262961654, 0.007746384535934692, -0.9307601704795647], "translation": [3165.4400009975448, 1727.0917296573011, 11.768257435512993]}