{"rotation": [0.3686130459337165, -0.010016926758754385, 0.0003009459313337006, -0.9295289091670705], "translation": [3157.4755927082183, 1719.744677677928, 11.796819864424718]}