{"rotation": [0.3654768695241797, -0.0073832667935865215, 0.007806432464607531, -0.9307584030383158], "translation": [3165.4419839127017, 1727.0936357983717, 11.768510571437362]}