{"rotation": [0.36649497517849783, -0.002744280169174978, 0.0036879316627396797, -0.9304086743229109], "translation": [3158.599513769628, 1720.7893990550288, 11.83807012546384]}