{"rotation": [0.47209726155998216, -0.006270170202141835, -0.004320711998983943, -0.8815135801795817], "translation": [3151.645906891255, 1713.6962661820655, 11.91665851671472]}