{"rotation": [0.3795146824505365, -0.00772212990839595, -0.000864826940553085, -0.9251530827860378], "translation": [3154.3687596442064, 1716.786509709878, 11.854198465250734]}