{"rotation": [0.3682683217914358, -0.005461015268028022, 0.0022281645811650947, -0.9297008420775799], "translation": [3157.5810646899417, 1719.8428024716047, 11.808225289055313]}