{"rotation": [0.3655990005164455, -0.006284720066434802, 0.007938128762401506, -0.9307173895586212], "translation": [3165.4431483214194, 1727.1078806503353, 11.763599839282316]}