{"rotation": [0.36759686476718223, -0.008036441683198014, 0.0013365759575778686, -0.9299495546442937], "translation": [3157.868155188959, 1720.1128175834097, 11.806317036892468]}