{"rotation": [0.4292757473108327, -0.005948634676230862, -0.004720110503422783, -0.9031415542831867], "translation": [3152.455622815634, 1714.762230057033, 11.903707958449566]}