{"rotation": [0.3684100097538245, -0.008260794385069584, 0.0011281905690381925, -0.9296260275913937], "translation": [3157.5297856048023, 1719.7956075678944, 11.797205301358666]}