{"rotation": [0.36802616135119914, -0.0021473339518536826, 0.003730963928103233, -0.9298054707443744], "translation": [3157.6968644312224, 1719.9513980296729, 11.824193425303243]}