{"rotation": [0.3660995049140264, -0.005546270254794536, 0.007159624840732577, -0.930531638989296], "translation": [3165.444471560781, 1727.1138661105335, 11.76630420664367]}