{"rotation": [0.3666477054529881, -0.002606631066982847, 0.0035358828157125055, -0.9303494843838273], "translation": [3158.5089332613047, 1720.7060038483291, 11.837489651426841]}