{"rotation": [0.36545974493304184, -0.006720092471448648, 0.008090136394893742, -0.9307677287507143], "translation": [3165.4461404296967, 1727.098302314548, 11.768611611735956]}