{"rotation": [0.3656473122570652, -0.006112648342125638, 0.007776972085923333, -0.9307009171987555], "translation": [3165.4412515522376, 1727.109928434566, 11.760992031986964]}