{"rotation": [0.3654840717942082, -0.006366844259971381, 0.008120965109844495, -0.9307603915533685], "translation": [3165.445861317124, 1727.1038669947413, 11.767471991437489]}