{"rotation": [0.36605841590669386, -0.0055767582168044765, 0.007184538944882048, -0.9305474293725295], "translation": [3165.439793084137, 1727.116088579553, 11.760962598390725]}