{"rotation": [0.36477317920027585, -0.002311523635401055, 0.0040963457535504455, -0.931084531364405], "translation": [3161.0217928185516, 1723.0152288657923, 11.816199758531484]}