{"rotation": [0.3654579624029949, -0.006395141599192683, 0.008163553936587029, -0.9307700770154259], "translation": [3165.447838183932, 1727.1014332113639, 11.768627040567882]}