{"rotation": [0.365268733853791, -0.0020317310807801245, 0.004134313424469925, -0.9308907194672058], "translation": [3159.8273664607977, 1721.9186842313707, 11.835939093579904]}