{"rotation": [0.44703969241767644, -0.006905401459592505, -0.0037583687930212123, -0.8944795713138488], "translation": [3152.0815243776888, 1714.2957302878915, 11.910588327531375]}