{"rotation": [0.4517520751162325, -0.006967782142932493, -0.003858538069530092, -0.8921079667417797], "translation": [3151.990309895679, 1714.176239580744, 11.91204224134497]}