{"rotation": [0.36550818227153387, -0.009154833211400634, 0.00649009906886819, -0.9307404774347718], "translation": [3164.8464394660496, 1726.5371586987594, 11.751844483739841]}