{"rotation": [0.36737322870774997, -0.005163606817128784, 0.002580181507228819, -0.9300556922340034], "translation": [3158.056515081833, 1720.2883086458382, 11.818786543671157]}