{"rotation": [0.36587965293307984, -0.005864747940639029, 0.007407877312136857, -0.9306142098930632], "translation": [3165.4365095954317, 1727.1168343065976, 11.757427627577231]}