{"rotation": [0.37043491119174077, -0.01126059993896667, -0.00023144729796859085, -0.9287901387781472], "translation": [3156.7317358373043, 1719.0429478280837, 11.795426519383042]}