{"rotation": [0.3656894966203102, -0.0021472130513134507, 0.0038737988781500183, -0.9307263696812013], "translation": [3159.417303555091, 1721.5439375863668, 11.83955893683938]}