{"rotation": [0.36572364199499674, -0.005919237964642661, 0.007547050986350281, -0.9306740687959684], "translation": [3165.437397217878, 1727.1153745619285, 11.757542479144979]}