{"rotation": [0.36861975056349705, -0.01006942303479197, 0.00026805024366806677, -0.9295256932238714], "translation": [3157.472412249812, 1719.7418255551438, 11.796711510920453]}