{"rotation": [0.36610431802865917, -0.005538959587505078, 0.007144557950927599, -0.9305299046990076], "translation": [3165.441273409456, 1727.116379180147, 11.763899319338085]}