{"rotation": [0.36571556107254294, -0.002169468738473194, 0.003804195432866984, -0.9307163638251433], "translation": [3159.364104775193, 1721.4933729579548, 11.837685171496542]}