{"rotation": [0.3675790699966727, -0.007770208168500374, 0.001423999528322924, -0.9299587213369972], "translation": [3157.893223160882, 1720.1354457590878, 11.807238952940187]}