{"rotation": [0.42147575997225944, -0.005811567164782665, -0.004818233504988176, -0.9068082454790467], "translation": [3152.6438723939095, 1714.9853962655125, 11.89733636922067]}