{"rotation": [0.3654306554228027, -0.009420698324999787, 0.006951650708019075, -0.9307649333063446], "translation": [3165.1721852605388, 1726.838766543837, 11.757378157031347]}