{"rotation": [0.3681176559844626, -0.0014371789914845228, 0.004118989216863373, -0.9297689819502921], "translation": [3157.65882897392, 1719.915216056868, 11.830439536421054]}