{"rotation": [0.36743000416167954, -0.006136135853188351, 0.002124991318383199, -0.9300285072461146], "translation": [3158.002016841105, 1720.238908818798, 11.81447576522013]}