{"rotation": [0.3656741208387181, -0.006030566182773362, 0.0076629202049066855, -0.9306918659117415], "translation": [3165.4399156919476, 1727.1118436367087, 11.758654685380588]}