{"rotation": [0.3657877288021224, -0.005893838603102136, 0.0074844928102569125, -0.9306495486979397], "translation": [3165.4348953052786, 1727.1178331571111, 11.756922102068772]}