{"rotation": [0.36610986537093027, -0.005536748461565816, 0.007146932993536884, -0.9305277170742087], "translation": [3165.4425386801513, 1727.1159689322135, 11.765316041277982]}