{"rotation": [0.36557918019868557, -0.006304217251821283, 0.007948948630339068, -0.9307249508129516], "translation": [3165.4430857403177, 1727.1075856534267, 11.764185264311386]}