{"rotation": [0.3670943658258261, -0.003631432327005358, 0.0033458353517249848, -0.9301705997632844], "translation": [3158.244667000689, 1720.4626089976418, 11.828656631205048]}