{"rotation": [0.3675968634598902, -0.008036430721022562, 0.0013365781893001415, -0.9299495552525745], "translation": [3157.868156591411, 1720.1128188412752, 11.806317078895864]}