{"rotation": [0.36746869722888725, -0.006504453842356354, 0.0019456470253697738, -0.9300111091243856], "translation": [3157.985201986, 1720.2241803240556, 11.815050698382215]}