{"rotation": [0.36548420529910186, -0.006361372013899551, 0.008130765898022568, -0.9307602909819994], "translation": [3165.4462538485127, 1727.1033253390306, 11.767983356096062]}