{"rotation": [0.3655078441868703, -0.009331403678945388, 0.006433526682146916, -0.9307392494558705], "translation": [3164.9227104436745, 1726.607766726347, 11.756354736805738]}