{"rotation": [0.3654331054342532, -0.005133005569373292, 0.008912925125149837, -0.9307807784178916], "translation": [3165.3914499547122, 1727.0432730709613, 11.784145090463205]}