{"rotation": [0.3655888372975988, -0.006297617253666384, 0.007955977727926198, -0.9307211421681088], "translation": [3165.4434888790083, 1727.1069964062701, 11.764627740542526]}