{"rotation": [0.3651462922359521, -0.002033803066840298, 0.0043161086206260765, -0.9309379249540739], "translation": [3159.950789519622, 1722.032495858043, 11.834494674568882]}