{"rotation": [0.3656393585309858, -0.0061118782438650335, 0.007791560142724423, -0.9307039250094112], "translation": [3165.442310733995, 1727.1088756390277, 11.761149119164111]}