{"rotation": [0.368185055909132, -0.0022351891892294327, 0.003873736757452502, -0.9297417720517949], "translation": [3157.6248848484133, 1719.8843184047216, 11.826682248331705]}