{"rotation": [0.365665179128585, -0.006235086125743499, 0.007839413482044536, -0.9306925615207859], "translation": [3165.441888819755, 1727.1096237685651, 11.762480609100608]}