{"rotation": [0.37564141889987274, -0.008066611020516262, -0.00021749181077494045, -0.9267299535953536], "translation": [3154.764531037078, 1717.1678062352175, 11.845113379662278]}