{"rotation": [0.36494347518822207, -0.003914346442247122, 0.004037093501371166, -0.9310126957703287], "translation": [3161.429731527208, 1723.3887190720332, 11.814010799245768]}