{"rotation": [0.3654749457784393, -0.008826772706580213, 0.007314727446396752, -0.9307505825161853], "translation": [3165.344455211201, 1726.9990234383502, 11.765797946615152]}