{"rotation": [0.3656852047704499, -0.0060583402473899615, 0.007670043279827022, -0.9306872718381436], "translation": [3165.4409264057795, 1727.1103274825932, 11.759266322311175]}