{"rotation": [0.36542944214086986, -0.004980904131673474, 0.008954856478215195, -0.9307826405536893], "translation": [3165.3911412981984, 1727.0430354144432, 11.783756797430824]}