{"rotation": [0.36565876811532505, -0.008887644084705467, 0.006323641812878678, -0.9306850630783912], "translation": [3164.376728013246, 1726.1023747015045, 11.757789312685638]}