{"rotation": [0.36475424580878296, -0.002371360725226638, 0.004133270643038857, -0.931091635064223], "translation": [3160.9481924515176, 1722.947827600351, 11.819316741424434]}