{"rotation": [0.3657294976300622, -0.0058226817095541365, 0.007442005196605155, -0.9306732227262291], "translation": [3165.4590693120363, 1727.104884914875, 11.769032461381926]}