{"rotation": [0.3673740631909152, -0.0055057001621292125, 0.0024333298130776275, -0.9300537962216718], "translation": [3158.0391103382985, 1720.272895079767, 11.817436697769345]}