{"rotation": [0.3655275855367854, -0.009350919991750493, 0.006597674887592535, -0.9307301516513976], "translation": [3165.0162075216776, 1726.694210770918, 11.75537802816931]}