{"rotation": [0.3654839039067062, -0.006368484884909101, 0.008137172172027883, -0.930760304704937], "translation": [3165.446673994802, 1727.1027882171466, 11.76815307544445]}