{"rotation": [0.3654591867753127, -0.0069083628599900795, 0.008018686255185857, -0.9307671878589526], "translation": [3165.4446084421447, 1727.0967871447056, 11.768316905985985]}