{"rotation": [0.3658177913716189, -0.008514263020559321, 0.006099382600822378, -0.9306275562076896], "translation": [3164.1726470223393, 1725.9141788777335, 11.763778622848877]}