{"rotation": [0.36831988725210957, -0.0031414316418661523, 0.003346202618349004, -0.9296877943642531], "translation": [3157.586921441145, 1719.850297821647, 11.819123773938985]}