{"rotation": [0.3683198872226579, -0.003141431691236553, 0.003346202638566331, -0.9296877943756816], "translation": [3157.586921445347, 1719.8502978243494, 11.819123774445972]}