{"rotation": [0.5241119831721549, -0.004287969343746464, -0.005282950216774152, -0.8516221772894745], "translation": [3150.9533424760716, 1712.5507899804684, 11.939666794473707]}