{"rotation": [0.36590823901194264, -0.005701518892732922, 0.007363066240857402, -0.9306043405019275], "translation": [3165.4555568342225, 1727.1078023271834, 11.769859009932073]}