{"rotation": [0.5303542562428992, -0.0041507136889331496, -0.005614213935400496, -0.8477473769129583], "translation": [3150.885750164615, 1712.420648744418, 11.943983643443726]}