{"rotation": [0.4019363564285816, -0.006719804258580006, -0.0029235981558557054, -0.9156382813018827], "translation": [3153.2380092773565, 1715.6426405477134, 11.881681023056254]}