{"rotation": [0.36732269335422946, -0.003965966613943493, 0.003139849699141963, -0.9300798091560093], "translation": [3158.1283671489537, 1720.354268363915, 11.827958537259237]}