{"rotation": [0.37965171991610774, -0.0077137916982850515, -0.0008812299355704643, -0.9250969097430699], "translation": [3154.3578138298676, 1716.775878165956, 11.854432087700266]}