{"rotation": [0.36602624803243555, -0.005608997019123816, 0.007225112844371783, -0.9305595750128648], "translation": [3165.449087142716, 1727.1105782528896, 11.767723755334975]}