{"rotation": [0.3683077549960877, -0.002986652308080585, 0.0034153935958679948, -0.9296928592843541], "translation": [3157.587400069147, 1719.848204002428, 11.82457546705968]}