{"rotation": [0.3695542911246708, -0.01118083870334891, -0.0005018809844082295, -0.9291417345446868], "translation": [3157.1074108287908, 1719.3988569968521, 11.791425487473864]}