{"rotation": [0.3657521482798302, -0.005921203982969225, 0.007506674869361676, -0.9306631803206178], "translation": [3165.4365768060006, 1727.1163073709502, 11.757254352878325]}