{"rotation": [0.36579575754823723, -0.005893664262197222, 0.00748031617034276, -0.9306464276787761], "translation": [3165.435677993717, 1727.1169781479168, 11.756976135455854]}