{"rotation": [0.37143284707692764, -0.012340320234225797, -0.0005447310674041835, -0.9283776493846179], "translation": [3156.1608663034326, 1718.498851422137, 11.804041394937617]}