{"rotation": [0.3677127683859209, -0.007895719189053371, 0.0014551969870494946, -0.9299047585565839], "translation": [3157.815095048342, 1720.0620452460066, 11.804946614866186]}