{"rotation": [0.3660678125434809, -0.0055553259373833175, 0.00719325881065926, -0.9305437937040059], "translation": [3165.447074716139, 1727.112605336682, 11.767517864862185]}