{"rotation": [0.36564731190763555, -0.006112648409084559, 0.00777697211415982, -0.9307009173353612], "translation": [3165.441251540918, 1727.109928444814, 11.760992027934469]}