{"rotation": [0.3653733287970167, -0.007211395157403098, 0.004684857604774922, -0.9308213461738477], "translation": [3162.5621823355136, 1724.429851736065, 11.788467806758469]}