{"rotation": [0.3654471380343825, -0.00780245213382494, 0.007621946647993225, -0.9307681864849451], "translation": [3165.3814096886463, 1727.0334736850873, 11.774909068816578]}