{"rotation": [0.36591688718531473, -0.005691175141381073, 0.007346659578079716, -0.9306011330270147], "translation": [3165.4551211041166, 1727.1081847164967, 11.769931800089788]}