{"rotation": [0.3659194053739557, -0.00583872928051742, 0.007390302967637728, -0.9305988832108096], "translation": [3165.434472741353, 1727.119376211354, 11.757791983225314]}