{"rotation": [0.36827170496268974, -0.00478419708207547, 0.0026031893122735687, -0.9297022567400587], "translation": [3157.5911105902605, 1719.8513839461898, 11.816582128345297]}