{"rotation": [0.38098542431753457, -0.0076777208360233355, -0.000980532214545646, -0.9245486453491393], "translation": [3154.2568273211714, 1716.677001571051, 11.857126036332119]}