{"rotation": [0.38750505995875356, -0.007553652610691184, -0.001147031721357086, -0.9218359155277202], "translation": [3153.8476402907418, 1716.2712422372304, 11.867434690780552]}