{"rotation": [0.36559662503708346, -0.006294048248206004, 0.007946019566628267, -0.9307181923069895], "translation": [3165.44291765599, 1727.1081825826643, 11.763806241605321]}