{"rotation": [0.36608343025462486, -0.005543016656822256, 0.007165477598885436, -0.9305379374265883], "translation": [3165.4451078644875, 1727.1132941217777, 11.766286878886067]}