{"rotation": [0.367461360742132, -0.006378799231356639, 0.002005525737222752, -0.9300147510380812], "translation": [3157.9870223988282, 1720.2256833311321, 11.813613784755391]}