{"rotation": [0.3654203072283104, -0.0073275487693119775, 0.004766071894587265, -0.9308015850077267], "translation": [3162.7137456665687, 1724.5689175346886, 11.783749520409154]}