{"rotation": [0.36831212093608107, -0.0030955425461938867, 0.003366890681401328, -0.9296909503889181], "translation": [3157.584118364081, 1719.845426472245, 11.819727918917081]}