{"rotation": [0.3652058295383036, -0.002042994804915298, 0.004225194129849253, -0.9309149671038873], "translation": [3159.8903601978423, 1721.9761759067362, 11.835028354629461]}