{"rotation": [0.365451569696702, -0.006404732174409923, 0.008186928875383626, -0.9307723157720045], "translation": [3165.4482217648047, 1727.1008668268983, 11.769074344954861]}