{"rotation": [0.36543083427880046, -0.005582952475276528, 0.008685741859130416, -0.9307812277266422], "translation": [3165.3884478835716, 1727.0405109334397, 11.780926943969558]}