{"rotation": [0.36572486003125476, -0.005917321010312714, 0.007573546372617735, -0.9306733871034037], "translation": [3165.437052593846, 1727.1157676548125, 11.757652059330423]}