{"rotation": [0.366026247913379, -0.005608998750199526, 0.00722511319533228, -0.9305595750465354], "translation": [3165.4490871932067, 1727.110578200605, 11.767723750290779]}