{"rotation": [0.36587282052608755, -0.0023328848744549615, 0.0036258371950157477, -0.9306548716646161], "translation": [3159.1607758266755, 1721.3063992426, 11.838152030337561]}