{"rotation": [0.36771276724272195, -0.007895745066083417, 0.0014551861509521531, -0.9299047588058775], "translation": [3157.8150961462648, 1720.0620462298893, 11.804946541890484]}