{"rotation": [0.3683296092315693, -0.005620342478374026, 0.0021190326969713906, -0.9296758684693147], "translation": [3157.571474895454, 1719.8336115408256, 11.805893038142854]}