{"rotation": [0.36578772907169543, -0.005893834066225075, 0.007484492829090443, -0.9306495486205659], "translation": [3165.4348950561102, 1727.1178334438698, 11.756922066463696]}