{"rotation": [0.3670052759830336, -0.0035898308858841386, 0.00326299808063636, -0.9302062101267405], "translation": [3158.2909074133718, 1720.5038141805733, 11.83220606218616]}