{"rotation": [0.3654258031507631, -0.006717850369856445, 0.008098896665988613, -0.930780995052446], "translation": [3165.3900625798337, 1727.0415641098045, 11.778915452739307]}