{"rotation": [0.36562581866548133, -0.006156143964199769, 0.007818666854366559, -0.9307087251472982], "translation": [3165.4422846789853, 1727.1093559777707, 11.7619937824385]}