{"rotation": [0.36721008779155784, -0.003561490929256768, 0.0033561987956471657, -0.9301251545550853], "translation": [3158.1638211145437, 1720.3881340893158, 11.832455662796717]}