{"rotation": [0.5058733610069439, -0.004846018388484475, -0.004833511244361374, -0.8625806025516498], "translation": [3151.1686764701094, 1712.9411702325244, 11.930044142972724]}