{"rotation": [0.39171220058762035, -0.0071565828535996604, -0.0015000547932180928, -0.920058740009724], "translation": [3153.6445081239967, 1716.0652333908215, 11.873094090752009]}