{"rotation": [0.5432006540816877, -0.004397517908541863, -0.005125943533432989, -0.8395757475918196], "translation": [3150.7544786993544, 1712.1492603575086, 11.945318405893065]}