{"rotation": [0.47209746357887544, -0.006270162678667298, -0.004320706670525953, -0.8815134720673546], "translation": [3151.6459037001496, 1713.6962616124247, 11.916658614400193]}