{"rotation": [0.3661306841583023, -0.002737443454212465, 0.003603918182494267, -0.9305524382294865], "translation": [3158.8506274577408, 1721.0213188140035, 11.837842061475854]}