{"rotation": [0.3718154588346178, -0.012253182948170068, -0.0003115553438789979, -0.9282257414080419], "translation": [3155.905421490379, 1718.2553563699346, 11.807135966034252]}