{"rotation": [0.365475848853561, -0.007293209058069768, 0.007834124701558443, -0.9307592811766986], "translation": [3165.3848024369186, 1727.039170890409, 11.759543652510253]}