{"rotation": [0.36531881780655356, -0.006928610637766151, 0.004657475325112335, -0.9308450266476415], "translation": [3162.3240867557847, 1724.2104135797592, 11.792610073042173]}