{"rotation": [0.367127399088172, -0.003426485124333222, 0.003432279932200727, -0.9301580250112955], "translation": [3158.2062277808336, 1720.4267461977336, 11.827680676550147]}