{"rotation": [0.36550426031888184, -0.0063423550880945066, 0.008075899332970832, -0.930753023132693], "translation": [3165.445927181248, 1727.1037410239633, 11.766973507936697]}