{"rotation": [0.3654783551759412, -0.009178434622562603, 0.007200374127005007, -0.9307467339981371], "translation": [3165.325786577385, 1726.9815354886287, 11.76506108502864]}