{"rotation": [0.36591936970012345, -0.0024690962055599597, 0.003562846890041235, -0.9306364620861522], "translation": [3159.1173463214977, 1721.2670057058644, 11.842208022340605]}