{"rotation": [0.36577524063315303, -0.0021976000551959555, 0.00370587691701027, -0.9306932418203285], "translation": [3159.258567160937, 1721.3970726475388, 11.838465660102155]}