{"rotation": [0.3731314279824667, -0.009647629343039239, 0.0003985644100602793, -0.9277282478432117], "translation": [3155.255278897155, 1717.6360457666226, 11.827619763523998]}