{"rotation": [0.3673732273994981, -0.005163573951058057, 0.0025801980268151344, -0.9300556928874051], "translation": [3158.05651689437, 1720.2883102381554, 11.81878669359757]}