{"rotation": [0.36542553798709165, -0.006456067442403131, 0.008222631032680588, -0.9307818668833876], "translation": [3165.389835099038, 1727.0414318549138, 11.779255370627709]}