{"rotation": [0.36572950235644375, -0.005822679042174602, 0.0074420037250208316, -0.9306732208973441], "translation": [3165.4590692646448, 1727.1048849625527, 11.769032479791013]}