{"rotation": [0.36585793979089276, -0.00848996001105008, 0.006118823727119034, -0.9306118677876243], "translation": [3164.1140217588077, 1725.859934138265, 11.761878450999722]}