{"rotation": [0.36563744772158835, -0.009354435720773161, 0.006443375282777077, -0.9306880434769504], "translation": [3164.5239287117956, 1726.238812475838, 11.75838243727781]}