{"rotation": [0.3648805855952727, -0.0025823500728466365, 0.00433180502225694, -0.9310406678491554], "translation": [3160.423810334764, 1722.4664600187093, 11.82544270765701]}