{"rotation": [0.3653585223269348, -0.007147144640846849, 0.004643733860128043, -0.9308278596079932], "translation": [3162.485587234385, 1724.3590627188407, 11.7914452640821]}