{"rotation": [0.3660729343078933, -0.005591397399741729, 0.007207955466500724, -0.9305414490608788], "translation": [3165.4375426181923, 1727.118410745569, 11.760777686903246]}