{"rotation": [0.36565876709770234, -0.008887648580855117, 0.006323643728490417, -0.9306850634222549], "translation": [3164.376729307014, 1726.102375905941, 11.757789306591311]}