{"rotation": [0.37043491217190894, -0.011260600416784177, -0.00023144724751527517, -0.9287901383814404], "translation": [3156.7317354401475, 1719.0429474594632, 11.795426519056697]}