{"rotation": [0.37156770988464655, -0.012343355450401723, -0.0004738721752130565, -0.928323679538805], "translation": [3156.076321198691, 1718.4190964905915, 11.803520070840701]}