{"rotation": [0.36637690013933893, -0.002739681071981846, 0.0037579137936091783, -0.9304549098563737], "translation": [3158.662400644482, 1720.8485275989703, 11.837039379498565]}