{"rotation": [0.365432252557297, -0.009417727352617832, 0.00690971870070278, -0.9307646485497227], "translation": [3165.149778948267, 1726.8178422999117, 11.757050316073444]}