{"rotation": [0.36743000836399, -0.006136189696918181, 0.002124967392668124, -0.9300285052853068], "translation": [3158.002013595704, 1720.2389059830393, 11.814475518721776]}