{"rotation": [0.46164239890600317, -0.006769040174041902, -0.004153007725682249, -0.8870305677676859], "translation": [3151.8160280041607, 1713.938237467666, 11.914458167227668]}