{"rotation": [0.36492961805977225, -0.0025913252929990176, 0.0044787604197928975, -0.9310207299523876], "translation": [3160.352504582881, 1722.401502771914, 11.827334987291751]}