{"rotation": [0.3654388904466437, -0.005585015300492604, 0.008658570271391679, -0.9307783055669457], "translation": [3165.3941055826463, 1727.0464017347176, 11.782148493884264]}