{"rotation": [0.3671696017718342, -0.0034421400231614396, 0.0033935766376481393, -0.9301414509870948], "translation": [3158.1797133236605, 1720.4018664681673, 11.832325755934136]}