{"rotation": [0.36526873208251653, -0.002031730493090939, 0.004134317244731424, -0.9308907201465456], "translation": [3159.827368811909, 1721.918686376695, 11.835939053552371]}