{"rotation": [0.36857212693459757, -0.009694857266174436, 0.0004750087294863764, -0.9295484771415649], "translation": [3157.490909372408, 1719.7583784261171, 11.797547056579342]}