{"rotation": [0.36827044904947787, -0.005609662956114148, 0.0022052475710158076, -0.9296991690442481], "translation": [3157.590132510885, 1719.850437679486, 11.814570673105068]}