{"rotation": [0.3654680597599245, -0.009472534072427076, 0.007006760344858574, -0.9307493076564886], "translation": [3165.2890219860406, 1726.9473347120256, 11.764246449750814]}