{"rotation": [0.37194817274855674, -0.012149532203357063, -0.0003028657485324782, -0.9281739351697976], "translation": [3155.817108012373, 1718.1715970638934, 11.809177621310056]}