{"rotation": [0.3649296187657877, -0.00259132465785202, 0.0044787614136727405, -0.9310207296726394], "translation": [3160.352503484732, 1722.4015017683626, 11.827335011942738]}