{"rotation": [0.3682717051353203, -0.004784216853873283, 0.0026031778218219034, -0.9297022566021054], "translation": [3157.591110587466, 1719.85138398995, 11.816582058512651]}