{"rotation": [0.3649939064336986, -0.0024274183984485513, 0.004451927507791403, -0.9309960989433054], "translation": [3160.2170525816987, 1722.2770140064545, 11.832210079351208]}