{"rotation": [0.3684488272099331, -0.008663873608909137, 0.0009378245288750575, -0.9296071855933918], "translation": [3157.518976164886, 1719.786193691491, 11.795615998267436]}