{"rotation": [0.3683367021828665, -0.006782834452163757, 0.0017245833644213772, -0.9296661189879214], "translation": [3157.5578263443585, 1719.8214172662633, 11.802793989353388]}