{"rotation": [0.3659812916979385, -0.005770893243791672, 0.007321751964670169, -0.9305755116412882], "translation": [3165.435313462961, 1727.1185297562643, 11.758666739810327]}