{"rotation": [0.3656725480889089, -0.0061057940248360875, 0.007758108496964242, -0.9306912047537789], "translation": [3165.4413936594647, 1727.1099084815876, 11.76033799873588]}