{"rotation": [0.3656651798554977, -0.0062350855485041115, 0.007839413897875519, -0.9306925612355496], "translation": [3165.441888840548, 1727.109623752732, 11.762480616712477]}