{"rotation": [0.3654515699051031, -0.006404733985876355, 0.008186929103340615, -0.9307723156757095], "translation": [3165.4482217563404, 1727.1008668207212, 11.769074360183048]}