{"rotation": [0.3722686819264362, -0.011638467164592901, -0.00010941037793637708, -0.9280520257874457], "translation": [3155.6368586127464, 1717.9998326247169, 11.816236482877459]}