{"rotation": [0.3664372115263998, -0.0028367291856495292, 0.0036926739448576726, -0.9304311297110716], "translation": [3158.6348992780213, 1720.8239410515423, 11.841899608967731]}