{"rotation": [0.5178939749525961, -0.004591839872430581, -0.004891986831650489, -0.855418502359649], "translation": [3151.022120165142, 1712.682198625147, 11.938570722043298]}