{"rotation": [0.3661306802149482, -0.0027374443910351013, 0.0036039199564180334, -0.9305524397713936], "translation": [3158.8506310237813, 1721.0213220395085, 11.837841999864128]}