{"rotation": [0.37058329740961016, -0.011308525135175692, -0.0002380894402819512, -0.9287303592828792], "translation": [3156.668484003787, 1718.9812255692464, 11.797374806982397]}