{"rotation": [0.5432001260000383, -0.004397501234843005, -0.005125962567542513, -0.8395760892284799], "translation": [3150.7544837965665, 1712.14927108669, 11.945318201742921]}