{"rotation": [0.36750683144476115, -0.006834075928875172, 0.0018007086311161865, -0.9299939686342359], "translation": [3157.964544322535, 1720.2027204134868, 11.813501708521313]}