{"rotation": [0.5303544709672201, -0.004150716321939235, -0.005614211934423145, -0.8477472425808593], "translation": [3150.8857478451587, 1712.4206442120087, 11.943983722416059]}