{"rotation": [0.3856763494612378, -0.007610750681280089, -0.001059004188921059, -0.9226021398471003], "translation": [3153.9481563376635, 1716.3718077682754, 11.863075040141986]}