{"rotation": [0.3681319354976542, -0.0016336343608354576, 0.004096917284889052, -0.9297631013189794], "translation": [3157.6468203543604, 1719.9047476832777, 11.82971976156987]}