{"rotation": [0.3683342404670962, -0.0036879192474840988, 0.0031288618566305813, -0.9296808574853166], "translation": [3157.5939526633906, 1719.8548027690663, 11.823206843238292]}