{"rotation": [0.3656827637975228, -0.0060990430742050945, 0.0077400402256618895, -0.9306873855985636], "translation": [3165.44188345537, 1727.1093119198572, 11.760177324006232]}