{"rotation": [0.36563744700970874, -0.009354438264804942, 0.0064433754910818005, -0.9306880437296127], "translation": [3164.5239311894206, 1726.2388147719037, 11.758382426330504]}