{"rotation": [0.3655044862792061, -0.006326622409660987, 0.00806005652299724, -0.930753178800645], "translation": [3165.4448404397895, 1727.1051276239352, 11.766326951090353]}