{"rotation": [0.37117885981696275, -0.012062970719545036, -0.0004466376332294607, -0.9284829235248344], "translation": [3156.312382382599, 1718.6438502061615, 11.797729163910878]}