{"rotation": [0.3654727606058079, -0.008608121896834143, 0.0073882226380357656, -0.9307529079507783], "translation": [3165.351674791423, 1727.0057830870999, 11.76605777876544]}