{"rotation": [0.36609521089958874, -0.002708193378034413, 0.0036341644151383096, -0.9305663625416603], "translation": [3158.8907905600213, 1721.0577920669175, 11.836773678865493]}