{"rotation": [0.367139529961788, -0.003485668684042077, 0.003375279486663989, -0.9301532256255683], "translation": [3158.1978228873318, 1720.4198371493483, 11.833989690797004]}