{"rotation": [0.48294438415558655, -0.0058429221346374, -0.004212732312334283, -0.8756213993273432], "translation": [3151.4792263350205, 1713.4493629193573, 11.921876272957256]}