{"rotation": [0.3660768127282157, -0.0056845139094942945, 0.00729850222878216, -0.9305386533344976], "translation": [3165.436207962546, 1727.1191204565039, 11.759818102361736]}