{"rotation": [0.3658307339754229, -0.008684714165993129, 0.006143898654414421, -0.9306206006360395], "translation": [3163.883892997429, 1725.6475306468817, 11.76550769619395]}