{"rotation": [0.3658407231794009, -0.00588723453420888, 0.0074297733092615285, -0.9306291980169573], "translation": [3165.436613096122, 1727.1166272347139, 11.75729950831742]}