{"rotation": [0.36569152621694423, -0.006062992641328791, 0.007673445506142383, -0.9306847296520007], "translation": [3165.4405623876814, 1727.1106685149198, 11.75931951826684]}