{"rotation": [0.3654357117797768, -0.004993922936371524, 0.008926793458278102, -0.9307803788479142], "translation": [3165.391082298756, 1727.0431282985035, 11.782760134291205]}