{"rotation": [0.3673728769198674, -0.00482774434092506, 0.002719033394266944, -0.9300572396608714], "translation": [3158.073571816124, 1720.3033542424705, 11.82017409867084]}