{"rotation": [0.6161442856358684, -0.007539609436167271, -0.004965370503458661, -0.787581563181604], "translation": [3150.1950514904775, 1710.6026129589889, 11.949411099085163]}