{"rotation": [0.3656297766652808, -0.00915725131103984, 0.006372798007368189, -0.9306935041192028], "translation": [3164.4293036768445, 1726.1507946405538, 11.759449182868076]}