{"rotation": [0.3654331077547399, -0.005133031931824298, 0.008912913833420136, -0.9307807774695918], "translation": [3165.3914499901243, 1727.043273115212, 11.784145079780835]}