{"rotation": [0.3656297766379056, -0.009157253875436335, 0.006372798974944037, -0.9306935040981006], "translation": [3164.429304475695, 1726.150795378684, 11.75944915994563]}