{"rotation": [0.365765255914138, -0.00831233901272813, 0.005768456844426761, -0.9306521409698882], "translation": [3163.5782591918182, 1725.3653183544932, 11.776438861480415]}