{"rotation": [0.36563276586332005, -0.006257393750052995, 0.007891258707851246, -0.9307047080500889], "translation": [3165.442858883456, 1727.1080966657116, 11.762786495304438]}