{"rotation": [0.3649939061333624, -0.002427413983926175, 0.004451925829374995, -0.9309960990805873], "translation": [3160.2170509754874, 1722.2770125318323, 11.83221011889889]}