{"rotation": [0.3660768124488189, -0.005684513204907921, 0.007298502127186783, -0.9305386534495141], "translation": [3165.436207947522, 1727.119120476209, 11.759818117179044]}