{"rotation": [0.3654660434360656, -0.008307280694079258, 0.00742288466318642, -0.9307580034390973], "translation": [3165.422772440523, 1727.0752055817532, 11.76542657606934]}