{"rotation": [0.3965689393875389, -0.006905264027513172, -0.0019940179487450225, -0.9179768066428329], "translation": [3153.4384051399634, 1715.8536482633979, 11.876990887838094]}