{"rotation": [0.3647820635270518, -0.0027687385419786106, 0.0040003010415392455, -0.9310802209301888], "translation": [3161.1867469227523, 1723.1660397968733, 11.817645498643804]}