{"rotation": [0.3647419064972216, -0.002441580463638901, 0.004362448922601173, -0.9310952418356617], "translation": [3160.7890401938503, 1722.8018714423774, 11.818408754869314]}