{"rotation": [0.39656902180073994, -0.0069052615707173425, -0.0019940279262936843, -0.9179767710368674], "translation": [3153.4384018722876, 1715.8536448850255, 11.876990943976324]}