{"rotation": [0.36545532041300127, -0.009405243817832446, 0.006881044102490925, -0.930755930092641], "translation": [3165.126090148919, 1726.7958526656887, 11.757061507304622]}