{"rotation": [0.36607244151836627, -0.0056035218696309855, 0.007227751956424633, -0.9305414164372778], "translation": [3165.4373273097885, 1727.1186220313555, 11.760655627904889]}