{"rotation": [0.3654622626705375, -0.00944310086552469, 0.006991659318697786, -0.9307519965650065], "translation": [3165.2508708264113, 1726.9120631926091, 11.758790550066086]}