{"rotation": [0.36560207267971756, -0.006273998231833823, 0.007916918443758388, -0.930716435763781], "translation": [3165.443404143684, 1727.1075365780007, 11.763374692038733]}