{"rotation": [0.36509194881304713, -0.0020986372650740872, 0.004296517990512101, -0.9309591852313819], "translation": [3160.0184835848586, 1722.0941658258746, 11.835120158365717]}