{"rotation": [0.3657012122467312, -0.00809666687509252, 0.005441044451083736, -0.9306811819211058], "translation": [3163.4415988535548, 1725.2395162870487, 11.775549200154337]}