{"rotation": [0.3653085016122265, -0.006864840708095798, 0.004563509563920603, -0.9308500131559018], "translation": [3162.246409764862, 1724.138667476227, 11.796059366776156]}