{"rotation": [0.36608448023533596, -0.005544043914961856, 0.007179735284707717, -0.9305374083340952], "translation": [3165.4397680365373, 1727.1168373060657, 11.762475308769226]}