{"rotation": [0.3683231880831124, -0.003951871261804606, 0.003005599089384858, -0.9296845584433121], "translation": [3157.589652011762, 1719.8515191160327, 11.818129593881523]}