{"rotation": [0.366725112482083, -0.002702937081369819, 0.003382901805660777, -0.9303192688435036], "translation": [3158.3820961927154, 1720.5904441970838, 11.83755200380413]}