{"rotation": [0.3655191903290524, -0.0063177129791656345, 0.008050530374506735, -0.9307475473857538], "translation": [3165.445059167571, 1727.105065394301, 11.766142607221665]}