{"rotation": [0.3682683241131281, -0.005461012550492688, 0.002228163239951978, -0.9297008411771002], "translation": [3157.5810646395257, 1719.842802462081, 11.808225266245914]}