{"rotation": [0.36562368806890067, -0.00625764360484345, 0.007905592216770892, -0.9307081509426638], "translation": [3165.442612054559, 1727.1084682104552, 11.763023930878179]}