{"rotation": [0.3654727610984125, -0.008608131354810387, 0.007388218410323512, -0.9307529077034369], "translation": [3165.35167444026, 1727.0057827534065, 11.766057749624673]}