{"rotation": [0.3660584162070568, -0.005576757626850259, 0.007184538942741747, -0.930547429257925], "translation": [3165.4397930334203, 1727.1160886349735, 11.760962591917721]}