{"rotation": [0.36496677931957733, -0.0025294805334878717, 0.00452113001900043, -0.931006128392653], "translation": [3160.2835790814192, 1722.3381245560788, 11.828709924669525]}