{"rotation": [0.37169478370529757, -0.012323102357746168, -0.0003616911670681554, -0.9282731268834902], "translation": [3155.9926463499223, 1718.3380727147248, 11.805909761120072]}