{"rotation": [0.3654690919382435, -0.006734447034469775, 0.008100204457207456, -0.9307638673416191], "translation": [3165.379468041592, 1727.0340554106576, 11.7609649274276]}