{"rotation": [0.3658724138062622, -0.0058689908449234005, 0.007420126639026978, -0.9306169316548578], "translation": [3165.43449433491, 1727.1188179178305, 11.757219712162959]}