{"rotation": [0.4048260140733834, -0.006423335945422071, -0.0036114045016125422, -0.9143640395610027], "translation": [3153.1362504076465, 1715.533814582602, 11.883827443635]}