{"rotation": [0.3682979567110023, -0.0029704399239822155, 0.003468437244356107, -0.9296965964830896], "translation": [3157.597225320205, 1719.8581122972619, 11.820732677944038]}