{"rotation": [0.3656084302931719, -0.00928995184233646, 0.0065909115259301905, -0.9306990557524958], "translation": [3164.6542724800283, 1726.3594917943021, 11.755803635028883]}