{"rotation": [0.3682839863885503, -0.00438216495538615, 0.0028175922129476797, -0.9296987486138634], "translation": [3157.5908816935967, 1719.8503951188825, 11.817904109665912]}