{"rotation": [0.36578772941364707, -0.005893828311227598, 0.007484492852980646, -0.9306495485224178], "translation": [3165.434894740041, 1727.1178338076213, 11.756922021298914]}