{"rotation": [0.37012556103814603, -0.011188594833609988, -7.348100364155129e-05, -0.9289143550470028], "translation": [3156.850304783443, 1719.1538500712504, 11.794466594278331]}