{"rotation": [0.36547906703001337, -0.00813048013180405, 0.00748495108483782, -0.9307539537186802], "translation": [3165.402743014414, 1727.0565879238702, 11.756314733614305]}