{"rotation": [0.46678495201644815, -0.006502609821612752, -0.00428035766488046, -0.8843365893000079], "translation": [3151.7289477293953, 1713.8170849197263, 11.916546418065906]}