{"rotation": [0.3655966252118979, -0.006294048195115926, 0.007946020414380934, -0.9307181922314417], "translation": [3165.4429176630088, 1727.1081825716146, 11.763806245405407]}