{"rotation": [0.42927570643810226, -0.005948633003752727, -0.004720113522237087, -0.9031415737058018], "translation": [3152.4556237627817, 1714.7622311873931, 11.903707932688546]}