{"rotation": [0.3657295004697027, -0.005822680106975304, 0.0074420043124677985, -0.9306732216274232], "translation": [3165.4590692835636, 1727.1048849435206, 11.769032472442227]}