{"rotation": [0.3659280453545341, -0.005823843392646985, 0.0073747387449311025, -0.9305957026010769], "translation": [3165.4352776056294, 1727.1185934587768, 11.757966564618712]}