{"rotation": [0.36550996068451197, -0.006332247897226393, 0.008065096870220868, -0.9307509470795335], "translation": [3165.445372519767, 1727.1044393596587, 11.76651180189924]}