{"rotation": [0.365504259884642, -0.006342355191749328, 0.008075898525894777, -0.9307530233095143], "translation": [3165.4459271789788, 1727.1037410253907, 11.766973520942612]}