{"rotation": [0.3684100080204177, -0.008260780510424545, 0.0011281982337878194, -0.9296260283923314], "translation": [3157.5297860196033, 1719.7956079284993, 11.797205362923204]}