{"rotation": [0.36668111729587616, -0.0025429533824823936, 0.003479438663903906, -0.9303367052381232], "translation": [3158.4812631056534, 1720.6812390604264, 11.838075114700475]}