{"rotation": [0.3656666596883111, -0.00610497990343125, 0.007761296315908895, -0.9306934970720856], "translation": [3165.4410551795863, 1727.1103344879257, 11.760501124537342]}