{"rotation": [0.37286345680473687, -0.010196276266639838, 0.0003933428751160391, -0.9278301158139345], "translation": [3155.35371968562, 1717.7298180870303, 11.825900969927064]}