{"rotation": [0.3654785710829926, -0.0020194423089699, 0.00395934582149397, -0.9308091423662321], "translation": [3159.6441856982206, 1721.7512698713408, 11.83707667632101]}