{"rotation": [0.3654322540939137, -0.00941773391616311, 0.006909718185188777, -0.9307646478838391], "translation": [3165.1497823316213, 1726.817845456581, 11.75705037657569]}