{"rotation": [0.36550448767514815, -0.006326621786682416, 0.008060056514851267, -0.9307531782567671], "translation": [3165.444840443828, 1727.1051276219964, 11.76632694464621]}