{"rotation": [0.3656356242504295, -0.006111165922002346, 0.007807677964895335, -0.9307052616671236], "translation": [3165.4417133329043, 1727.1097555339416, 11.761502952477466]}