{"rotation": [0.3710604721717092, -0.011953273388767212, -0.00037394699564740957, -0.9285316932720423], "translation": [3156.3902665167825, 1718.7174614279515, 11.799194799534675]}