{"rotation": [0.37058329519274635, -0.011308522395240956, -0.0002380902682754966, -0.9287303602006055], "translation": [3156.6684853484726, 1718.9812268223498, 11.79737480954437]}