{"rotation": [0.36542886212669534, -0.007350623546112969, 0.007775565534453922, -0.9307777692010545], "translation": [3165.385925503084, 1727.0376116245027, 11.775863578429895]}