{"rotation": [0.36547276063081324, -0.008608122376934462, 0.0073882224234310834, -0.9307529079382229], "translation": [3165.3516747735966, 1727.005783070162, 11.766057777286226]}