{"rotation": [0.3764400472723583, -0.007933185048756567, -0.0004947126662658417, -0.9264068817986754], "translation": [3154.6634030060995, 1717.070839037868, 11.847479766960012]}