{"rotation": [0.36677767429632185, -0.002884650924086575, 0.0033646181049785725, -0.9302980682404082], "translation": [3158.3581783988443, 1720.566109428788, 11.834987826630721]}