{"rotation": [0.3662533579423966, -0.002859240962702473, 0.0036824689956720417, -0.9305034884185722], "translation": [3158.7399967710076, 1720.9194002529327, 11.8410674051263]}