{"rotation": [0.4566683134867653, -0.006964874365553083, -0.003988796711462903, -0.8896008270471764], "translation": [3151.9045760229465, 1714.0593293580994, 11.912951091960855]}