{"rotation": [0.3689347740206922, -0.011010395193918082, -0.00042851607457631327, -0.9293899720192533], "translation": [3157.3393405506063, 1719.6173537206214, 11.791310221560202]}