{"rotation": [0.3683298099518502, -0.003163067868455717, 0.003341477424513627, -0.9296838068026758], "translation": [3157.5903605625986, 1719.8527384746144, 11.82424929204264]}