{"rotation": [0.36533207931966977, -0.001972108370410633, 0.004079676008026751, -0.9308662303748114], "translation": [3159.7633690306047, 1721.8602959759858, 11.835480524048261]}