{"rotation": [0.36545418752370284, -0.006378171500296541, 0.008135316327548365, -0.9307719228564825], "translation": [3165.4474008200023, 1727.102010868324, 11.768334553244843]}