{"rotation": [0.36761966662021356, -0.008107302231884205, 0.0013399896473484366, -0.929939921066038], "translation": [3157.8396552890867, 1720.0870593497673, 11.803818687340904]}