{"rotation": [0.36945439705053207, -0.011199428283990929, -0.0005460748556007052, -0.9291812111253605], "translation": [3157.153474351235, 1719.4416677536278, 11.79282362830473]}