{"rotation": [0.36725379722675183, -0.0037810971053252353, 0.0032418613279761553, -0.9301074357633865], "translation": [3158.1481890573414, 1720.3745746686438, 11.832250352719845]}