{"rotation": [0.41106963916463746, -0.005946771967260106, -0.00440942959182346, -0.9115738832321267], "translation": [3152.9370767161504, 1715.3168065304496, 11.888405448682752]}