{"rotation": [0.36586372535372563, -0.005750528787478886, 0.007399682910907437, -0.9306212498013229], "translation": [3165.456452811247, 1727.1071099704443, 11.76976620671667]}