{"rotation": [0.3658282332298067, -0.0023647195463498342, 0.003606240140395375, -0.9306723950485881], "translation": [3159.2146956605925, 1721.355489564169, 11.840448859399382]}