{"rotation": [0.3992227870529957, -0.0068300602670912855, -0.002358484423787654, -0.9168254763724715], "translation": [3153.3379974538607, 1715.748319201186, 11.87833705454118]}