{"rotation": [0.36570081686687594, -0.005989073952146997, 0.007646804941583145, -0.9306817769303752], "translation": [3165.438949701895, 1727.1128885725243, 11.758292027315228]}