{"rotation": [0.36603041575137224, -0.005659911639909377, 0.00727840562956185, -0.9305572120813409], "translation": [3165.43871487287, 1727.116546369243, 11.760239287632674]}