{"rotation": [0.3652480205655522, -0.006026682318999308, 0.004270442382120424, -0.9308809407733262], "translation": [3161.9213011514353, 1723.840027611521, 11.802946472265972]}