{"rotation": [0.3654777739329141, -0.009385795456269112, 0.0068247230283400365, -0.9307477245528357], "translation": [3165.1005231296745, 1726.7720215349705, 11.756664925311885]}