{"rotation": [0.5241119439938496, -0.004287971012598997, -0.005282947059155838, -0.8516222014120776], "translation": [3150.953342908811, 1712.5507908009172, 11.939666771999681]}