{"rotation": [0.36547494596400876, -0.00882677386019137, 0.007314727040178276, -0.9307505824355705], "translation": [3165.344455138579, 1726.9990233704816, 11.76579794370853]}