{"rotation": [0.3654661160584412, -0.008306761868685696, 0.007423045390936318, -0.9307579782722999], "translation": [3165.422812367808, 1727.075242789808, 11.76544551951393]}