{"rotation": [0.366099780241053, -0.005532213657012301, 0.007157107112712183, -0.9305316337112259], "translation": [3165.444055497654, 1727.1142968604952, 11.766070286887658]}