{"rotation": [0.36566233277651, -0.006237754039592087, 0.007865998948875989, -0.9306934376439531], "translation": [3165.442542364965, 1727.1090985964718, 11.762712263110243]}