{"rotation": [0.3656823781160636, -0.006062470073671167, 0.0076925483124718344, -0.9306881698466176], "translation": [3165.442186014303, 1727.1087388161247, 11.759540387239937]}