{"rotation": [0.36547344078812005, -0.007150177004128347, 0.0078996716713574, -0.930760782497193], "translation": [3165.4446156170584, 1727.0961320177903, 11.768881737960125]}