{"rotation": [0.3677511383188374, -0.007192333782055733, 0.0017195209887065181, -0.9298948402091154], "translation": [3157.791885677583, 1720.0411934743415, 11.807174284469951]}