{"rotation": [0.3653977678028753, -0.005993586877996484, 0.007639394056291513, -0.9308008314668959], "translation": [3165.4619573820755, 1727.1016444794543, 11.768087474028]}