{"rotation": [0.3674686915083884, -0.006504374359918606, 0.0019456866836640085, -0.93001111185761], "translation": [3157.985206539727, 1720.224184341761, 11.815051000887399]}