{"rotation": [0.3651643053596603, -0.0053994162693421785, 0.004248315684510973, -0.9309177343938572], "translation": [3161.7519671927744, 1723.684173295004, 11.80382566890749]}