{"rotation": [0.36566862048663534, -0.007967853856318294, 0.005348768180019514, -0.9306956344451616], "translation": [3163.233799574353, 1725.0484701484766, 11.778285842229707]}