{"rotation": [0.37194027491455534, -0.01213497026143521, -0.0003041824818955615, -0.9281772901047821], "translation": [3155.82503767529, 1718.1791651244757, 11.808177017651232]}