{"rotation": [0.3682979564873961, -0.0029704339805832146, 0.0034684404070719327, -0.9296965965788612], "translation": [3157.59722554906, 1719.8581124734267, 11.820732719528646]}