{"rotation": [0.3660997804844873, -0.005532214753138092, 0.007157106581508385, -0.9305316336130204], "translation": [3165.444055510218, 1727.1142968482068, 11.766070317853046]}