{"rotation": [0.3654661171163085, -0.008306754311113768, 0.007423047732208612, -0.9307579779057007], "translation": [3165.422812949417, 1727.075243331807, 11.765445795457738]}