{"rotation": [0.36543720826588794, -0.007131696644407652, 0.00787312564303672, -0.9307753754856297], "translation": [3165.387095055088, 1727.038802116728, 11.776132991342788]}