{"rotation": [0.3661306835205631, -0.002737443605720169, 0.003603918469382207, -0.9305524384788516], "translation": [3158.850628034459, 1721.0213193356483, 11.83784205151169]}