{"rotation": [0.36564032532661694, -0.009251126756070156, 0.00643453142917502, -0.930688006774599], "translation": [3164.4744798502593, 1726.1929077991604, 11.756903533542582]}