{"rotation": [0.3654258027897072, -0.006717835945848665, 0.008098903041429321, -0.9307809952428273], "translation": [3165.390062598874, 1727.0415641209079, 11.778915498259874]}