{"rotation": [0.45666815230917585, -0.0069648776421738145, -0.003988791944144492, -0.8896009097818973], "translation": [3151.9045789397965, 1714.0593332821609, 11.912951042722124]}