{"rotation": [0.3681888443308127, -0.0024679068700062916, 0.0037451866324925568, -0.9297402099097949], "translation": [3157.6116594594746, 1719.8728222449029, 11.8223355631568]}