{"rotation": [0.3654463505682336, -0.009458211224636507, 0.006989154258162986, -0.9307581097253709], "translation": [3165.2331458181106, 1726.8955047046666, 11.758441119324692]}