{"rotation": [0.3654597259880689, -0.007875929212906448, 0.007593306358028375, -0.9307628592280163], "translation": [3165.434529548262, 1727.0861834343532, 11.767178094375286]}