{"rotation": [0.5831354707178567, -0.0063432301834332495, -0.004436019768146123, -0.812338050290715], "translation": [3150.415873841135, 1711.3216402559071, 11.94667346818315]}