{"rotation": [0.36545532349033577, -0.009405242776295881, 0.006881043658664694, -0.9307559288981514], "translation": [3165.126088131733, 1726.795850803266, 11.75706147137292]}