{"rotation": [0.36668512148672483, -0.0024793071007896705, 0.0034369580279726888, -0.9303354567230466], "translation": [3158.454753942755, 1720.6574657676126, 11.838537654698712]}