{"rotation": [0.3659633951003042, -0.005662968083522509, 0.007296270923726136, -0.9305834130639505], "translation": [3165.4542336112895, 1727.1097440557994, 11.769973713283907]}