{"rotation": [0.3655339949134201, -0.006334461539059669, 0.00804361022254655, -0.9307416792506038], "translation": [3165.4443154514465, 1727.1060580686685, 11.766039649213148]}