{"rotation": [0.36782696206182275, -0.005100278426250586, 0.002536566632130847, -0.9298768084913539], "translation": [3157.7528267462, 1720.0035003528214, 11.816147072375454]}