{"rotation": [0.49994480071431835, -0.004977979565143523, -0.0048873000158785, -0.8660291740217095], "translation": [3151.2435861129647, 1713.0704863816413, 11.929073031032223]}