{"rotation": [0.3651060539711368, -0.005105947337351353, 0.004152904841176942, -0.9309426685015536], "translation": [3161.6733564812334, 1723.6119855336783, 11.807491612469576]}