{"rotation": [0.36542553766851243, -0.006456073118578188, 0.008222628486269442, -0.9307818669915863], "translation": [3165.3898351056664, 1727.0414318595626, 11.779255363323344]}