{"rotation": [0.36567254828212914, -0.006105793770788357, 0.007758108393454601, -0.9306912046803913], "translation": [3165.441393665215, 1727.1099084753307, 11.760337997330412]}