{"rotation": [0.3657111258848672, -0.0059672244290100325, 0.007638606895550619, -0.9306779337242997], "translation": [3165.439757090974, 1727.1120756032574, 11.758298124398385]}