{"rotation": [0.36544611428358, -0.006389294662289015, 0.00817389836263392, -0.9307746783482609], "translation": [3165.447902906408, 1727.101424353413, 11.768907282145776]}