{"rotation": [0.36735860304821205, -0.004487043602865551, 0.0028648182657887026, -0.9300641461869585], "translation": [3158.090094347313, 1720.3203981455854, 11.821852236737188]}