{"rotation": [0.3659740263133642, -0.005757107377655332, 0.007324001629064691, -0.9305784366611793], "translation": [3165.4368094891447, 1727.1171380213912, 11.758808627285067]}