{"rotation": [0.36558435995151667, -0.009339456364038474, 0.006638116102518883, -0.9307076800630119], "translation": [3164.6989520954176, 1726.4002928562716, 11.757717179527042]}