{"rotation": [0.3655340548651901, -0.006322795109225004, 0.008034417956714373, -0.9307418144275649], "translation": [3165.4444731059957, 1727.1059211945287, 11.765818695018641]}