{"rotation": [0.36535852347640957, -0.007147180141050912, 0.004643723383608792, -0.9308278589364984], "translation": [3162.4856180102356, 1724.3590909812756, 11.791445054929753]}