{"rotation": [0.3714328478201752, -0.012340320686973282, -0.0005447303226541926, -0.9283776490816724], "translation": [3156.160865787742, 1718.4988509378672, 11.804041397805982]}