{"rotation": [0.37012555803466646, -0.01118859472793591, -7.34788413570299e-05, -0.9289143562451819], "translation": [3156.850305848318, 1719.1538510695598, 11.794466571273958]}