{"rotation": [0.37346072338722236, -0.009250813406373858, 0.00028772672280093047, -0.9275998209097208], "translation": [3155.162271559278, 1717.5470571509618, 11.833999030776473]}