{"rotation": [0.3683599621008037, -0.007269083347855038, 0.001541190336183116, -0.9296535502437046], "translation": [3157.549793268704, 1719.814704885238, 11.800635064756102]}