{"rotation": [0.36573950676557526, -0.005929375427285986, 0.007544215778724831, -0.9306677927736622], "translation": [3165.438301878285, 1727.1143247156665, 11.757536889609213]}