{"rotation": [0.4019364475457925, -0.006719794212227519, -0.0029236201283175936, -0.9156382413078645], "translation": [3153.2380060360697, 1715.6426371052999, 11.881681085322633]}