{"rotation": [0.36598129101414834, -0.005770893374771933, 0.007321751815888751, -0.9305755119105708], "translation": [3165.435313509646, 1727.1185297086347, 11.758666744040058]}