{"rotation": [0.3658728230165336, -0.00233289279274911, 0.003625833348099393, -0.9306548706806739], "translation": [3159.160768195529, 1721.306392313658, 11.838152156115978]}