{"rotation": [0.3652842889046278, -0.006329544002698548, 0.004235315381832384, -0.9308648598243329], "translation": [3162.0056946520203, 1723.9174734749943, 11.803640965783991]}