{"rotation": [0.36569067396634686, -0.006104137215412677, 0.007730192747099463, -0.9306843259682561], "translation": [3165.441227985177, 1727.1100209937633, 11.75982904503744]}