{"rotation": [0.3655890406760616, -0.006286346370330969, 0.007949119676437756, -0.9307211970742038], "translation": [3165.4433177836177, 1727.1074017519381, 11.764017431085566]}