{"rotation": [0.3654227565546561, -0.005878986965867365, 0.008524623049662044, -0.9307840658853765], "translation": [3165.3889836800663, 1727.0409135252792, 11.78048407450318]}