{"rotation": [0.36482682030155866, -0.0025826552156140888, 0.004232693878687022, -0.9310621920061091], "translation": [3160.496577806118, 1722.5327987623923, 11.823790823997932]}