{"rotation": [0.36570120903115255, -0.008096658954175657, 0.005441031620171499, -0.930681183328556], "translation": [3163.4415889565475, 1725.2395071311005, 11.775549212945174]}