{"rotation": [0.36494347701844976, -0.0039143661409159316, 0.00403709730886418, -0.9310126949535746], "translation": [3161.429734931974, 1723.3887221922832, 11.814010696098348]}