{"rotation": [0.36552738356932457, -0.00934330041715672, 0.006503089474389828, -0.9307309731740783], "translation": [3164.9858567826577, 1726.6664843031317, 11.755290999424894]}