{"rotation": [0.36562581948823425, -0.006156143941998103, 0.007818668100623021, -0.9307087248137598], "translation": [3165.4422846920793, 1727.1093559571002, 11.761993772654085]}