{"rotation": [0.37117886047348414, -0.012062971698668325, -0.0004466379299728832, -0.9284829232495138], "translation": [3156.312381838841, 1718.6438496937287, 11.797729160901008]}