{"rotation": [0.5563726271311833, -0.00477416011963284, -0.004893191927343102, -0.8309047862704003], "translation": [3150.632597933263, 1711.8795257872148, 11.949801285747384]}