{"rotation": [0.3654227598790571, -0.005879023030613365, 0.008524604227233917, -0.9307840645248218], "translation": [3165.3889837347415, 1727.040913582036, 11.780484015838493]}