{"rotation": [0.3659501711063852, -0.005684465605532141, 0.0072703142015757135, -0.9305886855369548], "translation": [3165.452851089839, 1727.107664433475, 11.768134490216985]}