{"rotation": [0.3659633946860352, -0.0056629702555567474, 0.007296275330064154, -0.9305834131791012], "translation": [3165.454233816071, 1727.1097438359975, 11.769973679054953]}