{"rotation": [0.36544947168465297, -0.006399263538797506, 0.008183193062922794, -0.930773209983433], "translation": [3165.447879118084, 1727.101348256942, 11.769097005950478]}