{"rotation": [0.4720970465911324, -0.0062701782078900155, -0.004320717669009507, -0.8815136952220289], "translation": [3151.645910286923, 1713.6962710446294, 11.916658412767267]}