{"rotation": [0.36540811911682247, -0.007295237648168411, 0.004699891923399694, -0.9308069601195896], "translation": [3162.640216927246, 1724.5020211729225, 11.78701864573827]}