{"rotation": [0.3656623353192171, -0.006237755642611671, 0.007866000236951418, -0.9306934366233125], "translation": [3165.442542290432, 1727.1090986977717, 11.762712310823286]}