{"rotation": [0.3659196946203388, -0.002469411419631895, 0.003562675756755371, -0.9306363341486571], "translation": [3159.117068223172, 1721.2667535960672, 11.842214543277096]}