{"rotation": [0.3657012093758712, -0.008096659803319176, 0.0054410329956796795, -0.9306811831776737], "translation": [3163.4415900175345, 1725.2395081126422, 11.775549211573951]}