{"rotation": [0.36966679251510476, -0.011191583778848015, -0.0004626423649088355, -0.9290968716587942], "translation": [3157.0610311304554, 1719.3557141644064, 11.79161791184789]}