{"rotation": [0.3659848303921111, -0.005681529580859886, 0.007256658949994172, -0.9305751796847813], "translation": [3165.4519041800845, 1727.1086402085593, 11.768180484665768]}