{"rotation": [0.3661309835079469, -0.005527157694592141, 0.00714848510462781, -0.9305194531034973], "translation": [3165.441864127601, 1727.1167032587741, 11.764925307794556]}