{"rotation": [0.6228783883065797, -0.007410869767293076, -0.004726578779394865, -0.7822692962419859], "translation": [3150.1586013457963, 1710.4552242765697, 11.9492857973614]}