{"rotation": [0.3683342402412669, -0.0036879353279990804, 0.0031288548190373184, -0.9296808575346847], "translation": [3157.593952732223, 1719.8548028747566, 11.823206802939247]}