{"rotation": [0.3658728240203165, -0.002332895984244767, 0.003625831797586542, -0.9306548702840924], "translation": [3159.160765119769, 1721.3063895209245, 11.838152206811456]}