{"rotation": [0.3660596199233381, -0.005557165725384143, 0.007183651377865205, -0.9305470797996], "translation": [3165.446337962366, 1727.1121551340304, 11.766267517614418]}