{"rotation": [0.3659870367328985, -0.005774635691918137, 0.00733827516757174, -0.930573098817961], "translation": [3165.434178574407, 1727.1196101955213, 11.758512129955868]}