{"rotation": [0.5497694311019757, -0.004607580144733057, -0.004955359097895465, -0.835289044132168], "translation": [3150.692692034715, 1712.0158501700905, 11.948222391247274]}