{"rotation": [0.36737502567699937, -0.005427461599502948, 0.002465847731193078, -0.9300537902532179], "translation": [3158.043149540116, 1720.2765111106635, 11.81776242759518]}