{"rotation": [0.36568520466503546, -0.006058339727902931, 0.0076700429368846195, -0.9306872718857709], "translation": [3165.4409264242, 1727.11032746514, 11.759266319899819]}