{"rotation": [0.3677511380178896, -0.007192370622984774, 0.001719507990853433, -0.9298948400672187], "translation": [3157.7918864113467, 1720.041194130548, 11.807174126796669]}