{"rotation": [0.3654371203107226, -0.005232478576786697, 0.008817341265861995, -0.9307795586281165], "translation": [3165.393410584416, 1727.0455125061137, 11.784170133190793]}