{"rotation": [0.37117899182302955, -0.01206316759085099, -0.00044669729912234877, -0.9284828681663638], "translation": [3156.3122730493933, 1718.6437471716815, 11.79772855875985]}