{"rotation": [0.36583073334772304, -0.00868471021610079, 0.006143892994356202, -0.9306206009570192], "translation": [3163.883889651818, 1725.6475275229539, 11.765507710983147]}