{"rotation": [0.36606291988170037, -0.002609597395765115, 0.0036641742560599194, -0.9305792295748584], "translation": [3158.9306128761814, 1721.0940208655645, 11.834738003968763]}