{"rotation": [0.3656327670235785, -0.0062573947568791526, 0.007891257826120456, -0.9307047075949815], "translation": [3165.4428589102718, 1727.108096623566, 11.762786467350198]}