{"rotation": [0.3677568549632174, -0.006258904183488632, 0.0020698467176596346, -0.9298986167752646], "translation": [3157.773586696719, 1720.0247257345327, 11.812607235057344]}