{"rotation": [0.36575471463293124, -0.005927903723344993, 0.0075246496919249405, -0.9306619839277006], "translation": [3165.436074172831, 1727.1169129802868, 11.757258236084882]}