{"rotation": [0.3654645687988615, -0.00618216432965755, 0.008368368000023111, -0.9307671031003834], "translation": [3165.375427421391, 1727.0301076006922, 11.762943124374466]}