{"rotation": [0.38928147243925315, -0.00735829971165808, -0.0012786309631611077, -0.9210885710634675], "translation": [3153.7562031340362, 1716.1790709156426, 11.870186439356575]}