{"rotation": [0.3656084286145827, -0.009289950582650376, 0.0065909191656401194, -0.9306990563703713], "translation": [3164.6542752556884, 1726.3594943929172, 11.755803650578565]}