{"rotation": [0.3655970033333785, -0.006290651611923983, 0.007939991798941292, -0.9307181181142784], "translation": [3165.443017414506, 1727.108046017021, 11.76371571488082]}