{"rotation": [0.36545645877619953, -0.008324116411877124, 0.007458754968025631, -0.9307613296646184], "translation": [3165.3734707187655, 1727.0260343711209, 11.773727203822942]}