{"rotation": [0.3683298095902518, -0.003163063516417559, 0.0033414792798166725, -0.9296838069540754], "translation": [3157.59036052535, 1719.8527384187362, 11.824249302338258]}