{"rotation": [0.3647308487086304, -0.002563862324485867, 0.004343010287256549, -0.9310993356629077], "translation": [3160.7177052628476, 1722.7357666187465, 11.820261199331389]}