{"rotation": [0.36581779135079373, -0.008514262918004483, 0.006099382426580207, -0.9306275562179559], "translation": [3164.1726472209616, 1725.914179061337, 11.763778621438671]}