{"rotation": [0.36540812396835526, -0.002001150021909899, 0.003996213260050327, -0.9308366820318681], "translation": [3159.70337613914, 1721.8051410850044, 11.835528843135299]}