{"rotation": [0.3656927057016457, -0.008051957912019295, 0.005377997640177219, -0.9306852787660149], "translation": [3163.305542584889, 1725.114856444078, 11.778376920081556]}