{"rotation": [0.3654732453239429, -0.009294017665348157, 0.007125091808785396, -0.9307481728452319], "translation": [3165.314409281045, 1726.9711875678108, 11.76430853360461]}