{"rotation": [0.36565774423224556, -0.0061958240017472264, 0.007829560256716944, -0.9306958277730225], "translation": [3165.442510206499, 1727.1087485928426, 11.762096719234025]}