{"rotation": [0.37169479783569814, -0.012323094041430716, -0.000361682014158654, -0.928273121339429], "translation": [3155.992637152225, 1718.3380640146552, 11.805909929623144]}