{"rotation": [0.3678903229607354, -0.003940968267594822, 0.002943211229546292, -0.9298561805723603], "translation": [3157.7331377820815, 1719.985885271408, 11.819002701897817]}