{"rotation": [0.36606781340360783, -0.0055553251930741685, 0.007193256934219034, -0.930543793384588], "translation": [3165.447074686802, 1727.1126053516423, 11.767517768978855]}