{"rotation": [0.36838048910733817, -0.007768991700782493, 0.0013484167064653813, -0.9296416727887027], "translation": [3157.5407867574027, 1719.8051385581928, 11.799210995883827]}