{"rotation": [0.368312120801577, -0.0030955418280444675, 0.0033668908253335576, -0.929690950444074], "translation": [3157.5841183428615, 1719.8454264593752, 11.819727917287711]}