{"rotation": [0.36832980924587233, -0.003163059371619315, 0.0033414810467719555, -0.9296838070982656], "translation": [3157.5903604898776, 1719.8527383655196, 11.824249312143584]}