{"rotation": [0.3654714970450383, -0.009011541618401103, 0.007247538939950785, -0.9307506917239613], "translation": [3165.335624386965, 1726.9906849805002, 11.765366751117412]}