{"rotation": [0.41439711401182455, -0.005813706064220057, -0.004675816822895752, -0.9100655852505953], "translation": [3152.836480328428, 1715.2053288650425, 11.890908000093093]}