{"rotation": [0.3654597284216244, -0.007875912746867046, 0.007593312886291793, -0.9307628583585656], "translation": [3165.4345298612193, 1727.0861837383836, 11.76717811992208]}