{"rotation": [0.36756257073675164, -0.007416003303813706, 0.0015673471655796886, -0.9299679042371575], "translation": [3157.914185681179, 1720.1574763866843, 11.806670727208317]}