{"rotation": [0.36487774503793, -0.003484640627153693, 0.0039803647998521655, -0.9310404100530734], "translation": [3161.3482249271287, 1723.3139540888528, 11.815728134038967]}