{"rotation": [0.4019364226956445, -0.00671979695214184, -0.0029236141358279914, -0.9156382522153249], "translation": [3153.2380069200563, 1715.6426380441403, 11.881681068340892]}