{"rotation": [0.3660434409484519, -0.005624865534271909, 0.0072222909468420676, -0.9305527382904302], "translation": [3165.450167995172, 1727.1104151822303, 11.768199578883562]}