{"rotation": [0.36706887318140496, -0.003719912039122983, 0.003270931411261113, -0.9301805768792734], "translation": [3158.2699441154286, 1720.4852843094538, 11.832101528465554]}