{"rotation": [0.36582973951135145, -0.008409005873254168, 0.006004342473192203, -0.9306244345495905], "translation": [3163.699450448884, 1725.4777091309722, 11.768881018995707]}