{"rotation": [0.36496677930131455, -0.0025294782954440715, 0.004521130032690298, -0.9310061284058264], "translation": [3160.283577806264, 1722.3381233885875, 11.828709952856519]}