{"rotation": [0.3658700051076299, -0.008625770914212266, 0.006137534383903852, -0.9306057522443996], "translation": [3164.0613649207708, 1725.8120662705362, 11.765122085301783]}