{"rotation": [0.37243566203616063, -0.011179891039454628, 9.463694415022203e-05, -0.9279906673689566], "translation": [3155.5421372621363, 1717.9100279838012, 11.81814370253659]}