{"rotation": [0.6228786589010696, -0.007410865500976181, -0.004726559186756312, -0.7822690809410693], "translation": [3150.1585998452806, 1710.455218456824, 11.949285960981243]}