{"rotation": [0.3657269016520792, -0.005919752491592093, 0.007615662662718473, -0.9306722256630507], "translation": [3165.4380839744986, 1727.1141812574115, 11.758145090632608]}