{"rotation": [0.36567613973718077, -0.00605514727828662, 0.007662802978713627, -0.9306909140358369], "translation": [3165.441586608997, 1727.109679804149, 11.759149633182233]}