{"rotation": [0.3655788833746868, -0.006292032718129412, 0.007955108789340477, -0.9307250972220212], "translation": [3165.4434305567165, 1727.1071206311092, 11.764885607431221]}