{"rotation": [0.3682592500006624, -0.005438166831346107, 0.002306088909605176, -0.9297043794047681], "translation": [3157.5907726935293, 1719.850165985668, 11.815176075043999]}