{"rotation": [0.36794836256524593, -0.003099837753408982, 0.003319321276047762, -0.9298351335574083], "translation": [3157.717920256163, 1719.9726734340272, 11.821201212008146]}