{"rotation": [0.3658971365017166, -0.005716827595982925, 0.007380996578648426, -0.9306084699118035], "translation": [3165.455847761754, 1727.1076098553199, 11.76984891526979]}