{"rotation": [0.36543888661581403, -0.005585061074572761, 0.008658549806462768, -0.9307783069867049], "translation": [3165.3941056576555, 1727.0464018189793, 11.78214819166038]}