{"rotation": [0.4885542999030909, -0.005486201312731235, -0.0043583313163656455, -0.872505359633678], "translation": [3151.3990421723997, 1713.321710750826, 11.920637811329145]}