{"rotation": [0.36559695360250716, -0.005885770681959088, 0.007510529265157867, -0.9307243507989907], "translation": [3165.460871050032, 1727.102960250396, 11.768375422113808]}