{"rotation": [0.3652842832862032, -0.006330630464566791, 0.0042353825654448795, -0.93086485433522], "translation": [3162.0061136205854, 1723.917858482911, 11.8036292378858]}