{"rotation": [0.36554263764527584, -0.007652767720440533, 0.0049804907021360366, -0.9307498105946181], "translation": [3163.0154034010657, 1724.8467208098039, 11.779226833605772]}