{"rotation": [0.3656741199781035, -0.006030563130721095, 0.00766291858262589, -0.9306918662830154], "translation": [3165.4399157986354, 1727.1118435299504, 11.758654680039866]}