{"rotation": [0.3656258180472276, -0.006156143980883102, 0.007818665917873264, -0.930708725397934], "translation": [3165.442284669147, 1727.1093559933026, 11.761993789790928]}