{"rotation": [0.36591688926583255, -0.005691172974689407, 0.007346658457529005, -0.9306011322310418], "translation": [3165.455120945789, 1727.108184864837, 11.769931833617422]}