{"rotation": [0.3683475861604753, -0.0063380902589892495, 0.0018562659475692743, -0.929664691519664], "translation": [3157.5645610650245, 1719.827002174413, 11.80490992885506]}