{"rotation": [0.36761966128042767, -0.008107294522861156, 0.0013399866342218099, -0.9299399232484878], "translation": [3157.8396584883703, 1720.0870622146276, 11.80381874157684]}