{"rotation": [0.4334748715810728, -0.006076883216680117, -0.004423305945380201, -0.9011343082818769], "translation": [3152.3581481364495, 1714.6443360240116, 11.904789389969967]}