{"rotation": [0.3659344702297291, -0.005814333342367301, 0.0073476124683880635, -0.9305934502329607], "translation": [3165.436620034018, 1727.1171654296343, 11.758090448569908]}