{"rotation": [0.5303548014294065, -0.004150720374153757, -0.005614208854904106, -0.8477470358427], "translation": [3150.8857442755034, 1712.4206372365957, 11.943983843955083]}