{"rotation": [0.3856764522357256, -0.00761074706201194, -0.0010590088949635956, -0.9226020969086199], "translation": [3153.948150603229, 1716.3718020602037, 11.86307524370493]}