{"rotation": [0.36543065511900086, -0.009420699487008391, 0.006951651330004074, -0.9307649334092144], "translation": [3165.1721861060673, 1726.8387673353816, 11.757378174357116]}