{"rotation": [0.3657215918282868, -0.005917673324588628, 0.007559116613577814, -0.9306747864689523], "translation": [3165.436893903368, 1727.1159376084981, 11.757539175713802]}