{"rotation": [0.3654476819850155, -0.006432924686499602, 0.008189663529449099, -0.9307736237254638], "translation": [3165.448085084821, 1727.100748261845, 11.769257348419584]}