{"rotation": [0.3656623351979839, -0.006237755566181627, 0.007866000175537534, -0.9306934366719753], "translation": [3165.4425422939853, 1727.109098692942, 11.762712308548398]}