{"rotation": [0.4048261112593399, -0.006423324040581368, -0.0036114267657059106, -0.9143639965285303], "translation": [3153.136247149239, 1715.5338110856644, 11.883827536152054]}