{"rotation": [0.36995811669889983, -0.011177495418225415, -0.0001247619545605626, -0.9289811838348684], "translation": [3156.913645893664, 1719.2155802147652, 11.79197484783569]}