{"rotation": [0.3654564596824384, -0.008324121169657098, 0.007458753479649932, -0.9307613292781672], "translation": [3165.3734706309906, 1727.0260342905124, 11.773727201671536]}