{"rotation": [0.36569094216056125, -0.008028128765064355, 0.005421487706946525, -0.930685925240785], "translation": [3163.370768995387, 1725.1741545909674, 11.775003534666785]}