{"rotation": [0.3696667977571907, -0.011191583750471225, -0.00046264135364516666, -0.9290968695739311], "translation": [3157.0610290615796, 1719.3557122367824, 11.791617907360221]}