{"rotation": [0.36548420374520013, -0.006361371699257627, 0.008130765927628259, -0.9307602915940661], "translation": [3165.446253833055, 1727.1033253628393, 11.76798334630639]}