{"rotation": [0.36546708599662286, -0.006368653540196833, 0.008135186301161616, -0.9307669246643154], "translation": [3165.446754126485, 1727.1028203226135, 11.768414495221725]}