{"rotation": [0.36739498563385103, -0.0058253464140793545, 0.002272880939929444, -0.9300439902942718], "translation": [3158.0208654833714, 1720.2554448996325, 11.815852450117507]}