{"rotation": [0.36560207156854346, -0.006273998277035564, 0.007916919991715015, -0.9307164361867981], "translation": [3165.4434041293002, 1727.107536600535, 11.763374707975577]}