{"rotation": [0.3661306336812429, -0.0027374554460472228, 0.0036039408896747617, -0.9305524579667265], "translation": [3158.8506731050024, 1721.0213601021903, 11.83784127281237]}