{"rotation": [0.3684558345456495, -0.008730491358738286, 0.0009018244251771417, -0.9296038205722963], "translation": [3157.516867670791, 1719.784345671213, 11.795350791201837]}