{"rotation": [0.3648268177163259, -0.002582655559035214, 0.004232690074499564, -0.9310621930354467], "translation": [3160.4965808621832, 1722.5328015423684, 11.823790753151188]}