{"rotation": [0.36966679230895527, -0.011191583779963954, -0.0004626424046776326, -0.929096871740783], "translation": [3157.0610312118147, 1719.3557142402121, 11.791617912024416]}