{"rotation": [0.36583513569985, -0.005874352169761711, 0.007440230228711883, -0.93063139236123], "translation": [3165.435299665846, 1727.1179752336923, 11.757226550375723]}