{"rotation": [0.36739498241604135, -0.005825316751573703, 0.002272893476821006, -0.930043991720555], "translation": [3158.020867217619, 1720.2554464086957, 11.815852585785414]}