{"rotation": [0.3683077538192348, -0.002986654461673248, 0.003415392889813449, -0.9296928597462524], "translation": [3157.5874001447132, 1719.8482041236812, 11.82457546901506]}