{"rotation": [0.3656612994464767, -0.006217544863964258, 0.007838764953904903, -0.9306942086351329], "translation": [3165.4421338296784, 1727.1092449622456, 11.762285027965175]}