{"rotation": [0.3656260326631412, -0.006115737693774465, 0.007817812402189081, -0.9307089146455603], "translation": [3165.441758679786, 1727.1097584009074, 11.761602671779864]}