{"rotation": [0.36556392286124145, -0.009244142669154267, 0.006654854550154613, -0.9307165395755729], "translation": [3164.7351548747056, 1726.4341724142441, 11.754551637775455]}