{"rotation": [0.3657155606227833, -0.0021694650210123782, 0.0038042010952834193, -0.9307163639873925], "translation": [3159.36410958865, 1721.493377350794, 11.83768502680947]}