{"rotation": [0.3663768986421894, -0.002739681112573457, 0.0037579143499547993, -0.9304549104435264], "translation": [3158.6624015183384, 1720.848528381187, 11.837039307890702]}