{"rotation": [0.366059618029533, -0.005557166501006918, 0.0071836539610026255, -0.9305470805200138], "translation": [3165.446338040046, 1727.1121550606083, 11.766267522043814]}