{"rotation": [0.3680261601788472, -0.002147339912903039, 0.0037309619255543433, -0.9298054712026715], "translation": [3157.6968646235537, 1719.9513981995406, 11.824193420459672]}