{"rotation": [0.36544636074011794, -0.009458214991209786, 0.006989145889132002, -0.930758105756122], "translation": [3165.233150870019, 1726.895509394161, 11.758441140772813]}