{"rotation": [0.3647787075299806, -0.0027105445631968915, 0.0042475661369212195, -0.9310806117962291], "translation": [3160.593898234103, 1722.6220608371125, 11.826598703463802]}