{"rotation": [0.3658579398042345, -0.00848995985237745, 0.006118823555222538, -0.930611867784957], "translation": [3164.114021839151, 1725.8599342116847, 11.761878449292057]}