{"rotation": [0.36565539329217467, -0.0060997039118843395, 0.007757538220573039, -0.9306979894516205], "translation": [3165.4420899086085, 1727.109158313325, 11.760711396457097]}