{"rotation": [0.36604343997283495, -0.005624867261347237, 0.007222290493301875, -0.9305527386672806], "translation": [3165.4501681043935, 1727.1104150857989, 11.768199642393586]}