{"rotation": [0.3656420487267259, -0.006105365550065566, 0.007767187953475263, -0.9307031145890284], "translation": [3165.4416616519657, 1727.109708954015, 11.760883997854762]}