{"rotation": [0.36587000584259677, -0.008625772998353208, 0.00613753519310382, -0.9306057519307908], "translation": [3164.061363569831, 1725.812065013651, 11.765122093016956]}