{"rotation": [0.3654690906937, -0.006734530947331946, 0.00810016495808202, -0.9307638675668987], "translation": [3165.3794687155423, 1727.0340560512964, 11.760964694235213]}