{"rotation": [0.3658516966522108, -0.0084621002095598, 0.006104753313705377, -0.9306146683261128], "translation": [3164.131795537034, 1725.876391050498, 11.76180686838788]}