{"rotation": [0.365612660681996, -0.009313137286457752, 0.006551786338375674, -0.9306974384399537], "translation": [3164.6109011544563, 1726.3190641898937, 11.755737181342463]}