{"rotation": [0.36563744664249476, -0.009354439577110926, 0.0064433755985331045, -0.9306880438599451], "translation": [3164.5239324674703, 1726.2388159562984, 11.758382420683494]}