{"rotation": [0.367372874495861, -0.0048277850420338575, 0.0027190151209557393, -0.9300572404605043], "translation": [3158.073569755378, 1720.3033524199348, 11.820173922192364]}