{"rotation": [0.3784321609995774, -0.007772545810635155, -0.00079335813846079, -0.9255960553263372], "translation": [3154.459839270547, 1716.8747287554222, 11.851597001946551]}