{"rotation": [0.37313103714461693, -0.009648255193074492, 0.0003986952878279439, -0.9277283984729472], "translation": [3155.2553992585986, 1717.6361603745454, 11.827616894530067]}