{"rotation": [0.3656374464846573, -0.009354440141172272, 0.006443375644718316, -0.9306880439159653], "translation": [3164.5239330168074, 1726.238816465382, 11.758382418256263]}