{"rotation": [0.36818884564578636, -0.0024679164770069592, 0.0037451788666260748, -0.9297402093948303], "translation": [3157.611659195395, 1719.8728220251426, 11.822335511565498]}