{"rotation": [0.3655116020240448, -0.009260054324781265, 0.00651056217442221, -0.9307379506391106], "translation": [3164.81521960628, 1726.5079535579803, 11.755837040970459]}