{"rotation": [0.3656020757731134, -0.006273998105996773, 0.007916914134404554, -0.9307164345861446], "translation": [3165.443404183724, 1727.1075365152678, 11.763374647672173]}