{"rotation": [0.3661043188412772, -0.005538958987289371, 0.007144556930417284, -0.9305299043907024], "translation": [3165.4412733666127, 1727.1163792246498, 11.7638993161893]}