{"rotation": [0.505872943565268, -0.004846020649457859, -0.004833526508158375, -0.8625808472682264], "translation": [3151.168681799758, 1712.9411792847814, 11.930043852802095]}