{"rotation": [0.3796516236565516, -0.007713797555554898, -0.0008812184132269101, -0.9250969492092839], "translation": [3154.357821517695, 1716.775885635264, 11.854431923611985]}