{"rotation": [0.5697870448152994, -0.005264388477140698, -0.004749222148231804, -0.8217617992238362], "translation": [3150.51975161107, 1711.6019779896026, 11.948501417909293]}