{"rotation": [0.3655081822742935, -0.009154833183741865, 0.006490099267923, -0.9307404774325722], "translation": [3164.84643931618, 1726.5371585582743, 11.751844491496499]}