{"rotation": [0.3660671325130453, -0.005586617301276594, 0.007198401206437358, -0.9305438341211427], "translation": [3165.438309586171, 1727.1176156650708, 11.760835255079945]}