{"rotation": [0.36558883769597683, -0.006297617406085163, 0.007955977815805714, -0.9307211420098427], "translation": [3165.4434888810274, 1727.106996402999, 11.764627736282328]}