{"rotation": [0.3655396732681059, -0.009225784199901735, 0.00658505815817363, -0.9307267424878243], "translation": [3164.7749375504445, 1726.4713126351123, 11.754725139084767]}