{"rotation": [0.5178947376920859, -0.004591807609737018, -0.004892037549434681, -0.8554180404587781], "translation": [3151.022111229979, 1712.6821822652605, 11.938571186815475]}