{"rotation": [0.36608748206180997, -0.0055341879802691726, 0.0071490501816459506, -0.9305365222937482], "translation": [3165.44362728441, 1727.1140117156751, 11.765324391520291]}