{"rotation": [0.36832318364595157, -0.003951909380265698, 0.0030055792011603587, -0.9296845601034937], "translation": [3157.5896520955225, 1719.8515191204417, 11.818129476901966]}