{"rotation": [0.379651789781912, -0.007713787447040755, -0.000881238298561748, -0.9250968810982307], "translation": [3154.357808249993, 1716.7758727446828, 11.854432206796588]}