{"rotation": [0.378432062631581, -0.007772550555051562, -0.0007933555988835163, -0.9255960955066578], "translation": [3154.4598476353162, 1716.8747368138265, 11.85159674811826]}