{"rotation": [0.4292756037578241, -0.00594862880216126, -0.0047201211060876195, -0.9031416224991923], "translation": [3152.4556261422, 1714.762234027079, 11.90370786797184]}