{"rotation": [0.3654682906287804, -0.00763449535809395, 0.007703325170007984, -0.9307606039185531], "translation": [3165.438586046433, 1727.0903949749259, 11.768048478960678]}