{"rotation": [0.36528428336752566, -0.006330614739460858, 0.004235381593050526, -0.9308648544146756], "translation": [3162.0061075565673, 1723.9178529104288, 11.803629407639697]}