{"rotation": [0.36824723926613595, -0.0027566990087708413, 0.0035793389059188977, -0.9297169245079068], "translation": [3157.603561886086, 1719.866227788586, 11.820905172921536]}