{"rotation": [0.3656084293348728, -0.009289951123187316, 0.006590915887406381, -0.9306990561052382], "translation": [3164.6542740646405, 1726.3594932778396, 11.75580364390611]}