{"rotation": [0.36559900142748, -0.006284717524185227, 0.007938124429836982, -0.9307173892548732], "translation": [3165.443148374021, 1727.1078805812122, 11.763599799105062]}