{"rotation": [0.44703959301159096, -0.006905399160228402, -0.0037583648992608734, -0.8944796210287594], "translation": [3152.0815263279546, 1714.2957328168854, 11.910588288844357]}