{"rotation": [0.36547584963924395, -0.0072931618971729265, 0.007834144361419495, -0.9307592810722539], "translation": [3165.3848019795414, 1727.0391704459662, 11.759543776438148]}