{"rotation": [0.36564032500472676, -0.00925111966790313, 0.006434530644854556, -0.9306880069769399], "translation": [3164.47447745632, 1726.1929055700737, 11.756903547481864]}