{"rotation": [0.36607244099953, -0.005603523228059158, 0.007227753943319603, -0.9305414166177738], "translation": [3165.437327347738, 1727.1186219870099, 11.760655609192415]}