{"rotation": [0.36562925594777707, -0.006147095268198213, 0.007817339723217647, -0.9307074457714897], "translation": [3165.442626500741, 1727.1088522652526, 11.761788141950937]}