{"rotation": [0.3687217622661149, -0.0105816637685451, -8.678431645389323e-05, -0.9294795763714997], "translation": [3157.423440687475, 1719.6959741007863, 11.791947115052071]}