{"rotation": [0.3654840712504024, -0.006366844512618331, 0.00812096553866008, -0.9307603917614365], "translation": [3165.4458613202064, 1727.1038669902214, 11.767471992976743]}