{"rotation": [0.3659761388208401, -0.005751550244200166, 0.007317444506700136, -0.930577691807336], "translation": [3165.4383840876353, 1727.1156051677333, 11.758961686139196]}