{"rotation": [0.3661309831134534, -0.0055271576296610555, 0.007148484791943954, -0.9305194532615062], "translation": [3165.441864151223, 1727.1167032305611, 11.764925261245692]}