{"rotation": [0.36581847980280147, -0.005759102653921853, 0.007405146827097108, -0.9306389398536138], "translation": [3165.4573352850025, 1727.1064229746937, 11.76961441913323]}