{"rotation": [0.36550425981799123, -0.006342355207659138, 0.008075898402017986, -0.9307530233366543], "translation": [3165.4459271786313, 1727.1037410256095, 11.766973522938866]}