{"rotation": [0.36547835480843915, -0.009178431040284898, 0.007200378086313671, -0.9307467341471415], "translation": [3165.3257871437013, 1726.9815360090915, 11.76506110276329]}