{"rotation": [0.36825746149308297, -0.005109673820911498, 0.0024505362976387233, -0.9297065817557539], "translation": [3157.590953771006, 1719.8519653945132, 11.815527211947302]}