{"rotation": [0.36578000132857036, -0.005781264075579363, 0.007424507662269722, -0.9306537725167896], "translation": [3165.458257840029, 1727.1056581712185, 11.769349597436424]}