{"rotation": [0.3683471542322715, -0.00596408695296966, 0.0019794560306512334, -0.929667083094603], "translation": [3157.5696047338806, 1719.8325395192637, 11.805944266098937]}