{"rotation": [0.3658637246339487, -0.0057505284919261495, 0.007399682596924926, -0.9306212500886182], "translation": [3165.45645283133, 1727.1071099543185, 11.769766203190555]}