{"rotation": [0.36550426039765094, -0.0063423550692920045, 0.008075899479370674, -0.9307530231006185], "translation": [3165.445927181659, 1727.103741023705, 11.766973505577498]}