{"rotation": [0.3654954328600857, -0.0076170965660661396, 0.004884692560968919, -0.9307691487027848], "translation": [3162.942285181403, 1724.7790579449315, 11.781020349594472]}