{"rotation": [0.36775595363415603, -0.00646710194330406, 0.001993154764803696, -0.929897716145798], "translation": [3157.777763260171, 1720.0285497669263, 11.812015949651633]}