{"rotation": [0.36580744773106605, -0.008386013829903718, 0.005902497727357092, -0.930634056155859], "translation": [3163.640739814709, 1725.4233623684609, 11.773548269966732]}