{"rotation": [0.369040372806818, -0.011048976554126143, -0.00047950048312171576, -0.9293475633125629], "translation": [3157.305017219115, 1719.5859305742913, 11.78982063140305]}