{"rotation": [0.36475424374701015, -0.002371363191435503, 0.004133280003448146, -0.9310916358240869], "translation": [3160.9481872773167, 1722.947822867087, 11.819316802289435]}