{"rotation": [0.3678903254862943, -0.003940825499964791, 0.0029432615055952514, -0.9298561800190808], "translation": [3157.733135640643, 1719.9858833521303, 11.81900309198566]}