{"rotation": [0.38242016813514673, -0.0076609783862345415, -0.001061636584931736, -0.9239561663528273], "translation": [3154.154001767706, 1716.5762285752091, 11.859506818164526]}