{"rotation": [0.456668046832657, -0.006964879786432844, -0.0039887888243551675, -0.8896009639244562], "translation": [3151.9045808486176, 1714.0593358501121, 11.912951010499716]}