{"rotation": [0.3702743844510524, -0.011285929171038659, -0.00016022608677524847, -0.9288538541394668], "translation": [3156.7952105617105, 1719.102337644558, 11.797091011030343]}