{"rotation": [0.36955429176732374, -0.011180838878582577, -0.0005018808379235965, -0.9291417342870503], "translation": [3157.1074105730513, 1719.3988567593954, 11.79142548677947]}