{"rotation": [0.36553405634792935, -0.006322794811331359, 0.008034415306735838, -0.9307418138701418], "translation": [3165.444473129889, 1727.1059211646839, 11.765818655410436]}