{"rotation": [0.3659812913423676, -0.005770893311901408, 0.007321751887303832, -0.9305755117813151], "translation": [3165.435313487237, 1727.1185297314971, 11.75866674200977]}