{"rotation": [0.36567519650255753, -0.006046180800998071, 0.007670182961676505, -0.9306912821413296], "translation": [3165.439170168616, 1727.1125832511734, 11.75870683268346]}