{"rotation": [0.36750683086632874, -0.0068340679183935184, 0.001800712105746325, -0.9299939689149531], "translation": [3157.964544821625, 1720.202720856437, 11.813501738220777]}