{"rotation": [0.4248246100111152, -0.005847548086072576, -0.004808006812332835, -0.9052440223391578], "translation": [3152.5585953514183, 1714.8858618907068, 11.900867536116266]}