{"rotation": [0.5303552095577097, -0.004150725378731186, -0.0056142050516259576, -0.8477467805161318], "translation": [3150.885739866903, 1712.420628621796, 11.943983994058657]}