{"rotation": [0.3654288616223414, -0.0073506156667598925, 0.0077755682710971465, -0.9307777694384309], "translation": [3165.3859255684565, 1727.0376116810587, 11.775863595090863]}