{"rotation": [0.4378316004405536, -0.0063953222141850665, -0.004032657107697901, -0.899025209427462], "translation": [3152.2644960119196, 1714.5294446090174, 11.908092187516154]}