{"rotation": [0.5362669078765762, -0.004176192347641427, -0.005522802758201775, -0.8440200599415071], "translation": [3150.8226047990292, 1712.2940934270127, 11.945493420882151]}