{"rotation": [0.36546909171332626, -0.0067344621994448696, 0.008100197318811298, -0.9307638673823329], "translation": [3165.379468163391, 1727.0340555264358, 11.76096488528442]}