{"rotation": [0.36543596496261344, -0.005310506409119105, 0.008823947822418876, -0.9307795077129436], "translation": [3165.3879825728454, 1727.040147581829, 11.781254069290393]}