{"rotation": [0.36828398115659755, -0.004382214179650197, 0.0028175712273146, -0.9296987505179888], "translation": [3157.5908817205177, 1719.850395237472, 11.817903947089219]}