{"rotation": [0.3701255581501849, -0.011188594732000297, -7.347892452182122e-05, -0.9289143561990981], "translation": [3156.8503058073616, 1719.1538510311627, 11.794466572158738]}