{"rotation": [0.5178937593319344, -0.004591848992845211, -0.004891972494122327, -0.8554186329353483], "translation": [3151.0221226910476, 1712.6822032499583, 11.938570590655795]}