{"rotation": [0.36746869347633815, -0.006504401703235871, 0.001945673040532874, -0.9300111109173348], "translation": [3157.9852049731644, 1720.2241829596016, 11.815050896820333]}