{"rotation": [0.3656339614959665, -0.0020895539206149103, 0.0038599475404423596, -0.9307483767217454], "translation": [3159.53167650754, 1721.6482876827513, 11.839844580904472]}