{"rotation": [0.36514628769751173, -0.002033804357502479, 0.004316109765698345, -0.9309379267260798], "translation": [3159.950792678273, 1722.032498727087, 11.834494619651771]}