{"rotation": [0.3654258028295194, -0.00671783753632861, 0.00809890233843396, -0.9307809952218348], "translation": [3165.3900625967744, 1727.0415641196832, 11.778915493240493]}