{"rotation": [0.37130401814864944, -0.012200717036059856, -0.0005052166028081185, -0.9284310493335829], "translation": [3156.2373431234014, 1718.5709298750944, 11.800806637494047]}