{"rotation": [0.3667776777264938, -0.0028846654187463195, 0.0033646141187823795, -0.9302980668575067], "translation": [3158.358177000459, 1720.5661081817268, 11.834987798478437]}