{"rotation": [0.36562203087496264, -0.009341318362768535, 0.0065115080680339015, -0.9306937576737008], "translation": [3164.566978406251, 1726.2782817189377, 11.756176023915852]}