{"rotation": [0.36757906745462016, -0.007770156365173369, 0.0014240167456407412, -0.9299587227482523], "translation": [3157.893227310528, 1720.1354494950358, 11.807239150210123]}