{"rotation": [0.37210136164586294, -0.011974548438368355, -0.00025695324999024956, -0.9281148209278953], "translation": [3155.729102683571, 1718.0872786468656, 11.813963217332008]}