{"rotation": [0.36884579147157887, -0.010927135307012958, -0.0003308789154758853, -0.9294263124889622], "translation": [3157.369507877973, 1719.6449066378075, 11.79144594067778]}