{"rotation": [0.36543310719384253, -0.005133025559613918, 0.008912916562805096, -0.9307807776988105], "translation": [3165.3914499815637, 1727.043273104516, 11.784145082362922]}