{"rotation": [0.365468059419805, -0.009472528125073442, 0.007006756589622258, -0.9307493078788377], "translation": [3165.289020697778, 1726.947333503967, 11.764246466619674]}