{"rotation": [0.364830932599735, -0.003107638329536435, 0.00402769427688598, -0.9310598857652672], "translation": [3161.2854668748096, 1723.2564479908044, 11.813936573866137]}