{"rotation": [0.36746869631214085, -0.0065044411047862054, 0.0019456533808656449, -0.9300111095624027], "translation": [3157.985202715764, 1720.2241809679188, 11.815050746860537]}