{"rotation": [0.43783138187379, -0.006395303729140884, -0.004032673929559002, -0.8990253159270196], "translation": [3152.2645005527024, 1714.5294501951275, 11.908092059349565]}