{"rotation": [0.36546456430218327, -0.006182073440369919, 0.008368418627488794, -0.9307671050144974], "translation": [3165.375428472708, 1727.030108494737, 11.762944946360534]}