{"rotation": [0.3667776747671297, -0.002884652913549677, 0.003364617557853605, -0.9302980680505982], "translation": [3158.35817820691, 1720.5661092576217, 11.83498782276668]}