{"rotation": [0.3656365049757917, -0.0061074348962517995, 0.007803582069336124, -0.9307049745085513], "translation": [3165.4419415283583, 1727.1094717471597, 11.761404690230444]}