{"rotation": [0.36544635888661436, -0.00945821430487117, 0.0069891474141226834, -0.9307581064793917], "translation": [3165.233149949468, 1726.8955085396487, 11.758441136864594]}