{"rotation": [0.3650118796631141, -0.002286387804109196, 0.0043968039390109605, -0.930989671398524], "translation": [3160.167846140826, 1722.2319431412943, 11.833521440842585]}