{"rotation": [0.36562581874157407, -0.0061561439621464365, 0.007818666969627273, -0.9307087251164508], "translation": [3165.4422846801967, 1727.1093559758585, 11.761993781533567]}