{"rotation": [0.3654553298581934, -0.009405240621068109, 0.006881042740265237, -0.9307559264264212], "translation": [3165.1260839576166, 1726.7958469493944, 11.75706139702022]}