{"rotation": [0.3666851213573676, -0.0024793078367257035, 0.0034369587023775766, -0.9303354567695792], "translation": [3158.454754386118, 1720.6574661636394, 11.83853764694884]}