{"rotation": [0.38399021398988314, -0.007643828542268109, -0.0010820785415155652, -0.9233048881876723], "translation": [3154.05047090965, 1716.4742247239617, 11.861454315284238]}