{"rotation": [0.37313145487075444, -0.009647586286715554, 0.0003985554061213354, -0.9277282374803857], "translation": [3155.2552706167085, 1717.6360378819888, 11.827619960894353]}