{"rotation": [0.3650919478505108, -0.0020986377978362064, 0.004296518604937752, -0.9309591856048206], "translation": [3160.018485143111, 1722.0941672457047, 11.835120148716879]}