{"rotation": [0.3657192696652009, -0.005918782697649702, 0.007589405405466136, -0.930675445433327], "translation": [3165.439165131115, 1727.1133411472915, 11.758157398324618]}