{"rotation": [0.374952874773019, -0.008225766649683873, -4.402309089082361e-05, -0.9270073767367988], "translation": [3154.8649765736227, 1717.2637225780481, 11.842585496026665]}