{"rotation": [0.3654275352908801, -0.006171225001066151, 0.008355313761354413, -0.9307818332805858], "translation": [3165.3894692355975, 1727.0411075419654, 11.779672406491313]}