{"rotation": [0.37243564021016085, -0.011179941846110165, 9.461127155273099e-05, -0.9279906755190337], "translation": [3155.5421480387, 1717.9100381807648, 11.818143426130487]}