{"rotation": [0.36520582853311434, -0.002042994313799314, 0.00422519569785829, -0.9309149674921927], "translation": [3159.89036104596, 1721.9761766782015, 11.835028340430245]}