{"rotation": [0.37130401858712775, -0.012200717278433143, -0.0005052165701311787, -0.9284310491550565], "translation": [3156.2373427550347, 1718.5709295277509, 11.800806636943745]}