{"rotation": [0.36546829062704955, -0.007634491062051936, 0.007703327217671491, -0.9307606039375235], "translation": [3165.4385861124642, 1727.0903950408024, 11.768048490848932]}