{"rotation": [0.36547907313227274, -0.008130477618495635, 0.0074849517730881015, -0.9307539513389265], "translation": [3165.4027418188875, 1727.0565868110518, 11.756314646483318]}