{"rotation": [0.36543855748813076, -0.006490132176801801, 0.008169970467972914, -0.9307769821326021], "translation": [3165.447736001165, 1727.1004051446996, 11.76931431323091]}