{"rotation": [0.3675384049781233, -0.007072883685145324, 0.0017009161999493776, -0.9299798933668374], "translation": [3157.9371774878505, 1720.1780600724242, 11.808207104536647]}