{"rotation": [0.3707247518199093, -0.011398918821591178, -0.00025058894771158726, -0.9286727950375981], "translation": [3156.600996881037, 1718.9180439360973, 11.796427645382531]}