{"rotation": [0.372268718258725, -0.011638368367004251, -0.00010937324288180539, -0.9280520124568739], "translation": [3155.6368392027343, 1717.9998142243444, 11.81623693379741]}