{"rotation": [0.3658282266721097, -0.0023647134976117314, 0.0036062380420624042, -0.930672397649784], "translation": [3159.2147017005136, 1721.3554950221198, 11.840448718947682]}