{"rotation": [0.36830775388819104, -0.0029866543354861766, 0.0034153929311838316, -0.9296928597191879], "translation": [3157.5874001402835, 1719.8482041165764, 11.824575468900509]}