{"rotation": [0.3661043176765246, -0.005538959847598552, 0.0071445583931487346, -0.9305299048326066], "translation": [3165.44127342802, 1727.1163791608617, 11.763899320702565]}