{"rotation": [0.36737406339694234, -0.005505714450360279, 0.002433323616792329, -0.9300537960719188], "translation": [3158.0391095037467, 1720.272894318235, 11.817436626264193]}