{"rotation": [0.3657650425267118, -0.005909460464062277, 0.0074924672707272506, -0.9306583018899329], "translation": [3165.437321734682, 1727.1150190452045, 11.757270087062977]}