{"rotation": [0.36571926910443936, -0.0059187819307106255, 0.007589405861458804, -0.9306754456548434], "translation": [3165.439165173326, 1727.113341105501, 11.758157399883325]}