{"rotation": [0.3655345956861555, -0.006330545532305337, 0.008043474051709989, -0.9307414711266506], "translation": [3165.444367659925, 1727.106019918802, 11.765947080050788]}