{"rotation": [0.3673586955056478, -0.004487529212663387, 0.0028645429477740006, -0.9300641081730091], "translation": [3158.090068066096, 1720.3203753285036, 11.82185015004273]}