{"rotation": [0.3655078392031999, -0.009331396275779174, 0.006433538521300622, -0.9307392514053799], "translation": [3164.9227008091325, 1726.607757875298, 11.756354845608472]}