{"rotation": [0.3661098633391379, -0.005536748253978281, 0.007146933747636927, -0.9305277178690471], "translation": [3165.4425387556153, 1727.115968853314, 11.765316045781194]}