{"rotation": [0.36500905313434107, -0.002283835947807325, 0.004366161509560902, -0.930990930061624], "translation": [3160.150727260758, 1722.2162562453095, 11.835353640822655]}