{"rotation": [0.36479094962833764, -0.0027011018880327945, 0.004237114251071146, -0.9310758905592333], "translation": [3160.5735869692166, 1722.6034685937727, 11.827092177194762]}