{"rotation": [0.36566659956890835, -0.006104972781794548, 0.007761396203646257, -0.9306935199065347], "translation": [3165.4410562167095, 1727.1103335869084, 11.7605016785167]}