{"rotation": [0.3668546740793637, -0.0030874816960848447, 0.00332636492632222, -0.9302671932618484], "translation": [3158.332856032127, 1720.5434777593186, 11.832818350756689]}