{"rotation": [0.3655044321502919, -0.006337692906820435, 0.008071310404338752, -0.9307530272179986], "translation": [3165.4452286871606, 1727.1045493773693, 11.766726732808163]}