{"rotation": [0.3658700055351106, -0.008625772126416692, 0.006137534854560976, -0.9306057520619945], "translation": [3164.061364135021, 1725.8120655394905, 11.765122089789157]}