{"rotation": [0.3672100899953269, -0.0035614983501785747, 0.0033561949152037048, -0.9301251536706321], "translation": [3158.1638205002287, 1720.3881335639455, 11.832455658549405]}