{"rotation": [0.36670188887355193, -0.0024546213369779587, 0.0034237864636172985, -0.9303289618285098], "translation": [3158.4010875733347, 1720.6072558281812, 11.8344160198227]}