{"rotation": [0.368296852077777, -0.003005931479386128, 0.0033898121042233633, -0.9296972100094952], "translation": [3157.58203832445, 1719.8442594958894, 11.81967179814301]}