{"rotation": [0.3655791756350328, -0.006304222012439015, 0.00794895313063481, -0.9307249525348263], "translation": [3165.443085787125, 1727.107585573344, 11.764185301348084]}