{"rotation": [0.36604778344888117, -0.005579310234582077, 0.007209691872097218, -0.930551402058251], "translation": [3165.4481093847367, 1727.1116583189962, 11.767761453221517]}