{"rotation": [0.3662182731196342, -0.002738073500151777, 0.003653907977333866, -0.9305177743295794], "translation": [3158.7724861661104, 1720.9485662769262, 11.837034981748753]}