{"rotation": [0.36605187486712715, -0.005576938182652116, 0.007169769682877573, -0.9305501152917357], "translation": [3165.4428022607417, 1727.1136881905707, 11.762636851456763]}