{"rotation": [0.36712739905642644, -0.0034264906885210877, 0.00343228001119512, -0.9301580250030367], "translation": [3158.206228586014, 1720.426746904245, 11.827680666030647]}