{"rotation": [0.3682472399839771, -0.002756702402873915, 0.003579337683454639, -0.929716924218223], "translation": [3157.603561793016, 1719.8662276967411, 11.820905157552478]}