{"rotation": [0.3655438310716705, -0.006313529440151163, 0.008019295407422466, -0.9307381682367082], "translation": [3165.444055566821, 1727.1065124154127, 11.765490600072228]}