{"rotation": [0.36564731228778435, -0.006112648336239138, 0.007776972083441003, -0.9307009171867461], "translation": [3165.441251553231, 1727.1099284336656, 11.760992032343228]}