{"rotation": [0.365373349129073, -0.0072114103085522095, 0.004684853631915287, -0.9308213380955627], "translation": [3162.5621993374016, 1724.4298674773615, 11.788467529107237]}