{"rotation": [0.3654368470646601, -0.005961597098722742, 0.007611659332023873, -0.9307859221161899], "translation": [3165.461895923505, 1727.1016388415032, 11.768074955164076]}