{"rotation": [0.36761966239589555, -0.008107296133256687, 0.0013399872636563864, -0.9299399227925795], "translation": [3157.8396578200477, 1720.087061616165, 11.803818730247112]}