{"rotation": [0.36530170986162874, -0.006649421835645481, 0.00444432386382805, -0.9308548189416089], "translation": [3162.162870889622, 1724.0622278553167, 11.795429886852721]}