{"rotation": [0.3647731768302255, -0.002311521891186473, 0.004096349246984775, -0.931084532281886], "translation": [3161.021787750667, 1723.0152242260026, 11.81619980138385]}