{"rotation": [0.5697866424944964, -0.005264361152641361, -0.004749232057389143, -0.8217620782996552], "translation": [3150.519754943427, 1711.6019863710521, 11.948501388803567]}