{"rotation": [0.3649296207969401, -0.0025913228305829684, 0.0044787642729886, -0.9310207288678252], "translation": [3160.352500325442, 1722.401498881222, 11.827335082861728]}