{"rotation": [0.3656651800939558, -0.00623508535914516, 0.007839414034285683, -0.93069256114198], "translation": [3165.441888847369, 1727.1096237475383, 11.762480619209486]}