{"rotation": [0.3682717052166037, -0.0047842261634641805, 0.0026031724115195484, -0.9297022565371496], "translation": [3157.5911105861487, 1719.851384010554, 11.816582025631812]}