{"rotation": [0.3654981244126304, -0.008048038201219286, 0.0075290838369145695, -0.9307468307915627], "translation": [3165.395624935837, 1727.0499446260455, 11.756111610889176]}