{"rotation": [0.3657248609002732, -0.00591732084494383, 0.007573547843873878, -0.9306733867509861], "translation": [3165.437052649437, 1727.1157675953555, 11.757652079845172]}