{"rotation": [0.3655426260066996, -0.0076527576283108864, 0.00498047667735036, -0.9307498153235781], "translation": [3163.0153909253536, 1724.8467092605217, 11.77922696352865]}