{"rotation": [0.3649828436533701, -0.0042772126873230395, 0.004111724039035299, -0.9309953399538334], "translation": [3161.5073336296773, 1723.4594625727868, 11.81041284024495]}