{"rotation": [0.43347487681223723, -0.006076883546277147, -0.0044233055743712205, -0.9011343057651154], "translation": [3152.358148022628, 1714.6443358858883, 11.9047893935977]}