{"rotation": [0.36563276680151946, -0.006257394564185152, 0.007891257994872761, -0.9307047076820834], "translation": [3165.442858905139, 1727.108096631632, 11.76278647270029]}