{"rotation": [0.45120378197976363, -0.006965003065649502, -0.003842357663959709, -0.892385495258095], "translation": [3152.000622714377, 1714.1898177915052, 11.911865506134669]}