{"rotation": [0.3654429102062282, -0.007460207623335364, 0.0047623332089656335, -0.9307916764048904], "translation": [3162.793089805459, 1724.6420925178818, 11.784222802079626]}