{"rotation": [0.3895110039456457, -0.007329169849465051, -0.0013018549532183624, -0.9209917297393357], "translation": [3153.7450235095207, 1716.1677815425915, 11.870469573923929]}