{"rotation": [0.36549354356731517, -0.009462665990726694, 0.006695497031032028, -0.9307416923521061], "translation": [3165.078681636045, 1726.7520782750344, 11.759497338711672]}