{"rotation": [0.3656884352505992, -0.006002054534600547, 0.0076531792490623024, -0.9306865060334301], "translation": [3165.438473946148, 1727.1133998883736, 11.758336556511663]}