{"rotation": [0.3676196673845156, -0.008107303335303366, 0.0013399900786276815, -0.9299399207536564], "translation": [3157.8396548311634, 1720.0870589397098, 11.803818679577896]}