{"rotation": [0.368572127949247, -0.009694867355903749, 0.00047500356131490254, -0.9295484766366584], "translation": [3157.4909089059634, 1719.758378011372, 11.797547030726536]}