{"rotation": [0.3654935420186284, -0.009462669388037998, 0.0066955037963029335, -0.9307416928770536], "translation": [3165.0786846036863, 1726.7520810347203, 11.759497344889025]}