{"rotation": [0.36641977132825404, -0.0028485688687761497, 0.0036967108177185055, -0.9304379458965978], "translation": [3158.642184359797, 1720.8304410553073, 11.841683453585405]}