{"rotation": [0.3673586916965949, -0.004487509206543743, 0.002864554290307006, -0.9300641097391111], "translation": [3158.0900691488273, 1720.3203762685202, 11.821850236009466]}