{"rotation": [0.36546764111800095, -0.008106786578862485, 0.007503769155393834, -0.9307584953979584], "translation": [3165.429735395168, 1727.0817076461794, 11.766856703400157]}