{"rotation": [0.36477429179774595, -0.002535507290128551, 0.004016005186396531, -0.9310838624681331], "translation": [3161.106820721802, 1723.0929969740737, 11.819010705674609]}