{"rotation": [0.3655273751603873, -0.009343298482365111, 0.006503076915531192, -0.9307309765837052], "translation": [3164.9858515621513, 1726.6664794115115, 11.755290920137893]}