{"rotation": [0.37495275532100975, -0.00822579724903391, -4.4005372881113014e-05, -0.9270074247816616], "translation": [3154.8649947696226, 1717.2637398626089, 11.842585093360842]}