{"rotation": [0.3659501735560694, -0.005684469375352157, 0.0072703163201695755, -0.9305886845340471], "translation": [3165.452850917008, 1727.1076646054064, 11.768134493945194]}