{"rotation": [0.36807851960568, -0.0015934414064855996, 0.003985721796700039, -0.9297848021833517], "translation": [3157.6788486463925, 1719.9353850440605, 11.824027137721448]}