{"rotation": [0.3648777504416981, -0.003484666180331097, 0.003980365841065198, -0.9310404078352286], "translation": [3161.3482305311736, 1723.3139592234709, 11.81572812161382]}