{"rotation": [0.39656896373689415, -0.006905263301641685, -0.0019940208966571274, -0.9179767961228893], "translation": [3153.438404174513, 1715.8536472652427, 11.876990904424389]}