{"rotation": [0.3654727606833244, -0.008608123385145126, 0.0073882219727612495, -0.9307529079118565], "translation": [3165.351674736164, 1727.0057830345897, 11.766057774179853]}