{"rotation": [0.3653320753562561, -0.001972104463168399, 0.0040796818902893075, -0.9308662319128088], "translation": [3159.7633734544115, 1721.860300021061, 11.835480510531843]}