{"rotation": [0.36649497934214736, -0.0027442782604603652, 0.003687928852053406, -0.9304086726995887], "translation": [3158.5995106854502, 1720.7893962969144, 11.83807017579823]}