{"rotation": [0.3693504620792599, -0.011146534969825999, -0.0005635696412597205, -0.9292231558184842], "translation": [3157.1937161610435, 1719.481841861778, 11.790440899543507]}