{"rotation": [0.365595507580865, -0.006303856630171158, 0.007954555801749216, -0.9307184919567639], "translation": [3165.4436547380387, 1727.106783815209, 11.764378454361758]}