{"rotation": [0.36721008998180676, -0.0035614983046514466, 0.003356194939010106, -0.9301251536760581], "translation": [3158.1638205039953, 1720.3881335671686, 11.832455658575466]}