{"rotation": [0.47748640998600456, -0.006069957562802495, -0.004208570137038744, -0.8786080877338113], "translation": [3151.5616361880943, 1713.573328137183, 11.919059572377519]}