{"rotation": [0.3656587675105116, -0.008887646756945353, 0.006323642951402635, -0.930685063282763], "translation": [3164.3767287821834, 1726.102375417349, 11.757789309063538]}