{"rotation": [0.36566129942919534, -0.0062175448956149236, 0.007838764964403534, -0.9306942086416227], "translation": [3165.4421338292723, 1727.1092449627358, 11.762285028149497]}