{"rotation": [0.3659501737347412, -0.00568446965031024, 0.007270316474692737, -0.9305886844608984], "translation": [3165.4528509044035, 1727.1076646179474, 11.768134494217106]}