{"rotation": [0.3655955124327492, -0.006303852994600063, 0.007954567502004933, -0.9307184899755211], "translation": [3165.44365467231, 1727.1067839217546, 11.764378538358233]}