{"rotation": [0.36542753601806116, -0.006171234900063691, 0.00835530681510968, -0.9307818329918146], "translation": [3165.389469254875, 1727.0411075543761, 11.77967239061944]}