{"rotation": [0.3656155218946306, -0.0062689052681725, 0.007917988521161492, -0.9307111777744127], "translation": [3165.4424906433383, 1727.1086039977963, 11.76320886841186]}