{"rotation": [0.3683296105636705, -0.00562039432294556, 0.0021190154959704398, -0.929675867667327], "translation": [3157.571474127064, 1719.833610978514, 11.805892697045207]}