{"rotation": [0.3656866950475015, -0.006064956236155456, 0.007683323583124843, -0.930686533645892], "translation": [3165.440688460871, 1727.1105323253087, 11.759398797953484]}