{"rotation": [0.3655191889414584, -0.006317712139890892, 0.008050528052660594, -0.9307475479564634], "translation": [3165.445059194121, 1727.105065366814, 11.766142574711061]}