{"rotation": [0.36582823331981434, -0.0023647196293717304, 0.0036062401691960245, -0.9306723950128853], "translation": [3159.2146955776902, 1721.355489489256, 11.840448861327161]}