{"rotation": [0.3649434764223185, -0.003914359724778091, 0.004037096068709313, -0.9310126952196032], "translation": [3161.4297338229926, 1723.3887211759738, 11.814010729694962]}