{"rotation": [0.365443420116671, -0.008059826783837931, 0.007544012574090305, -0.9307680880648663], "translation": [3165.37803490582, 1727.0302443816702, 11.774664223451436]}