{"rotation": [0.3682980242334768, -0.005320638431089051, 0.0022409345085184066, -0.929689859235289], "translation": [3157.5773424793997, 1719.8388557608569, 11.807716447565026]}