{"rotation": [0.36559695478245197, -0.005885771280114692, 0.0075105258934489985, -0.9307243503589233], "translation": [3165.46087102627, 1727.102960272928, 11.768375424929282]}