{"rotation": [0.3839933193612529, -0.007643866473272218, -0.0010820330703815476, -0.9233035964381923], "translation": [3154.0502747833198, 1716.4740311954592, 11.86145796196555]}