{"rotation": [0.36546829063617325, -0.0076345137083305556, 0.007703316423559576, -0.9307606038375225], "translation": [3165.438585764389, 1727.0903946935402, 11.76804842818084]}