{"rotation": [0.36621827044766825, -0.0027380715847823076, 0.003653900928055226, -0.9305177754144857], "translation": [3158.772489051877, 1720.948568862913, 11.837034792688378]}