{"rotation": [0.36546708585553017, -0.006368653731265664, 0.008135186411398496, -0.9307669247174448], "translation": [3165.446754129023, 1727.1028203190992, 11.768414495762105]}