{"rotation": [0.3656741203023931, -0.006030564280769774, 0.007662919193920102, -0.930691866143115], "translation": [3165.439915758435, 1727.1118435701783, 11.758654682052319]}