{"rotation": [0.365877143870597, -0.005867890216025399, 0.007418671279641043, -0.9306150905578267], "translation": [3165.4351104154525, 1727.1182611322317, 11.757291058179943]}