{"rotation": [0.3660596163930386, -0.005557167171246166, 0.007183656193170289, -0.9305470811425451], "translation": [3165.4463381071723, 1727.1121549971645, 11.766267525871399]}