{"rotation": [0.36565774468484125, -0.006195824375403947, 0.007829560197747, -0.9306958275932125], "translation": [3165.4425101908128, 1727.1087486153538, 11.762096728403545]}