{"rotation": [0.36583433996625037, -0.005882789200509352, 0.007459586234763733, -0.930631496923399], "translation": [3165.4341936853516, 1727.1190174156607, 11.757132399732443]}