{"rotation": [0.3659812929287607, -0.005770893008027201, 0.00732175223247672, -0.9305755111565793], "translation": [3165.4353133789245, 1727.118529841997, 11.758666732196813]}