{"rotation": [0.365963394999775, -0.005662968610602818, 0.007296271992997496, -0.9305834130918939], "translation": [3165.4542336609848, 1727.1097440024616, 11.769973704977678]}