{"rotation": [0.36603032325553947, -0.005718664371459317, 0.007319988494387136, -0.9305565630866799], "translation": [3165.436112911134, 1727.1188255524364, 11.759137703382441]}