{"rotation": [0.36593447031364634, -0.0058143335390453054, 0.007347612509596883, -0.930593450198408], "translation": [3165.436620066281, 1727.11716539481, 11.758090452187565]}