{"rotation": [0.36782695585169284, -0.005100372893937534, 0.002536534949873581, -0.9298768105161391], "translation": [3157.7528282912135, 1720.0035017298383, 11.816146772973452]}