{"rotation": [0.36569271043213547, -0.008051952170146424, 0.005377980399769502, -0.9306852770565718], "translation": [3163.305532470443, 1725.1148470926323, 11.77837702621013]}