{"rotation": [0.3654710009930801, -0.005950966178814779, 0.00758618958105067, -0.930772788150951], "translation": [3165.4617349609757, 1727.1017587543301, 11.768072324620649]}