{"rotation": [0.36544514901103914, -0.007569832946557838, 0.007678551188692326, -0.9307704231146923], "translation": [3165.3838259291806, 1727.0357745905103, 11.775035135225417]}