{"rotation": [0.3654203070449616, -0.007327546401335509, 0.0047660709736913566, -0.9308015851030638], "translation": [3162.7137439326398, 1724.5689159313363, 11.78374954282388]}