{"rotation": [0.3710604574839175, -0.011953254236685496, -0.00037393892518006714, -0.9285316993913882], "translation": [3156.390276135894, 1718.717470495387, 11.799194910213643]}