{"rotation": [0.36543712316766747, -0.005232501873200299, 0.00881733011537163, -0.9307795574811055], "translation": [3165.3934106753636, 1727.045512618555, 11.78417009672301]}