{"rotation": [0.367468692101218, -0.006504382596880642, 0.00194568257377668, -0.9300111115743595], "translation": [3157.985206067812, 1720.224183925397, 11.81505096953798]}