{"rotation": [0.365512962889049, -0.00917142799290424, 0.006445227852364002, -0.9307387484716486], "translation": [3164.8823653085083, 1726.5707043753719, 11.752025583433433]}