{"rotation": [0.3683342399935829, -0.0036879529646929306, 0.0031288471003866427, -0.9296808575888299], "translation": [3157.593952807719, 1719.8548029906738, 11.823206758740296]}