{"rotation": [0.36533657710007933, -0.007014034465742788, 0.00465965999078267, -0.9308374059534144], "translation": [3162.404153232964, 1724.284317894298, 11.791027677111378]}