{"rotation": [0.3679577134670882, -0.00292937376394242, 0.0033965224435094895, -0.9298317070872095], "translation": [3157.7146359917065, 1719.9697310371741, 11.821673160107686]}