{"rotation": [0.3657547122968316, -0.005927907172688052, 0.007524652058814122, -0.9306619848046914], "translation": [3165.4360743881375, 1727.11691273501, 11.757258262809742]}