{"rotation": [0.4720968976669129, -0.006270183754040646, -0.004320721597039111, -0.8815137749200791], "translation": [3151.6459126393447, 1713.696274413272, 11.916658340755395]}