{"rotation": [0.36530171544448425, -0.006649484770371173, 0.004444358590620201, -0.9308548161353218], "translation": [3162.162894882961, 1724.0622499648034, 11.795429425059574]}