{"rotation": [0.36550818232963916, -0.009154832629029932, 0.006490103260077807, -0.9307404773884562], "translation": [3164.8464363104804, 1726.5371557407736, 11.75184464706005]}