{"rotation": [0.3657547116978317, -0.005927908057134992, 0.007524652665708785, -0.930661985029561], "translation": [3165.4360744433475, 1727.1169126721188, 11.757258269662241]}