{"rotation": [0.38242007324440613, -0.00766097854119137, -0.001061636676890382, -0.9239562056261654], "translation": [3154.1540081394533, 1716.5762348128937, 11.85950666938476]}