{"rotation": [0.3683315482854051, -0.0033693833311817575, 0.003269121578440286, -0.9296826504984103], "translation": [3157.5921385014394, 1719.8523036602596, 11.823995014020808]}