{"rotation": [0.3658351350910498, -0.005874355092342978, 0.007440231234138197, -0.9306313925740658], "translation": [3165.43529979235, 1727.1179750991505, 11.757226555523241]}