{"rotation": [0.36569086477935525, -0.008028335483780803, 0.005421247776640937, -0.9306859552603292], "translation": [3163.3710889262775, 1725.174446073588, 11.774993644404608]}