{"rotation": [0.36592804696229325, -0.005823839104559226, 0.007374736249558247, -0.9305957020154861], "translation": [3165.435277769631, 1727.1185932966314, 11.757966589633227]}