{"rotation": [0.36732269250674665, -0.003965952837496693, 0.0031398574767789694, -0.9300798095231991], "translation": [3158.1283678672407, 1720.3542689928693, 11.827958573043935]}