{"rotation": [0.370434914546932, -0.011260601574572756, -0.00023144712526301241, -0.9287901374201893], "translation": [3156.731734477804, 1719.0429465662694, 11.795426518265943]}