{"rotation": [0.3654305030606407, -0.00942775889752155, 0.006950078955634455, -0.9307649333733667], "translation": [3165.1797132849433, 1726.8458061055242, 11.75752612815819]}