{"rotation": [0.5897233696487549, -0.006859796378375607, -0.004385494701394165, -0.8075642747917896], "translation": [3150.366542188179, 1711.178879443716, 11.946539822294872]}