{"rotation": [0.36509195063007993, -0.002098636259349676, 0.004296516830626946, -0.9309591845264208], "translation": [3160.018480643256, 1722.0941631455835, 11.835120176580356]}