{"rotation": [0.3656339725123191, -0.0020895554842921236, 0.00385993905403721, -0.9307483724257797], "translation": [3159.531668542413, 1721.6482804328625, 11.839844737287514]}