{"rotation": [0.3809854081696857, -0.007677721430886835, -0.0009805309832946285, -0.9245486519996655], "translation": [3154.2568285057014, 1716.6770027277769, 11.857126005557586]}