{"rotation": [0.36893476741488107, -0.011010393267364504, -0.00042851081243131065, -0.9293899746667753], "translation": [3157.339342256239, 1719.617355275404, 11.791310223872776]}