{"rotation": [0.36829805572554297, -0.003032637022289478, 0.003388428238571648, -0.9296966515028158], "translation": [3157.5873628228933, 1719.8501650234657, 11.824120866311475]}