{"rotation": [0.36544946600696976, -0.0063992592236612935, 0.008183195530191782, -0.9307732122206374], "translation": [3165.4478791073207, 1727.1013483013485, 11.769096994593088]}