{"rotation": [0.36551031964425185, -0.007607734214215121, 0.0049188456820938925, -0.9307631995146984], "translation": [3162.962205518558, 1724.7975027370057, 11.779888912998919]}