{"rotation": [0.36544658040740674, -0.0065802926159208965, 0.008134099669828622, -0.9307735132889112], "translation": [3165.4473230334856, 1727.09934762837, 11.76880979110466]}