{"rotation": [0.39171198941690094, -0.0071565955901593085, -0.0015000368231004309, -0.9200588298452127], "translation": [3153.6445173955926, 1716.065242772726, 11.873093869130924]}