{"rotation": [0.3655314849565187, -0.006313142462897717, 0.00802139857414859, -0.9307430015329904], "translation": [3165.4446467335424, 1727.1056980660112, 11.765560186546523]}