{"rotation": [0.36550271787024363, -0.005926682283197845, 0.0075506920664336254, -0.9307607773836933], "translation": [3165.4615523579855, 1727.1020034456897, 11.768134338829572]}