{"rotation": [0.365879653959616, -0.005864749540874875, 0.007407874710426016, -0.9306142095000963], "translation": [3165.4365097720124, 1727.1168341150124, 11.757427640594113]}