{"rotation": [0.48294476645557294, -0.0058429038614368125, -0.0042127408406825925, -0.8756211885525883], "translation": [3151.479220632612, 1713.4493542279606, 11.921876432836273]}