{"rotation": [0.549768796107769, -0.0046075661319179475, -0.0049553650598576976, -0.835289462113391], "translation": [3150.6926979358163, 1712.0158632256262, 11.948222244946043]}