{"rotation": [0.3749528140103823, -0.008225782214907343, -4.401407812487074e-05, -0.927007401176177], "translation": [3154.8649858295303, 1717.2637313703285, 11.842585291199443]}