{"rotation": [0.3660874833948061, -0.005534187158292029, 0.00714904956933606, -0.9305365217789197], "translation": [3165.4436272189064, 1727.1140117839193, 11.765324389018238]}