{"rotation": [0.36829806376505103, -0.005320590172126847, 0.00224093770877425, -0.929689843843268], "translation": [3157.577344469382, 1719.8388570682419, 11.807717432934153]}