{"rotation": [0.36482681716659254, -0.002582655632061545, 0.004232689265563152, -0.9310621932543288], "translation": [3160.4965815120368, 1722.5328021335133, 11.823790738086073]}