{"rotation": [0.36558904020948063, -0.006286346918612338, 0.007949118831704356, -0.9307211972609891], "translation": [3165.4433177751016, 1727.1074017590188, 11.764017436337989]}