{"rotation": [0.36827170478773663, -0.004784177044289346, 0.0026032009573053027, -0.9297022568798674], "translation": [3157.591110593093, 1719.8513839018415, 11.816582199117375]}