{"rotation": [0.41786077463911075, -0.005767627294540265, -0.004838442720448567, -0.9084798825320429], "translation": [3152.740470412696, 1715.095939056313, 11.892878404277663]}