{"rotation": [0.36600179663463206, -0.0025091032400313797, 0.0036384819850352416, -0.9306036485582877], "translation": [3159.02020116479, 1721.1774087581778, 11.837713266284087]}