{"rotation": [0.3699729941440745, -0.011135429705912149, -9.300664235263264e-05, -0.92897576779973], "translation": [3156.9038362624615, 1719.2063745716905, 11.790664234726854]}