{"rotation": [0.3654341702561557, -0.009440301695473758, 0.006951918302554483, -0.9307633527084144], "translation": [3165.194489554957, 1726.8595540982253, 11.758251663000719]}