{"rotation": [0.3647752640784464, -0.0023375188366714914, 0.004087896881646464, -0.9310836867979554], "translation": [3161.043489342029, 1723.0351090272368, 11.816002285537591]}