{"rotation": [0.36547494698198896, -0.008826780188572568, 0.007314724811779765, -0.9307505819933409], "translation": [3165.344454740191, 1726.9990229981697, 11.765797927763563]}