{"rotation": [0.37130401295614346, -0.01220071416584981, -0.0005052169897718692, -0.9284310514477101], "translation": [3156.2373474856267, 1718.5709339883786, 11.800806644011107]}