{"rotation": [0.36553967175861013, -0.009225782244031864, 0.006585057158622231, -0.9307267431071329], "translation": [3164.7749387246454, 1726.4713137285523, 11.754725151256313]}