{"rotation": [0.365689496948018, -0.00214720962661149, 0.0038737969912976786, -0.9307263695681965], "translation": [3159.4173072867884, 1721.5439409868125, 11.839558885966076]}