{"rotation": [0.36560842875237726, -0.009289950686057443, 0.006590918538499752, -0.9306990563196502], "translation": [3164.6542750278354, 1726.359494179597, 11.755803649302102]}