{"rotation": [0.3675625712605251, -0.007416010044585104, 0.0015673446012932064, -0.9299679039807078], "translation": [3157.914185165381, 1720.1574759263508, 11.806670695417687]}