{"rotation": [0.36608343106302593, -0.00554301880481861, 0.0071654792904711296, -0.9305379370827339], "translation": [3165.445107741226, 1727.1132942386446, 11.766286871321624]}