{"rotation": [0.3662533590357383, -0.002859242408372976, 0.003682470849192584, -0.9305034879764469], "translation": [3158.739995740113, 1720.9193993291058, 11.841067433139212]}