{"rotation": [0.3784322452325795, -0.007772541747967661, -0.0007933603131134641, -0.9255960209197198], "translation": [3154.4598321077506, 1716.8747218549674, 11.851597219300979]}