{"rotation": [0.3652687330578385, -0.002031730816691945, 0.00413431514116971, -0.9308907197724787], "translation": [3159.8273675173086, 1721.918685195409, 11.835939075592849]}