{"rotation": [0.3657652570795385, -0.00831234113834851, 0.005768459812124809, -0.930652140474482], "translation": [3163.578260499666, 1725.3653195704176, 11.776438836762164]}