{"rotation": [0.36544713799603573, -0.00780245088698761, 0.007621946996093817, -0.9307681865076026], "translation": [3165.3814097044765, 1727.033473700193, 11.774909069492997]}