{"rotation": [0.3662533611575626, -0.002859245213953867, 0.003682474446279061, -0.930503487118424], "translation": [3158.73999373948, 1720.9193975362564, 11.841067487503263]}