{"rotation": [0.36500891704770816, -0.002284500698607878, 0.0043664265294926265, -0.9309909805425507], "translation": [3160.1511526863405, 1722.2166448097346, 11.835343098291938]}