{"rotation": [0.36553399481908827, -0.006334461526932991, 0.00804361027383026, -0.9307416792872905], "translation": [3165.444315452299, 1727.1060580675585, 11.766039649624974]}