{"rotation": [0.3655340554099747, -0.006322794999773613, 0.008034416983065415, -0.9307418142227579], "translation": [3165.444473114777, 1727.1059211835632, 11.765818680465872]}