{"rotation": [0.4667850759838243, -0.0065026038795833584, -0.004280358359182747, -0.8843365239058475], "translation": [3151.7289456640647, 1713.817082030222, 11.916546468443958]}