{"rotation": [0.3650919511997443, -0.0020986359440414814, 0.004296516466987274, -0.9309591843054059], "translation": [3160.018479721023, 1722.0941623052756, 11.835120182290893]}