{"rotation": [0.3682592482838372, -0.00543819283217818, 0.002306072147039489, -0.9297043799742991], "translation": [3157.5907726109717, 1719.8501660205277, 11.815175977021582]}