{"rotation": [0.3683296100960379, -0.0056203761229631066, 0.002119021534363781, -0.9296758679488643], "translation": [3157.5714743968056, 1719.8336111759127, 11.805892816787177]}