{"rotation": [0.3680261566363054, -0.0021473579256391356, 0.003730955874374001, -0.9298054725875259], "translation": [3157.6968652047326, 1719.9513987128366, 11.824193405823644]}