{"rotation": [0.36606713263439156, -0.005586617244636565, 0.0071984010904072625, -0.9305438340746439], "translation": [3165.4383095486114, 1727.1176157053155, 11.760835249917271]}