{"rotation": [0.3685721217285921, -0.009694805497376363, 0.0004750352465531026, -0.9295484797321583], "translation": [3157.490911765669, 1719.758380554109, 11.797547189226075]}