{"rotation": [0.36807851579230777, -0.0015934698318222306, 0.003985711119627651, -0.9297848036900248], "translation": [3157.678850231329, 1719.935386450913, 11.824027136898813]}