{"rotation": [0.3657269032299696, -0.005919750840374611, 0.007615659646138855, -0.9306722250781736], "translation": [3165.438084181074, 1727.1141810433899, 11.758145088293544]}