{"rotation": [0.3658269851962841, -0.008727458484024004, 0.006246974016908935, -0.9306209882042418], "translation": [3163.942971619995, 1725.7017461476257, 11.764423502115976]}