{"rotation": [0.36713952875585054, -0.003485671998440285, 0.0033752808594436656, -0.9301532260841604], "translation": [3158.197823820002, 1720.419837958553, 11.83398965109051]}