{"rotation": [0.36546150332594796, -0.009533394202017514, 0.006953632728143741, -0.9307516591301942], "translation": [3165.274024456425, 1726.9335532592452, 11.76390799567875]}