{"rotation": [0.36831542728697997, -0.0030959576957574346, 0.00339515711166137, -0.9296895363380954], "translation": [3157.5914946894345, 1719.8536691799866, 11.819779038311514]}