{"rotation": [0.36557888450476594, -0.0062920333381784556, 0.007955107405593806, -0.9307250967857736], "translation": [3165.443430585382, 1727.1071205989465, 11.76488561922806]}