{"rotation": [0.36545918787394455, -0.006908405218877741, 0.008018668663821666, -0.9307671872647363], "translation": [3165.444608200746, 1727.0967868465057, 11.76831693679418]}