{"rotation": [0.36643721382668537, -0.002836727624038891, 0.003692673412408905, -0.9304311288120106], "translation": [3158.634898317161, 1720.8239401941976, 11.841899637465213]}