{"rotation": [0.3670052820133392, -0.003589845406405846, 0.003262997382869317, -0.9302062076939429], "translation": [3158.290905697952, 1720.5038126741088, 11.83220603871666]}