{"rotation": [0.3660835144599943, -0.0055495287842400355, 0.007153438979955674, -0.930537958108992], "translation": [3165.442823190933, 1727.1147692275858, 11.763955434933116]}