{"rotation": [0.3654541871084367, -0.006378171607271764, 0.008135316505104054, -0.9307719230172459], "translation": [3165.447400820534, 1727.1020108683285, 11.768334556591793]}