{"rotation": [0.368528342882704, -0.009266014704903704, 0.0006963954529203195, -0.9295700707837952], "translation": [3157.507144781156, 1719.7728777552782, 11.798658451401876]}