{"rotation": [0.36563662497440147, -0.005881130946552747, 0.0074910759314758425, -0.9307089526578689], "translation": [3165.4603663108005, 1727.1035394528878, 11.768522711642042]}