{"rotation": [0.3688457878513161, -0.010927130556033128, -0.00033087250942094614, -0.9294263139838121], "translation": [3157.369509074544, 1719.6449077339103, 11.791445951090035]}