{"rotation": [0.3690403740178849, -0.011048977175120371, -0.0004795013781963532, -0.9293475628238079], "translation": [3157.3050168775953, 1719.5859302620215, 11.789820628836097]}