{"rotation": [0.36567613983056835, -0.00605514746641164, 0.007662803239956947, -0.9306909139957693], "translation": [3165.441586650352, 1727.1096797625567, 11.75914962458943]}