{"rotation": [0.4885550351125666, -0.005486160768345115, -0.004358374992581134, -0.8725049479937674], "translation": [3151.399031730058, 1713.3216943205637, 11.920638329522216]}