{"rotation": [0.36670189151153715, -0.0024546324506254276, 0.0034237876895331213, -0.9303289607548774], "translation": [3158.4010855565275, 1720.6072540400885, 11.834415995826008]}