{"rotation": [0.3652687364882815, -0.0020317319548747983, 0.004134307742435418, -0.9308907184567955], "translation": [3159.8273629638948, 1721.91868104054, 11.835939153114557]}