{"rotation": [0.36573123765210447, -0.008640509254534062, 0.006228349325037334, -0.9306595570185521], "translation": [3164.2772701609188, 1726.0099867716988, 11.76090230359311]}