{"rotation": [0.36582696621937333, -0.00860677098589518, 0.006050518795534794, -0.9306234176627143], "translation": [3163.7659789334466, 1725.538063734623, 11.770279751420688]}