{"rotation": [0.36593446987333983, -0.005814332507092812, 0.007347612293377776, -0.9305934503797031], "translation": [3165.4366198969974, 1727.1171655775295, 11.758090433205995]}