{"rotation": [0.3724356771429027, -0.011179855873913827, 9.465471329413406e-05, -0.9279906617279247], "translation": [3155.5421298031993, 1717.9100209260298, 11.818143893848537]}