{"rotation": [0.36735869398764887, -0.004487521239744857, 0.0028645474680454564, -0.9300641087971384], "translation": [3158.0900684975904, 1720.3203757031222, 11.821850184302532]}