{"rotation": [0.488554321408309, -0.005486200126789466, -0.00435833259391495, -0.8725053475930313], "translation": [3151.3990418669555, 1713.3217102702329, 11.920637826486557]}