{"rotation": [0.38750514660246455, -0.007553643556050294, -0.0011470350449631205, -0.9218358791760257], "translation": [3153.847635668379, 1716.2712376034685, 11.867434808426552]}