{"rotation": [0.365623684051818, -0.006257648260092537, 0.007905597867040448, -0.930708152441459], "translation": [3165.442612001784, 1727.1084682694361, 11.76302396027437]}