{"rotation": [0.36548390396484154, -0.006368484658668822, 0.008137171777214746, -0.9307603046871084], "translation": [3165.446673996695, 1727.1027882148337, 11.768153070598045]}