{"rotation": [0.36750683278459956, -0.006834094483766349, 0.001800700582738214, -0.9299939679840029], "translation": [3157.9645431664817, 1720.2027193874694, 11.813501639727676]}