{"rotation": [0.3673226938967978, -0.003965975433785092, 0.003139844719808218, -0.9300798089209299], "translation": [3158.128366689097, 1720.3542679612513, 11.827958514349486]}