{"rotation": [0.3654682906356046, -0.007634512296773893, 0.007703317096363299, -0.9307606038437556], "translation": [3165.4385857860834, 1727.0903947151849, 11.768048432086992]}