{"rotation": [0.36543892277330203, -0.006939801446252255, 0.007969317314482565, -0.9307753342561869], "translation": [3165.3894668643593, 1727.041080906785, 11.777669317723522]}