{"rotation": [0.3647572181191755, -0.0026592839511654343, 0.004300787874253626, -0.9310889341316908], "translation": [3160.6453174043922, 1722.6692742235691, 11.823637521332126]}