{"rotation": [0.4252609174979719, -0.005852902796795085, -0.004799578639990794, -0.9050391481159878], "translation": [3152.547674546784, 1714.8730237112356, 11.901170384663082]}