{"rotation": [0.3693504693510787, -0.011146536879356952, -0.0005635762781207538, -0.9292231529011283], "translation": [3157.1937125235286, 1719.481838478112, 11.790440870865547]}