{"rotation": [0.3653365719272991, -0.007014030178796902, 0.00465966163889416, -0.9308374080076882], "translation": [3162.404146546334, 1724.2843117170708, 11.791027784779192]}