{"rotation": [0.3651737696057158, -0.005484462588334731, 0.0042745163448992115, -0.9309134047654948], "translation": [3161.774892482903, 1723.7052837568442, 11.80319528995977]}