{"rotation": [0.36829805514703684, -0.0030326385243330672, 0.003388425872480246, -0.9296966517357141], "translation": [3157.5873628193463, 1719.8501649753275, 11.82412085609729]}