{"rotation": [0.3682968520096469, -0.003005931269405675, 0.0033898122147153187, -0.9296972100367608], "translation": [3157.582038326369, 1719.8442594990577, 11.819671801690097]}