{"rotation": [0.36583188646328646, -0.00852616642715583, 0.0060932686497548036, -0.9306219465550614], "translation": [3163.7788593924197, 1725.5500878704822, 11.766129651601899]}