{"rotation": [0.36832980862598935, -0.0031630519109824735, 0.003341484227291463, -0.9296838073578076], "translation": [3157.590360426025, 1719.8527382697284, 11.824249329793197]}