{"rotation": [0.3690165925262888, -0.011038411696337791, -0.0004529525643309043, -0.9293571448810644], "translation": [3157.3096448678743, 1719.5901492295468, 11.789825516450819]}