{"rotation": [0.36554383072839436, -0.006313529353330768, 0.008019295997724685, -0.9307381683670314], "translation": [3165.4440555722817, 1727.106512410259, 11.765490604048011]}