{"rotation": [0.3659848287417298, -0.005681531283373012, 0.007256661060261087, -0.9305751803070074], "translation": [3165.451904251599, 1727.1086401321547, 11.768180477602296]}