{"rotation": [0.4941946583474771, -0.005168474172379456, -0.0046545741701150296, -0.8693234504342126], "translation": [3151.319972924856, 1713.195262950127, 11.924042956741383]}