{"rotation": [0.3682837969831041, -0.0054100234214663106, 0.002204869681189461, -0.9296950656403292], "translation": [3157.581022090951, 1719.8407916641438, 11.80933250432165]}