{"rotation": [0.36567564512351514, -0.006014565251418657, 0.007662475606533714, -0.9306913742137706], "translation": [3165.4404702644315, 1727.111036269832, 11.758561225181127]}