{"rotation": [0.3655158890451325, -0.009357521697626318, 0.006440656376068929, -0.9307357786120991], "translation": [3164.9558721559974, 1726.6385699174555, 11.756398545845938]}