{"rotation": [0.3719483913277109, -0.01214921663541092, -0.0003028746461138388, -0.9281738517060383], "translation": [3155.816972619915, 1718.1714686020855, 11.809180276709421]}