{"rotation": [0.36545918737100375, -0.00690838582747257, 0.008018676716943207, -0.9307671875367618], "translation": [3165.444608311254, 1727.0967869830176, 11.768316922690563]}