{"rotation": [0.3692302511367663, -0.01110139251484735, -0.0005314641447610565, -0.9292714879278147], "translation": [3157.232782021107, 1719.5178821411264, 11.790207489998785]}