{"rotation": [0.6161577850541516, -0.0075393852670385415, -0.004965018325412622, -0.7875710064368707], "translation": [3150.1949720402145, 1710.6023226535856, 11.949417037380329]}