{"rotation": [0.3689347686829609, -0.011010393637193987, -0.0004285118225752175, -0.9293899741585456], "translation": [3157.3393419288177, 1719.6173549769408, 11.791310223428852]}