{"rotation": [0.36566233433659, -0.006237755023126061, 0.00786599973917572, -0.9306934370177382], "translation": [3165.4425423192356, 1727.1090986586241, 11.762712292384611]}