{"rotation": [0.3654714969862214, -0.009011539631726531, 0.007247539759884557, -0.9307506917599068], "translation": [3165.3356244674337, 1726.9906850563345, 11.765366755970952]}