{"rotation": [0.365984863044731, -0.005772569000434138, 0.0073284875993951375, -0.9305740436627116], "translation": [3165.4344344776455, 1727.1194195011324, 11.758592099698888]}