{"rotation": [0.36562925426307225, -0.006147096251887958, 0.007817337889115301, -0.9307074464422357], "translation": [3165.442626536741, 1727.1088522044524, 11.761788115146452]}