{"rotation": [0.37027437958851367, -0.01128592849387499, -0.00016022340039090335, -0.9288538560865398], "translation": [3156.7952126911964, 1719.1023396353237, 11.797091007219937]}