{"rotation": [0.3656260318085558, -0.0061157379046836826, 0.007817813234543206, -0.9307089149729039], "translation": [3165.441758691207, 1727.1097583924065, 11.761602678535361]}