{"rotation": [0.3652835661529216, -0.006283615344219632, 0.004295103952049319, -0.9308651806566036], "translation": [3162.023855152113, 1723.9342063305983, 11.799024587322762]}