{"rotation": [0.36550448790780515, -0.006326621682852656, 0.008060056513493605, -0.9307531781661208], "translation": [3165.4448404445016, 1727.1051276216733, 11.766326943572162]}