{"rotation": [0.36547343540109334, -0.007150125752813787, 0.007899698089216667, -0.9307607847819659], "translation": [3165.4446161532765, 1727.0961325275505, 11.768881833009717]}