{"rotation": [0.4334750494406539, -0.006076894422978987, -0.004423293331074819, -0.9011342227119675], "translation": [3152.3581442664604, 1714.644331327811, 11.90478951331308]}