{"rotation": [0.3660678287974679, -0.005555311872027254, 0.007193223351200022, -0.9305437876679055], "translation": [3165.447074161784, 1727.11260561939, 11.767516052935822]}