{"rotation": [0.369134668038557, -0.011108352612369577, -0.0005230904925717661, -0.9293093821384998], "translation": [3157.2712215347574, 1719.5532326854975, 11.791265003750413]}