{"rotation": [0.3656666879158081, -0.006230600124087343, 0.007849801155792806, -0.9306919112104668], "translation": [3165.4428465339756, 1727.1086583145784, 11.762496975493512]}