{"rotation": [0.36818884262732393, -0.002467894424573607, 0.003745196692819589, -0.9297402105769079], "translation": [3157.6116598015774, 1719.8728225295918, 11.822335629991015]}