{"rotation": [0.37043475519419056, -0.011260523892472268, -0.00023145532780772537, -0.9287902019155448], "translation": [3156.731799046476, 1719.043006495386, 11.795426571327841]}