{"rotation": [0.3650434762773224, -0.002147480907096152, 0.004298114716416544, -0.9309780743728642], "translation": [3160.0842751685195, 1722.15417052043, 11.833590190948286]}