{"rotation": [0.3655788845485366, -0.00629203336219444, 0.007955107351997986, -0.9307250967688767], "translation": [3165.4434305864934, 1727.1071205977014, 11.764885619684977]}