{"rotation": [0.3654653361235544, -0.009367626617575292, 0.007057972673948008, -0.9307510519389086], "translation": [3165.3025153595922, 1726.9599478172813, 11.764364478258244]}