{"rotation": [0.37210134929065686, -0.011974564601460945, -0.0002569581423194932, -0.9281148256714743], "translation": [3155.7291090127014, 1718.08728463783, 11.813963052440494]}