{"rotation": [0.37965181089691014, -0.007713786162220246, -0.0008812408260435574, -0.9250968724411227], "translation": [3154.3578065636307, 1716.775871106253, 11.854432242790159]}