{"rotation": [0.3659193702028297, -0.0024690966932491712, 0.0035628466252692445, -0.9306364618882116], "translation": [3159.117345891232, 1721.2670053158079, 11.842208032429387]}