{"rotation": [0.3763625163162411, -0.007922422088846649, -0.0004585840583100159, -0.9264384929616293], "translation": [3154.6719465904166, 1717.0790799961578, 11.84640829580548]}