{"rotation": [0.36546805964534845, -0.009472532068941901, 0.007006759079832018, -0.9307493077313913], "translation": [3165.2890215520624, 1726.9473343050665, 11.76424645543344]}