{"rotation": [0.3661306788544379, -0.002737444714251536, 0.003603920568445641, -0.9305524403033724], "translation": [3158.8506322541157, 1721.0213231523503, 11.837841978607251]}