{"rotation": [0.365685204529661, -0.006058339060772214, 0.007670042496474372, -0.9306872719469343], "translation": [3165.440926447852, 1727.1103274427262, 11.759266316803147]}