{"rotation": [0.3654709994411319, -0.00595096662432117, 0.007586190770943658, -0.930772788747782], "translation": [3165.4617349666837, 1727.1017587488561, 11.768072324019434]}