{"rotation": [0.3673586882108194, -0.004487490898360448, 0.0028645646701896056, -0.9300641111722963], "translation": [3158.090070139666, 1720.320377128757, 11.821850314680203]}