{"rotation": [0.3657295007746305, -0.005822679934886301, 0.0074420042175268744, -0.9306732215094307], "translation": [3165.459069280506, 1727.1048849465953, 11.769032473629895]}