{"rotation": [0.36535852196280183, -0.0071471333950248175, 0.0046437371788996965, -0.9308278598207104], "translation": [3162.485577485153, 1724.359053765813, 11.791445330337144]}