{"rotation": [0.36700527668506927, -0.0035898325763329343, 0.0032629979994037786, -0.9302062098435193], "translation": [3158.290907213666, 1720.503814005194, 11.832206059453885]}