{"rotation": [0.36602624769325287, -0.005609001950821524, 0.0072251138442304625, -0.9305595751087897], "translation": [3165.4490872865595, 1727.1105781039369, 11.767723740964461]}