{"rotation": [0.36832318219196647, -0.003951921871060857, 0.0030055726841150413, -0.9296845606475075], "translation": [3157.589652122969, 1719.851519121886, 11.818129438569683]}