{"rotation": [0.36602499423558926, -0.00572128504211592, 0.007321674750142591, -0.9305586298407839], "translation": [3165.4377423673254, 1727.117167223122, 11.759289043781484]}