{"rotation": [0.3659633947937452, -0.005662969690827846, 0.007296274184416269, -0.930583413149162], "translation": [3165.454233762828, 1727.1097438931465, 11.769973687954478]}