{"rotation": [0.36543711624020797, -0.005232445384551382, 0.00881735715284383, -0.9307795602623522], "translation": [3165.3934104548352, 1727.0455123459105, 11.784170185149273]}