{"rotation": [0.3654917076724502, -0.007744563757514828, 0.007649577247231205, -0.9307509426924158], "translation": [3165.388939511931, 1727.043567280571, 11.75657625282242]}