{"rotation": [0.36583513614749713, -0.005874350020804895, 0.007440229489427827, -0.9306313922047332], "translation": [3165.43529957283, 1727.1179753326196, 11.757226546590793]}