{"rotation": [0.3647909767411447, -0.002701056354126639, 0.004237097363039224, -0.9310758801455172], "translation": [3160.5735394602098, 1722.603425122937, 11.827092400292669]}