{"rotation": [0.36997299377860365, -0.011135429665408337, -9.300652203703792e-05, -0.9289757679457796], "translation": [3156.903836371038, 1719.2063746731405, 11.790664235483327]}