{"rotation": [0.5118482047836515, -0.004772008904711568, -0.004749957647495028, -0.8590495219096008], "translation": [3151.094708136159, 1712.8130985599275, 11.934796491907546]}