{"rotation": [0.3658307335313732, -0.008684711371746147, 0.006143894650355768, -0.930620600863108], "translation": [3163.883890630665, 1725.647528436941, 11.765507706656171]}