{"rotation": [0.3682839813482855, -0.004382212376175005, 0.002817571996184776, -0.9296987504482257], "translation": [3157.590881719533, 1719.8503952331275, 11.817903953045693]}