{"rotation": [0.40789707835403105, -0.006129996498152654, -0.004112915116429392, -0.9129980725841775], "translation": [3153.036411053681, 1715.4251427513288, 11.88453206946243]}