{"rotation": [0.3654371177487424, -0.0052324576856075345, 0.008817351265121783, -0.9307795596567039], "translation": [3165.393410502857, 1727.0455124052814, 11.78417016589343]}