{"rotation": [0.3660262473489311, -0.005609006957241927, 0.007225114859238515, -0.9305595752061679], "translation": [3165.4490874325807, 1727.1105779527281, 11.767723726376202]}