{"rotation": [0.4941952655980698, -0.005168440371732023, -0.004654600459736964, -0.8693231052831493], "translation": [3151.319964571852, 1713.1952494526856, 11.924043358471204]}