{"rotation": [0.3660310891661503, -0.005633703530354701, 0.007230097128564357, -0.9305574828262279], "translation": [3165.45058031486, 1727.110046160118, 11.768242517547401]}