{"rotation": [0.3726358248919331, -0.010759692006045924, 0.0002746363668222956, -0.9279152416087958], "translation": [3155.4512251213564, 1717.8226241174116, 11.824175619016502]}