{"rotation": [0.40482606339163063, -0.006423329904159635, -0.003611415799809181, -0.91436401772363], "translation": [3153.1362487541255, 1715.5338128080368, 11.88382749058395]}