{"rotation": [0.3674686954992923, -0.00650442981080734, 0.0019456590160719842, -0.930011109950778], "translation": [3157.985203362822, 1720.2241815388104, 11.815050789844667]}