{"rotation": [0.3656297765950573, -0.009157257889274328, 0.0063728004894105785, -0.9306935040650709], "translation": [3164.4293057260693, 1726.1507965340165, 11.759449124067007]}