{"rotation": [0.3648268165128556, -0.0025826557189036693, 0.004232688303584714, -0.9310621935146209], "translation": [3160.4965822848335, 1722.5328028364963, 11.823790720170805]}