{"rotation": [0.36559167580542895, -0.006286625157456985, 0.007948796043658257, -0.9307201628671016], "translation": [3165.4435638652117, 1727.1070917196635, 11.763794509642615]}