{"rotation": [0.36643711730896295, -0.002836793147685189, 0.0036926957534354093, -0.9304311665357128], "translation": [3158.634938633895, 1720.8239761675256, 11.841898441735996]}