{"rotation": [0.3655438311263957, -0.0063135294539920965, 0.008019295313316317, -0.930738168215932], "translation": [3165.4440555659503, 1727.1065124162344, 11.765490599438404]}