{"rotation": [0.3654429116833393, -0.0074602118025921755, 0.004762333130455095, -0.9307916757918595], "translation": [3162.7930945321814, 1724.642096875942, 11.78422273362957]}