{"rotation": [0.4214757247049839, -0.0058115671304685744, -0.0048182336426758005, -0.9068082618704251], "translation": [3152.6438733055948, 1714.9853973188717, 11.897336335880432]}