{"rotation": [0.3654710054392019, -0.005950964902499172, 0.007586186172168051, -0.9307727864411106], "translation": [3165.461734944619, 1727.1017587700144, 11.768072326343122]}