{"rotation": [0.46678463646308577, -0.006502624946777907, -0.004280355897565173, -0.884336755757792], "translation": [3151.7289529866016, 1713.8170922748272, 11.916546289830679]}