{"rotation": [0.3657500094569613, -0.002245400365483396, 0.0037217922918745317, -0.9307029800218584], "translation": [3159.313572524299, 1721.447255585432, 11.839948957766875]}