{"rotation": [0.3647572164852727, -0.0026592845022972004, 0.0043007898180140135, -0.9310889347612252], "translation": [3160.645319307771, 1722.669275967774, 11.823637481077416]}