{"rotation": [0.3678903255994556, -0.003940819103044502, 0.0029432637582899068, -0.9298561799942897], "translation": [3157.733135544692, 1719.985883266134, 11.819003109464123]}