{"rotation": [0.39408286805504683, -0.007031596148653239, -0.0017592809992536171, -0.91904632891464], "translation": [3153.542719446662, 1715.961389165823, 11.876205145413023]}