{"rotation": [0.36566665988370783, -0.006104979926577603, 0.007761295991259256, -0.9306934969978703], "translation": [3165.4410551762153, 1727.110334490854, 11.760501122736835]}