{"rotation": [0.36549170835775213, -0.007744630346444515, 0.007649550483943304, -0.9307509420891941], "translation": [3165.3889404738966, 1727.0435681982715, 11.756576111528489]}