{"rotation": [0.3654288622502106, -0.007350625475750457, 0.007775564864255582, -0.9307777691429215], "translation": [3165.3859254870754, 1727.0376116106534, 11.775863574349644]}