{"rotation": [0.370956897908539, -0.011757946850913732, -0.00030116676493929963, -0.9285755972878592], "translation": [3156.4626720809265, 1718.7857768597232, 11.798618488570336]}