{"rotation": [0.3657957586380315, -0.005893666264843459, 0.007480316287719147, -0.9306464272368005], "translation": [3165.435678054716, 1727.1169780742146, 11.756976137301216]}