{"rotation": [0.3653365646824253, -0.0070140241746017955, 0.0046596639472001634, -0.9308374108848555], "translation": [3162.404137181197, 1724.2843030653928, 11.791027935576057]}