{"rotation": [0.36553399429502215, -0.006334461459562562, 0.008043610558739736, -0.9307416794911053], "translation": [3165.44431545704, 1727.1060580613932, 11.766039651912829]}