{"rotation": [0.36604344093983726, -0.005624865549522022, 0.007222290942837298, -0.9305527382937577], "translation": [3165.4501679961363, 1727.1104151813797, 11.768199579444362]}