{"rotation": [0.36566861733323547, -0.007967843469423894, 0.005348764642636572, -0.9306956357933802], "translation": [3163.233793739102, 1725.0484647477977, 11.778285815321999]}