{"rotation": [0.36540812292983293, -0.007295252719734054, 0.004699900887854241, -0.9308069584593229], "translation": [3162.640227201698, 1724.5020306829863, 11.787018481782695]}