{"rotation": [0.3681888436733258, -0.002467902066505956, 0.003745190515425796, -0.9297402101672771], "translation": [3157.611659591514, 1719.8728223547835, 11.822335588952468]}