{"rotation": [0.36876402502616024, -0.010761494149301304, -0.0002185224866580852, -0.9294607233972304], "translation": [3157.395843698864, 1719.6708023313279, 11.789783431411195]}