{"rotation": [0.3655890402601173, -0.006286346859108934, 0.007949118923380849, -0.9307211972407179], "translation": [3165.443317776026, 1727.10740175825, 11.76401743576795]}