{"rotation": [0.3678269574977517, -0.005100347854309673, 0.0025365433475803287, -0.92987680997945], "translation": [3157.752827881692, 1720.003501364846, 11.816146852333056]}