{"rotation": [0.36582973865756874, -0.008409002676253817, 0.006004342239506818, -0.9306244349156091], "translation": [3163.6994486043022, 1725.4777074288681, 11.768881038366727]}