{"rotation": [0.3654732453040801, -0.009294021757240188, 0.007125091495108739, -0.9307481728145729], "translation": [3165.314408977071, 1726.9711872874072, 11.764308526710112]}