{"rotation": [0.3666811153411117, -0.0025429478685952585, 0.0034794369811714273, -0.9303367060299352], "translation": [3158.4812613608065, 1720.681237497567, 11.83807515168628]}