{"rotation": [0.3655955118861313, -0.0063038534041869355, 0.007954566183843078, -0.9307184901987298], "translation": [3165.4436546797147, 1727.1067839097514, 11.764378528895113]}