{"rotation": [0.36832676389678615, -0.003126410441301133, 0.0033571047277463936, -0.9296850813059876], "translation": [3157.590046825007, 1719.852267809341, 11.824335990341252]}