{"rotation": [0.3658343411856339, -0.005882788204324066, 0.007459582718261146, -0.9306314964785394], "translation": [3165.4341934752633, 1727.119017669503, 11.757132409683846]}