{"rotation": [0.37843225821369264, -0.007772541121871635, -0.0007933606482482917, -0.9255960156173295], "translation": [3154.4598310038973, 1716.874720791542, 11.851597252797358]}