{"rotation": [0.3658724158432575, -0.00586899051971154, 0.007420127456890575, -0.9306169308495421], "translation": [3165.4344942109515, 1727.1188180703732, 11.7572197114683]}