{"rotation": [0.36598699624789716, -0.005774670052783429, 0.007338316458445562, -0.9305731142015543], "translation": [3165.434180107512, 1727.1196079599467, 11.75851144705647]}