{"rotation": [0.36481906415722914, -0.003001889334142067, 0.004035766478108939, -0.9310648482661148], "translation": [3161.2627014020936, 1723.2356383442234, 11.814375717199772]}