{"rotation": [0.36547584773115543, -0.007293276430779511, 0.007834096616042624, -0.9307592813259012], "translation": [3165.384803090318, 1727.0391715253304, 11.759543475470258]}