{"rotation": [0.3654777781599643, -0.009385828346667246, 0.00682489972114104, -0.9307477212657033], "translation": [3165.1006321905793, 1726.7721215074034, 11.756666362772185]}