{"rotation": [0.4999453032497799, -0.004977969575382888, -0.004887297727262856, -0.8660288839861621], "translation": [3151.243579499762, 1713.0704754803596, 11.929073379502968]}