{"rotation": [0.37436060241276686, -0.008451709785879601, 2.2969654235673252e-05, -0.9272446858490161], "translation": [3154.963327974234, 1717.358018540255, 11.838954035313485]}