{"rotation": [0.36474940480141127, -0.0024144374930794095, 0.004244624458389028, -0.931092919826918], "translation": [3160.869210717574, 1722.8753910875432, 11.819502588782388]}