{"rotation": [0.36563391735530676, -0.00915546907156146, 0.006409852695312926, -0.9306916404770792], "translation": [3164.4428339515675, 1726.163380526883, 11.757279125006036]}