{"rotation": [0.3697686779442051, -0.01122662110690283, -0.0003426078914724511, -0.9290559565546898], "translation": [3157.013959462276, 1719.3092797322502, 11.793994062457584]}