{"rotation": [0.3682587825503418, -0.005164239253076111, 0.0024239228316170667, -0.9297058267568208], "translation": [3157.5909310015236, 1719.8520783940612, 11.815375640224214]}