{"rotation": [0.3657877293316673, -0.005893829690935416, 0.007484492847253191, -0.930649548545948], "translation": [3165.4348948158167, 1727.1178337204153, 11.756922032126749]}