{"rotation": [0.38399029371604526, -0.007643829516095173, -0.0010820773741073459, -0.9233048550239247], "translation": [3154.050465874363, 1716.4742197554015, 11.861454408907653]}