{"rotation": [0.622878565481552, -0.007410866973871402, -0.004726565950881591, -0.7822691552711584], "translation": [3150.158600363316, 1710.4552204660222, 11.94928590449345]}