{"rotation": [0.36807851831987787, -0.0015934509910101905, 0.003985718196578633, -0.9297848026913755], "translation": [3157.678849180805, 1719.9353855184272, 11.824027137444082]}