{"rotation": [0.367114110769228, -0.0035476656005198463, 0.0033963867026251997, -0.9301629471766074], "translation": [3158.2245991771993, 1720.4429766998803, 11.8274941240039]}