{"rotation": [0.4999456914441925, -0.004977961858572257, -0.004887295959370435, -0.866028659941649], "translation": [3151.243574391256, 1713.0704670594205, 11.929073648686678]}