{"rotation": [0.3658289148189411, -0.008597269662181316, 0.0061149634817566035, -0.9306223182679257], "translation": [3163.8221354589896, 1725.5901935978618, 11.765519464453966]}