{"rotation": [0.36605962285667726, -0.005557164524011908, 0.00718364737680996, -0.9305470786837418], "translation": [3165.446337842044, 1727.112155247754, 11.76626751075365]}