{"rotation": [0.36566861528117217, -0.007967836710191118, 0.0053487623406978215, -0.9306956366707285], "translation": [3163.233789941835, 1725.0484612333253, 11.778285797811847]}