{"rotation": [0.36569086388436256, -0.008028337874693281, 0.005421245001602599, -0.9306859556075352], "translation": [3163.3710926266053, 1725.174449444881, 11.774993530012221]}