{"rotation": [0.3682837969364678, -0.0054100207791779225, 0.0022048692899539098, -0.9296950656751071], "translation": [3157.581022060919, 1719.8407916502492, 11.80933249178438]}