{"rotation": [0.3656416246107749, -0.006252577432921049, 0.007878361282206125, -0.9307013694257389], "translation": [3165.4423697482, 1727.1093054560085, 11.762886805431245]}