{"rotation": [0.36739498065251425, -0.005825300494979692, 0.002272900347688849, -0.9300439925022318], "translation": [3158.020868168076, 1720.2554472357406, 11.815852660138555]}