{"rotation": [0.36584072227594994, -0.00588723425799806, 0.007429773436666996, -0.9306291983728442], "translation": [3165.4366130519256, 1727.1166272801297, 11.757299504996862]}