{"rotation": [0.3684100042878992, -0.008260750634364053, 0.0011282147381756987, -0.9296260301169775], "translation": [3157.5297869127853, 1719.7956087049859, 11.797205495489283]}