{"rotation": [0.3654840745243354, -0.006366842991580578, 0.008120962957015256, -0.9307603905087826], "translation": [3165.445861301653, 1727.103867017435, 11.767471983709763]}