{"rotation": [0.3654203090992562, -0.0073275729328568006, 0.004766081291686369, -0.9308015840348784], "translation": [3162.7137633601055, 1724.5689338957764, 11.78374929168216]}