{"rotation": [0.36549354102058584, -0.009462671577416398, 0.0066955081561441854, -0.930741693215353], "translation": [3165.0786865161667, 1726.7520828131849, 11.759497348869962]}