{"rotation": [0.366685121607099, -0.002479306415960307, 0.0034369574004014724, -0.9303354566797456], "translation": [3158.4547535301826, 1720.6574653990886, 11.838537661910381]}