{"rotation": [0.36565539332064234, -0.0060997058366892, 0.007757538525987796, -0.9306979894252755], "translation": [3165.442089927301, 1727.109158281811, 11.760711381810882]}