{"rotation": [0.366602843367198, -0.002686575070485339, 0.0035964455491305503, -0.930366703579233], "translation": [3158.5385619207223, 1720.734754381223, 11.839532373923882]}