{"rotation": [0.36481906425689864, -0.0030019048008119147, 0.004035766873151337, -0.9310648481754821], "translation": [3161.2627051688605, 1723.2356417838387, 11.814375652641058]}