{"rotation": [0.36564731301736264, -0.006112648196434793, 0.007776972024485697, -0.9307009169015252], "translation": [3165.4412515768613, 1727.1099284122674, 11.760992040804496]}