{"rotation": [0.36725379269692676, -0.0037810587975425592, 0.003241878381110111, -0.9301074376482829], "translation": [3158.1481912956438, 1720.3745765939907, 11.83225040360568]}