{"rotation": [0.36604778513383673, -0.005579307727508817, 0.00720969041854472, -0.9305514014217393], "translation": [3165.448109306497, 1727.1116583994428, 11.767761459184234]}