{"rotation": [0.6228785783670032, -0.007410866770713443, -0.004726565017898799, -0.782269145018733], "translation": [3150.158600291865, 1710.4552201888916, 11.949285912284864]}