{"rotation": [0.3660539584029134, -0.005670131395241861, 0.007284628817127048, -0.9305478404308484], "translation": [3165.437091762013, 1727.1182551830118, 11.760073393871327]}