{"rotation": [0.3656908650288444, -0.008028334817287503, 0.005421248550213572, -0.9306859551635417], "translation": [3163.371087894772, 1725.1744451338027, 11.774993676292725]}