{"rotation": [0.3656666893360399, -0.006230596298919759, 0.007849797462636504, -0.9306919107092183], "translation": [3165.442846573761, 1727.1086582672701, 11.762496956679504]}