{"rotation": [0.36545156964392506, -0.006404731715661931, 0.008186928817654256, -0.9307723157963909], "translation": [3165.4482217669483, 1727.1008668284624, 11.76907434109835]}