{"rotation": [0.3659633948020306, -0.005662969647387162, 0.007296274096289509, -0.930583413146859], "translation": [3165.4542337587322, 1727.1097438975426, 11.769973688639045]}