{"rotation": [0.3656845168111629, -0.006082120089394514, 0.007716729489009326, -0.9306870011264786], "translation": [3165.441586329465, 1727.1093602888047, 11.759660161212544]}