{"rotation": [0.3661158949293701, -0.00552868810386657, 0.0071457367338448406, -0.9305254018749017], "translation": [3165.440557869949, 1727.1171316100138, 11.763899595957742]}