{"rotation": [0.3683599409113463, -0.007268754450376153, 0.0015413120465814184, -0.9296535610095326], "translation": [3157.5497993498893, 1719.8147099504308, 11.800636536866024]}