{"rotation": [0.5831355865037344, -0.006343240041563892, -0.0044360193812337375, -0.812337967099144], "translation": [3150.4158729582796, 1711.3216377885417, 11.946673475054114]}