{"rotation": [0.36810732183227135, -0.0013393656680838364, 0.004099825824172065, -0.9297733041668229], "translation": [3157.6663459142824, 1719.9242444782985, 11.824167947878959]}