{"rotation": [0.4143970295162735, -0.0058137087474377045, -0.004675809843410612, -0.9100656237442423], "translation": [3152.836482810656, 1715.205331636426, 11.89090791734024]}