{"rotation": [0.3657521510954184, -0.005921202400409833, 0.007506672410195134, -0.9306631792439913], "translation": [3165.4365769362375, 1727.1163072258437, 11.757254362565785]}