{"rotation": [0.36677767401383704, -0.002884649730408714, 0.003364618433253553, -0.9302980683542942], "translation": [3158.3581785140072, 1720.5661095314867, 11.834987828949147]}