{"rotation": [0.36474940454980154, -0.0024144390998022043, 0.004244625944121066, -0.9310929199145449], "translation": [3160.86920937727, 1722.8753898582277, 11.819502587096135]}