{"rotation": [0.36603041618590637, -0.005659911949481057, 0.0072784059080828615, -0.9305572119063575], "translation": [3165.4387147692605, 1727.1165464791968, 11.760239272945778]}