{"rotation": [0.36543720831794957, -0.007131695835332107, 0.007873125969225672, -0.9307753754686298], "translation": [3165.387095058849, 1727.038802120783, 11.776132992230128]}