{"rotation": [0.39922285635242216, -0.006830055919825917, -0.00235849837366918, -0.9168254461932036], "translation": [3153.337994844532, 1715.7483164629082, 11.878337098084797]}