{"rotation": [0.3683209216068085, -0.003031752916017075, 0.0034000902873096536, -0.9296875531956991], "translation": [3157.588596327685, 1719.8502759551259, 11.824546777485176]}