{"rotation": [0.365731237994814, -0.00864050833974937, 0.006228348602701893, -0.9306595568972011], "translation": [3164.2772697556143, 1726.0099863951434, 11.760902306239908]}