{"rotation": [0.4424205683159643, -0.00676373685345255, -0.0037734958805734683, -0.896774248807132], "translation": [3152.1741761850803, 1714.414736399829, 11.909192295163255]}