{"rotation": [0.36613098301483005, -0.005527157613428284, 0.007148484713772991, -0.9305194533010085], "translation": [3165.4418641571306, 1727.116703223509, 11.764925249608472]}