{"rotation": [0.3671394995881751, -0.003485752162868318, 0.0033753140624840842, -0.9301532371759952], "translation": [3158.1978463782552, 1720.4198575305668, 11.833988690718648]}