{"rotation": [0.3673949780699081, -0.005825276687929693, 0.002272910409765452, -0.9300439936469619], "translation": [3158.020869559978, 1720.2554484469106, 11.81585276902544]}