{"rotation": [0.36543225329026585, -0.00941773048344011, 0.006909718454801724, -0.9307646482320951], "translation": [3165.1497805621334, 1726.8178438056493, 11.757050344933123]}