{"rotation": [0.36567613988168174, -0.006055147569377185, 0.007662803382941973, -0.9306909139738392], "translation": [3165.4415866729846, 1727.1096797397925, 11.759149619886399]}