{"rotation": [0.3660768120900146, -0.005684512300070682, 0.007298501996716932, -0.9305386535972198], "translation": [3165.436207928229, 1727.119120501514, 11.75981813620759]}