{"rotation": [0.36591940533784345, -0.0058387293043511935, 0.0073903029486608665, -0.9305988832250105], "translation": [3165.4344727448643, 1727.1193762071755, 11.757791982244655]}