{"rotation": [0.3660678124952495, -0.005555325979120279, 0.007193258915880209, -0.9305437937219171], "translation": [3165.4470747177825, 1727.1126053358432, 11.767517870238835]}