{"rotation": [0.37106046833158046, -0.011953268381448138, -0.00037394488562064173, -0.9285316948719478], "translation": [3156.3902690317036, 1718.7174637986366, 11.799194828471657]}