{"rotation": [0.3655078414395697, -0.00933139959787225, 0.006433533208604758, -0.9307392505305582], "translation": [3164.9227051325333, 1726.607761847114, 11.756354796784406]}