{"rotation": [0.3654527864804443, -0.006054380046881721, 0.008448384009201667, -0.9307718464497945], "translation": [3165.395466755215, 1727.0479332926504, 11.779495820063538]}