{"rotation": [0.3657521497919053, -0.005921203133076219, 0.007506673548698162, -0.9306631797424296], "translation": [3165.436576875945, 1727.1163072930226, 11.757254358080834]}