{"rotation": [0.36568950070634454, -0.0021471703503092793, 0.003873775351872245, -0.9307263682721977], "translation": [3159.4173500838847, 1721.5439799849328, 11.839558302525699]}