{"rotation": [0.3716947956348005, -0.012323095336748469, -0.00036168343978112543, -0.928273122202951], "translation": [3155.992638584824, 1718.3380653697448, 11.805909903377776]}