{"rotation": [0.36709436291533526, -0.00363143923514517, 0.0033458343673174176, -0.9301706008884887], "translation": [3158.2446686096528, 1720.4626104971037, 11.828656689415231]}