{"rotation": [0.3724356745015399, -0.011179862022489979, 9.465160641927843e-05, -0.9279906627142401], "translation": [3155.5421311073687, 1717.9100221600572, 11.818143860398328]}