{"rotation": [0.3992227589409635, -0.006830062030604584, -0.0023584787648734465, -0.9168254886150031], "translation": [3153.3379985123615, 1715.748320311996, 11.878337036877268]}