{"rotation": [0.45175198383588344, -0.006967781680416292, -0.003858535375503194, -0.892108012980241], "translation": [3151.990311611444, 1714.1762418426633, 11.91204221188944]}