{"rotation": [0.3648805879602189, -0.0025823501824504824, 0.00433181033511695, -0.9310406668972956], "translation": [3160.4238077561477, 1722.4664576760388, 11.825442773093831]}