{"rotation": [0.36872176017178626, -0.010581654022218535, -8.677722005592492e-05, -0.9294795773139332], "translation": [3157.423441558641, 1719.6959748913498, 11.79194714060398]}