{"rotation": [0.36775685639187605, -0.006258867620070001, 0.0020698650207650795, -0.9298986164156151], "translation": [3157.773585948877, 1720.024725029206, 11.812607350046799]}