{"rotation": [0.3659761368072073, -0.005751550665810411, 0.0073174470265054345, -0.9305776925768344], "translation": [3165.4383838934614, 1727.1156053614613, 11.758961664854079]}