{"rotation": [0.36597402632713144, -0.005757107271852462, 0.007324001467039124, -0.9305784366576949], "translation": [3165.436809471071, 1727.1171380393946, 11.75880862537325]}