{"rotation": [0.3660629210765529, -0.0026095992316791513, 0.003664172754167904, -0.9305792291056034], "translation": [3158.9306115613304, 1721.0940196686959, 11.834738009013245]}