{"rotation": [0.3651247640528166, -0.0020410486480177273, 0.004318638346952, -0.9309463411811766], "translation": [3159.9690876975014, 1722.0491803257682, 11.834194934834775]}