{"rotation": [0.3654954240307993, -0.007617086742289324, 0.00488467608555238, -0.930769152336736], "translation": [3162.9422718425503, 1724.779045604432, 11.781020516372987]}