{"rotation": [0.36477298137232056, -0.0023113780459408594, 0.004096637350250863, -0.9310846079463981], "translation": [3161.0213698025123, 1723.0148415829572, 11.816203335279745]}