{"rotation": [0.36775113767571527, -0.007192412510616407, 0.0017194932124725251, -0.9298948399058823], "translation": [3157.7918872456253, 1720.0411948766446, 11.807173947524225]}