{"rotation": [0.37286347909206624, -0.010196221048480157, 0.0003933480151947378, -0.927830107462045], "translation": [3155.353709761333, 1717.729808633566, 11.825901318201723]}