{"rotation": [0.3666477041626258, -0.002606633318683342, 0.0035358844171554005, -0.9303494848799596], "translation": [3158.5089341142707, 1720.7060046070526, 11.837489636813121]}