{"rotation": [0.36546882960643023, -0.007533909614627637, 0.0047879580240299665, -0.9307807745382287], "translation": [3162.8686852896435, 1724.7119305732097, 11.782803101913967]}