{"rotation": [0.3656751983768933, -0.006046179340176028, 0.00767018397799827, -0.9306912814060041], "translation": [3165.4391702376574, 1727.1125831850218, 11.758706828435301]}