{"rotation": [0.365495418690216, -0.007617080800167216, 0.0048846661200433236, -0.930769154534809], "translation": [3162.9422637742596, 1724.779038140016, 11.78102061725251]}