{"rotation": [0.3654732452633995, -0.009294030137749834, 0.007125090852674815, -0.9307481727517808], "translation": [3165.3144083545094, 1726.9711867131184, 11.764308512589595]}