{"rotation": [0.3654589995295025, -0.006381198162559093, 0.008141727121106432, -0.930769956676939], "translation": [3165.447400533042, 1727.1020824717166, 11.768592832403884]}