{"rotation": [0.36602624771123987, -0.005609001689292101, 0.007225113791207654, -0.9305595751037027], "translation": [3165.4490872789306, 1727.1105781118367, 11.767723741726533]}