{"rotation": [0.3672537929469003, -0.003781060911517189, 0.0032418774400508796, -0.930107437544267], "translation": [3158.148191172127, 1720.3745764877415, 11.83225040079758]}