{"rotation": [0.3671141119387566, -0.0035476594231632175, 0.0033963901745995323, -0.9301629467259043], "translation": [3158.2245982140257, 1720.4429758609822, 11.827494136240635]}