{"rotation": [0.36608448063336096, -0.005544043722515948, 0.007179735440733681, -0.93053740817745], "translation": [3165.4397680106517, 1727.11683733335, 11.762475306685973]}