{"rotation": [0.36852834566416715, -0.009266036625450981, 0.0006963864225302836, -0.9295700694693427], "translation": [3157.5071439572907, 1719.7728770350082, 11.798658389237877]}