{"rotation": [0.36964763028335446, -0.011191687506142991, -0.0004663389823343173, -0.9291044925543192], "translation": [3157.068593930689, 1719.3627603318607, 11.791634300707445]}