{"rotation": [0.3682837971174966, -0.00541003103580274, 0.002204870808620945, -0.9296950655401091], "translation": [3157.5810221774955, 1719.8407917041832, 11.809332540450516]}