{"rotation": [0.36734865988854154, -0.004280597778902404, 0.002978585664816528, -0.9300686891774098], "translation": [3158.1125245412054, 1720.3404170913705, 11.827201407974785]}