{"rotation": [0.3655978072090113, -0.007718236773786376, 0.005093621212438645, -0.9307269885460562], "translation": [3163.088199486124, 1724.9142111949593, 11.778046287606404]}