{"rotation": [0.3655044325262544, -0.00633769303775257, 0.008071310274295689, -0.930753027070595], "translation": [3165.4452286848455, 1727.104549379407, 11.76672673557795]}