{"rotation": [0.367890324586147, -0.003940876384557989, 0.0029432435864332057, -0.9298561802162806], "translation": [3157.7331364038846, 1719.9858840361903, 11.819002952952426]}