{"rotation": [0.4292756087423038, -0.005948629006122014, -0.004720120737939537, -0.9031416201305814], "translation": [3152.4556260266945, 1714.7622338892304, 11.90370787111342]}