{"rotation": [0.3657650432875721, -0.005909459281688958, 0.007492465046312583, -0.9306583016163175], "translation": [3165.4373215862583, 1727.1150192100731, 11.757270075573556]}