{"rotation": [0.3660671327875911, -0.005586617173128526, 0.007198400943919266, -0.9305438340159392], "translation": [3165.438309501194, 1727.117615756124, 11.760835243399407]}