{"rotation": [0.36577999966783575, -0.0057812654916430855, 0.007424507642144777, -0.9306537731608813], "translation": [3165.4582578775216, 1727.1056581370967, 11.769349584194325]}