{"rotation": [0.36548470356617374, -0.006356620863964332, 0.008127451855095821, -0.9307601567303367], "translation": [3165.4467648529235, 1727.1027089547654, 11.76793009601784]}