{"rotation": [0.3940828774933856, -0.007031595805992908, -0.0017592819390497669, -0.9190463248683459], "translation": [3153.542719049949, 1715.961388759989, 11.87620515283279]}