{"rotation": [0.36566665968133255, -0.006104979902604595, 0.007761296327503526, -0.9306934970747363], "translation": [3165.441055179707, 1727.1103344878197, 11.760501124601635]}