{"rotation": [0.3654411361163023, -0.006392723674083833, 0.008185012167352368, -0.9307765116792932], "translation": [3165.4478506731793, 1727.1014210413778, 11.769039743858627]}