{"rotation": [0.5367140241908427, -0.004191551726209062, -0.0054919783072648045, -0.8437359333969785], "translation": [3150.8180012128614, 1712.2848236397015, 11.945690077375964]}