{"rotation": [0.3655099606876801, -0.006332247846495249, 0.008065097220804939, -0.9307509470755967], "translation": [3165.445372517821, 1727.1044393625848, 11.766511806127856]}