{"rotation": [0.36831988675732186, -0.0031414324712888794, 0.003346202958000085, -0.929687794556251], "translation": [3157.5869215117054, 1719.850297867044, 11.819123782456542]}