{"rotation": [0.3654442032219304, -0.005353652272944233, 0.008761531478496397, -0.9307766156844403], "translation": [3165.393666566914, 1727.0458811195008, 11.783591130002526]}