{"rotation": [0.3654579495949968, -0.009460822049330476, 0.006984305486610407, -0.9307535653441471], "translation": [3165.239120291172, 1726.9010914537228, 11.758563461626265]}