{"rotation": [0.3673740636712892, -0.005505733476657605, 0.002433315365780302, -0.9300537958725066], "translation": [3158.039108392457, 1720.2728933041744, 11.817436531047534]}