{"rotation": [0.41439706120210557, -0.0058137077412310926, -0.0046758124607175445, -0.9100656093091257], "translation": [3152.8364818798227, 1715.2053305971567, 11.890907948372563]}