{"rotation": [0.36547907241435984, -0.008130477914178976, 0.00748495169211748, -0.9307539516188974], "translation": [3165.402741959536, 1727.0565869419715, 11.756314656734048]}