{"rotation": [0.365373327280037, -0.0072113940269721505, 0.0046848579011909515, -0.9308213467765705], "translation": [3162.562181066998, 1724.4298505616034, 11.788467827474062]}