{"rotation": [0.3656260316231269, -0.006115737950447002, 0.007817813415148346, -0.9307089150439313], "translation": [3165.441758693685, 1727.1097583905632, 11.76160268000118]}