{"rotation": [0.36735869759992396, -0.004487540212338026, 0.0028645367114735663, -0.9300641073119417], "translation": [3158.090067470792, 1720.320374811667, 11.821850102776901]}