{"rotation": [0.6161580274699207, -0.0075393812414742585, -0.004965012001119756, -0.7875708168607448], "translation": [3150.1949706135665, 1710.6023174403665, 11.949417144015818]}