{"rotation": [0.3655426188868256, -0.007652751454472264, 0.00498046809771786, -0.9307498182165092], "translation": [3163.0153832933656, 1724.846702195274, 11.779227043008593]}