{"rotation": [0.36546811773253873, -0.008579380993572413, 0.007379692186360483, -0.9307550640668236], "translation": [3165.3678122150613, 1727.0206653846055, 11.773086630829788]}