{"rotation": [0.38567635517093174, -0.007610750480209637, -0.001059004450367866, -0.9226021374616294], "translation": [3153.9481560190834, 1716.3718074511605, 11.863075051451052]}