{"rotation": [0.3655791750705671, -0.00630422260126688, 0.007948953687264155, -0.9307249527478003], "translation": [3165.443085792914, 1727.10758556344, 11.764185305929034]}