{"rotation": [0.37143282998223354, -0.012340309821033698, -0.0005447481966539755, -0.9283776563523664], "translation": [3156.160878164411, 1718.4988625603398, 11.804041328963915]}