{"rotation": [0.36582973984855965, -0.008409007135934976, 0.00600434256548811, -0.9306244344050285], "translation": [3163.6994511774155, 1725.4777098032318, 11.768881011344966]}