{"rotation": [0.3656236820194061, -0.006257650615379852, 0.00790560072575068, -0.9307081531997627], "translation": [3165.44261197508, 1727.1084682992764, 11.763023975147137]}