{"rotation": [0.36578772900891815, -0.0058938351227580885, 0.007484492824704552, -0.9306495486385844], "translation": [3165.434895114134, 1727.1178333770902, 11.756922074755298]}