{"rotation": [0.3654768697285879, -0.007383287734310762, 0.007806425722777705, -0.9307584028484835], "translation": [3165.4419836372076, 1727.093635545828, 11.76851053522762]}