{"rotation": [0.36598129330484525, -0.0057708929359880584, 0.007321752314306501, -0.9305755110084738], "translation": [3165.435313353246, 1727.118529868193, 11.758666729870448]}