{"rotation": [0.3673486575805147, -0.004280572726659097, 0.0029785968796079954, -0.9300686901683951], "translation": [3158.1125257333215, 1720.3404181235314, 11.827201473515414]}