{"rotation": [0.36831542751155505, -0.0030959552210730774, 0.0033951597206163284, -0.9296895362478386], "translation": [3157.591494864171, 1719.8536693112742, 11.819779066548803]}