{"rotation": [0.4667846539938296, -0.006502624106490975, -0.004280355995749371, -0.8843367465101403], "translation": [3151.7289526945337, 1713.8170918662106, 11.916546296954866]}