{"rotation": [0.3681176567349167, -0.0014371843452058914, 0.004118988697107106, -0.9297689816471967], "translation": [3157.6588286302685, 1719.91521576049, 11.83043951664891]}