{"rotation": [0.3675384055510546, -0.007072890792017938, 0.0017009135166734157, -0.9299798930912655], "translation": [3157.9371770211656, 1720.178059657192, 11.80820707063206]}