{"rotation": [0.36558883759469424, -0.0062976173673346255, 0.007955977793463466, -0.9307211420500798], "translation": [3165.4434888805145, 1727.106996403831, 11.76462773736544]}