{"rotation": [0.3654734422177066, -0.007150190604989723, 0.007899664660695426, -0.9307607818908689], "translation": [3165.4446154747584, 1727.0961318825107, 11.768881712736261]}