{"rotation": [0.4941944883720986, -0.005168483633508307, -0.004654566811394261, -0.869323547045269], "translation": [3151.3199752629457, 1713.1952667281907, 11.924042844293206]}