{"rotation": [0.36606713258585305, -0.0055866172672925755, 0.0071984011368193, -0.9305438340932435], "translation": [3165.438309563636, 1727.1176156892184, 11.760835251982346]}