{"rotation": [0.3654375420418296, -0.009473696444562191, 0.006949436171233366, -0.9307617081073997], "translation": [3165.2148705984014, 1726.8786030342455, 11.758663390478732]}