{"rotation": [0.37965182207543846, -0.007713785482021152, -0.0008812421641221607, -0.9250968678579476], "translation": [3154.3578056708498, 1716.775870238849, 11.854432261845568]}