{"rotation": [0.367094364973345, -0.0036314343503954212, 0.0033458350633925912, -0.930170600092856], "translation": [3158.244667471952, 1720.4626094368325, 11.828656648254785]}