{"rotation": [0.3663173880724349, -0.002746762734502391, 0.003764366487121196, -0.9304782942311014], "translation": [3158.697164758386, 1720.879865853483, 11.836175165814442]}