{"rotation": [0.36609978052838527, -0.00553221495080012, 0.007157106485717535, -0.9305316335953111], "translation": [3165.444055512482, 1727.1142968459903, 11.766070323436978]}