{"rotation": [0.3647731792448258, -0.0023115236681870437, 0.004096345687884389, -0.9310845313471592], "translation": [3161.021792913812, 1723.0152289530074, 11.816199757725988]}