{"rotation": [0.3655078448778835, -0.009331404705434823, 0.0064335250405835875, -0.9307392491855604], "translation": [3164.9227117795567, 1726.6077679535947, 11.756354721719605]}