{"rotation": [0.36543684698021767, -0.0059615971235296526, 0.007611659390119032, -0.930785922148709], "translation": [3165.4618959237528, 1727.1016388414373, 11.768074955193415]}