{"rotation": [0.36543570728175334, -0.00499391743514699, 0.008926801194160174, -0.9307803805692166], "translation": [3165.3910822991943, 1727.0431282742259, 11.782760291240393]}