{"rotation": [0.36857212442168075, -0.009694832277592493, 0.00047502152916339323, -0.9295484783920338], "translation": [3157.490910527625, 1719.7583794532907, 11.797547120607339]}