{"rotation": [0.3652842831695002, -0.006330653031114914, 0.004235383960893921, -0.9308648542211957], "translation": [3162.006122322844, 1723.9178664797857, 11.803628994277489]}