{"rotation": [0.3657957523636217, -0.00589365473475646, 0.007480315611933311, -0.9306464297814425], "translation": [3165.435677703515, 1727.1169784985452, 11.756976126676621]}