{"rotation": [0.3647742919493446, -0.002535505967714093, 0.004016005547707268, -0.9310838624107836], "translation": [3161.1068200526515, 1723.0929963638298, 11.81901069936551]}