{"rotation": [0.36561551995431685, -0.006268906540202131, 0.007917991223857482, -0.930711178505074], "translation": [3165.44249069746, 1727.1086039388767, 11.763208894041785]}