{"rotation": [0.36835995966405777, -0.007269045525257026, 0.0015412043326524486, -0.9296535514817607], "translation": [3157.54979396803, 1719.8147054677258, 11.800635234045735]}