{"rotation": [0.36555469119497286, -0.006308757927152049, 0.00799213278698723, -0.930734168886197], "translation": [3165.4440742098664, 1727.1064118447796, 11.765230884086588]}