{"rotation": [0.3654547771977055, -0.006391222442940099, 0.008149115841889942, -0.9307714810897764], "translation": [3165.4474053155163, 1727.1020406751577, 11.76878097664079]}