{"rotation": [0.36637690108490706, -0.002739681046345039, 0.0037579134422329958, -0.9304549094855404], "translation": [3158.6624000925735, 1720.8485271049392, 11.837039424724582]}