{"rotation": [0.3675068353934475, -0.00683413061267339, 0.0018006849114471808, -0.9299939667179096], "translation": [3157.964540915489, 1720.2027173896745, 11.813501505777243]}