{"rotation": [0.36551918999515404, -0.006317712777209977, 0.008050529815798197, -0.9307475475230844], "translation": [3165.445059173961, 1727.1050653876878, 11.766142599398576]}