{"rotation": [0.36692452166774314, -0.00332787330670508, 0.0032986118824722055, -0.9302389154501123], "translation": [3158.3103827777886, 1720.5235564411128, 11.832260462733068]}