{"rotation": [0.36579575981414614, -0.005893668426115141, 0.0074803164143926746, -0.9306464267598168], "translation": [3165.435678120547, 1727.1169779946756, 11.75697613929276]}