{"rotation": [0.36601404425367856, -0.005650092238110707, 0.007244337147856397, -0.9305639770838194], "translation": [3165.4509742576242, 1727.1096705686334, 11.768233636428077]}