{"rotation": [0.37737309669553676, -0.00781842765425908, -0.0006954247115401193, -0.926028041942525], "translation": [3154.5614960493112, 1716.972857939759, 11.84901058838772]}