{"rotation": [0.36831212053256895, -0.003095540391745627, 0.0033668911131980147, -0.9296909505543858], "translation": [3157.584118300423, 1719.8454264336387, 11.819727914028963]}