{"rotation": [0.3656666867891642, -0.006230603158522609, 0.007849804085505944, -0.9306919116080979], "translation": [3165.4428465024116, 1727.108658352106, 11.762496990418319]}