{"rotation": [0.36544947034525893, -0.006399262520835105, 0.008183193644963995, -0.9307732105112009], "translation": [3165.447879115546, 1727.1013482674189, 11.769097003271206]}