{"rotation": [0.37083970817213846, -0.011529102930863495, -0.00026128555609577906, -0.9286252863013535], "translation": [3156.5300343957515, 1718.8513569202123, 11.79478628089607]}