{"rotation": [0.3654547771270998, -0.0063912225926566705, 0.008149115951694272, -0.9307714811155092], "translation": [3165.447405316166, 1727.102040673699, 11.768780976613739]}