{"rotation": [0.36818505667873785, -0.0022351966332487113, 0.0038737339832008956, -0.9297417717406875], "translation": [3157.6248846562034, 1719.8843182491755, 11.826682220163967]}