{"rotation": [0.36545974573695356, -0.0067201011457534215, 0.008090134355392943, -0.9307677283901629], "translation": [3165.446140354011, 1727.0983022495657, 11.7686115968768]}