{"rotation": [0.3673226923273852, -0.003965949921846577, 0.0031398591228397107, -0.9300798096009112], "translation": [3158.1283680192573, 1720.3542691259806, 11.827958580617427]}