{"rotation": [0.3719481758771427, -0.012149527686543435, -0.0003028658758860874, -0.9281739339751582], "translation": [3155.817106074462, 1718.1715952251832, 11.809177659318324]}