{"rotation": [0.368283983964262, -0.0043821877640429835, 0.0028175824890013176, -0.9296987494961633], "translation": [3157.590881706072, 1719.8503951738326, 11.81790403433404]}