{"rotation": [0.36559551073042507, -0.006303854270170609, 0.007954563396872295, -0.9307184906706567], "translation": [3165.4436546953707, 1727.106783884373, 11.76437850888736]}