{"rotation": [0.36545645959553885, -0.008324120713431624, 0.00745875362237089, -0.9307613293152243], "translation": [3165.3734706394075, 1727.0260342982424, 11.773727201877824]}