{"rotation": [0.3686196775403948, -0.010068851214200012, 0.00026840856315767163, -0.929525728273341], "translation": [3157.4724468930694, 1719.7418566224935, 11.796712688381827]}