{"rotation": [0.3654622629823238, -0.009443100684218744, 0.0069916592427724114, -0.9307519964449925], "translation": [3165.250871058491, 1726.912063409412, 11.758790557258015]}