{"rotation": [0.3683804878285683, -0.007768909662585842, 0.0013484516688687268, -0.9296416739303038], "translation": [3157.540788557697, 1719.805140118876, 11.79921136059546]}