{"rotation": [0.36568843248156513, -0.006002054207473589, 0.0076531805452011575, -0.9306865071128995], "translation": [3165.438474035384, 1727.1133997932113, 11.75833657177047]}