{"rotation": [0.36478206279168773, -0.0027687288667350906, 0.00400029929700618, -0.9310802212545588], "translation": [3161.1867431360306, 1723.1660363362396, 11.817645567004678]}