{"rotation": [0.36543596612907203, -0.005310481663412585, 0.008823956771351307, -0.9307795073113243], "translation": [3165.3879825336576, 1727.0401475443637, 11.781254098854888]}