{"rotation": [0.36547149750212876, -0.009011557057700643, 0.007247532567894037, -0.9307506914446128], "translation": [3165.3356237616003, 1726.9906843911515, 11.765366713398304]}