{"rotation": [0.3654341719747339, -0.009440298716256642, 0.006951920266281416, -0.9307633520492198], "translation": [3165.19448819777, 1726.859552839937, 11.75825162787875]}