{"rotation": [0.3658971369712997, -0.005716827131295836, 0.007380996367890302, -0.9306084697316988], "translation": [3165.455847752137, 1727.1076098648555, 11.769848918086582]}