{"rotation": [0.3654676389592017, -0.00810675163222918, 0.007503784870831168, -0.9307584964233054], "translation": [3165.4297362951806, 1727.0817084875607, 11.766856739973067]}