{"rotation": [0.3655273775349635, -0.009343299028725478, 0.006503080461992001, -0.9307309756208703], "translation": [3164.9858530363567, 1726.666480792843, 11.755290942527514]}