{"rotation": [0.3654451496105045, -0.007569837511586982, 0.007678550128670187, -0.9307704228509444], "translation": [3165.3838258885653, 1727.0357745546353, 11.775035131203785]}