{"rotation": [0.37083971002352883, -0.011529107199658049, -0.0002612865441461454, -0.9286252855087384], "translation": [3156.5300330994573, 1718.8513557002868, 11.794786270308222]}