{"rotation": [0.3655546930506773, -0.006308761427068592, 0.007992133775692715, -0.9307341681251381], "translation": [3165.444074187111, 1727.1064118625984, 11.765230894316915]}