{"rotation": [0.365446116043625, -0.006389293449051875, 0.008173897091262178, -0.9307746776767151], "translation": [3165.4479029061763, 1727.1014243562797, 11.768907269022533]}