{"rotation": [0.3654971090726739, -0.006355481165296535, 0.008105421665164043, -0.9307554852152661], "translation": [3165.445856904831, 1727.1038996581276, 11.767246897401137]}