{"rotation": [0.36835995699861984, -0.00726900415296534, 0.0015412196427062822, -0.9296535528360079], "translation": [3157.5497947329877, 1719.8147061048803, 11.800635419223445]}