{"rotation": [0.36598703851052866, -0.005774634183188717, 0.007338273354556973, -0.9305730981424924], "translation": [3165.43417850709, 1727.1196102936822, 11.75851215994086]}