{"rotation": [0.36587241425171974, -0.005868990773804884, 0.007420126817880376, -0.9306169314787485], "translation": [3165.434494307803, 1727.118817951189, 11.75721971201105]}