{"rotation": [0.3660539565160801, -0.005670131424951283, 0.007284629570940135, -0.9305478411669987], "translation": [3165.43709185398, 1727.1182550872124, 11.760073406166121]}