{"rotation": [0.3726358750541074, -0.010759583526103492, 0.00027466065141435044, -0.9279152227151634], "translation": [3155.451203308202, 1717.822603380369, 11.824176023969418]}