{"rotation": [0.36861970846156067, -0.010069093347813106, 0.00026825683516174366, -0.9295257134319295], "translation": [3157.472432223612, 1719.7418434672313, 11.796712189786165]}