{"rotation": [0.36580276795102246, -0.005891288426760273, 0.007476251272182678, -0.9306437198772463], "translation": [3165.436774434238, 1727.1158272429473, 11.757070175631625]}