{"rotation": [0.3654699306364647, -0.008239174367263987, 0.00744820794295308, -0.9307568801812652], "translation": [3165.426338196951, 1727.0785342851016, 11.766739670007034]}