{"rotation": [0.36563711729879245, -0.0077972884612585525, 0.005271268270535136, -0.9307098981298636], "translation": [3163.15884565628, 1724.979083902444, 11.776718411118114]}