{"rotation": [0.365483467253753, -0.006354447257392184, 0.008124397222913676, -0.9307606837066079], "translation": [3165.4463196221404, 1727.1032638621434, 11.76773123237679]}