{"rotation": [0.3658637300766461, -0.0057505307267906895, 0.007399684971148844, -0.9306212479161924], "translation": [3165.4564526794406, 1727.1071100762529, 11.769766229853756]}