{"rotation": [0.3654275347454943, -0.006171217576817994, 0.00835531897103796, -0.930781833497164], "translation": [3165.3894692211375, 1727.0411075326576, 11.779672418395233]}