{"rotation": [0.41439704657787546, -0.005813708205634146, -0.0046758112527297314, -0.9100656159714874], "translation": [3152.8364823094385, 1715.2053310768194, 11.890907934049947]}