{"rotation": [0.365484703669315, -0.006356620843824462, 0.008127451919377441, -0.9307601566894123], "translation": [3165.4467648534232, 1727.1027089541203, 11.767930092829419]}