{"rotation": [0.3657008170727184, -0.005989073515920494, 0.007646804980212276, -0.9306817768519816], "translation": [3165.438949730633, 1727.1128885420208, 11.758292026856552]}