{"rotation": [0.4019364130316979, -0.006719798017664075, -0.002923611805415366, -0.9156382564571149], "translation": [3153.238007263829, 1715.642638409244, 11.881681061736902]}