{"rotation": [0.3655916757911313, -0.006286625282721334, 0.007948796164866923, -0.9307201628708366], "translation": [3165.4435638665846, 1727.107091717643, 11.763794507954987]}