{"rotation": [0.48855473135147265, -0.005486177519773856, -0.004358356947198149, -0.872505118068102], "translation": [3151.3990360444395, 1713.3217011089364, 11.920638115424246]}