{"rotation": [0.36530171108858, -0.006649435666888304, 0.0044443314957782875, -0.9308548183248682], "translation": [3162.1628761626675, 1724.0622327143458, 11.795429785364137]}