{"rotation": [0.36711411131319477, -0.0035476627273307165, 0.003396388317496982, -0.9301629469669781], "translation": [3158.2245987292113, 1720.4429763096944, 11.82749412969541]}