{"rotation": [0.38399010742520634, -0.0076438272406179845, -0.0010820801019126765, -0.9233049325154432], "translation": [3154.0504776399875, 1716.4742313651045, 11.861454190144046]}