{"rotation": [0.3655585781859533, -0.0021111250376550698, 0.003867808355852281, -0.9307779053696227], "translation": [3159.5911631792983, 1721.7030028102497, 11.841941945188678]}