{"rotation": [0.3710604715830763, -0.011953272621221955, -0.00037394667221265034, -0.9285316935172834], "translation": [3156.390266902282, 1718.7174617913408, 11.799194803970249]}