{"rotation": [0.3654368481262232, -0.0059615967868644325, 0.007611658601684711, -0.9307859217073785], "translation": [3165.4618959204045, 1727.1016388423348, 11.768074954795296]}