{"rotation": [0.3722687021251568, -0.011638412238660767, -0.00010938973292352037, -0.9280520183763951], "translation": [3155.636847821867, 1717.999822395139, 11.816236733564404]}