{"rotation": [0.3647820627580924, -0.0027687284247188896, 0.0040002992173067, -0.9310802212693777], "translation": [3161.1867429630333, 1723.1660361781392, 11.817645570127766]}