{"rotation": [0.3657312375878464, -0.00864050942605619, 0.006228349460475229, -0.9306595570413053], "translation": [3164.277270236912, 1726.009986842303, 11.760902303096854]}