{"rotation": [0.4941944541028668, -0.005168485540993939, -0.0046545653277811775, -0.8693235665233007], "translation": [3151.3199757343364, 1713.1952674898967, 11.924042821622198]}