{"rotation": [0.36514629314808966, -0.0020338028074425073, 0.004316108390489003, -0.9309379245979355], "translation": [3159.950788884795, 1722.0324952814217, 11.834494685606142]}