{"rotation": [0.3683296109716845, -0.005620410202611523, 0.002119010227412106, -0.9296758674216827], "translation": [3157.571473891712, 1719.8336108062822, 11.80589259256916]}