{"rotation": [0.36691560847485744, -0.003282656122438661, 0.0032994539152209307, -0.9302425888069027], "translation": [3158.3151257694467, 1720.5277442105912, 11.832375701471497]}