{"rotation": [0.3721013293587385, -0.011974590676415174, -0.00025696603482276665, -0.9281148333240068], "translation": [3155.729119223112, 1718.0872943026943, 11.81396278643023]}