{"rotation": [0.36568946864596147, -0.0021475053963261608, 0.003873959946726769, -0.9307263793276401], "translation": [3159.4169850037783, 1721.5436473119516, 11.839563279664508]}