{"rotation": [0.37117885918307997, -0.01206296977418462, -0.0004466373467185699, -0.9284829237906612], "translation": [3156.312382907608, 1718.6438507009248, 11.797729166816927]}