{"rotation": [0.36575214771931963, -0.005921204298015771, 0.0075066753589179795, -0.9306631805349462], "translation": [3165.436576780074, 1727.1163073998378, 11.757254350949802]}