{"rotation": [0.36571556140017464, -0.002169471446492954, 0.0038041913080257696, -0.9307163637069513], "translation": [3159.3641012687835, 1721.4933697579493, 11.837685276895268]}