{"rotation": [0.3655916755967882, -0.006286626985388604, 0.007948797812406958, -0.9307201629216039], "translation": [3165.443563885236, 1727.1070916901724, 11.763794485015659]}