{"rotation": [0.3655116001553896, -0.009260055044483158, 0.006510557857610388, -0.930737951395989], "translation": [3164.8152226163843, 1726.5079563728466, 11.75583704546964]}