{"rotation": [0.3684558305356553, -0.008730453230499036, 0.0009018450296135119, -0.9296038224997858], "translation": [3157.516868877574, 1719.7843467289351, 11.795350942871458]}