{"rotation": [0.36566668657631296, -0.006230603731803538, 0.007849804639002238, -0.9306919116832204], "translation": [3165.442846496449, 1727.1086583591975, 11.762496993237983]}