{"rotation": [0.36872175830855586, -0.010581645351348694, -8.677090670876543e-05, -0.9294795781523739], "translation": [3157.42344233368, 1719.6959755946796, 11.791947163336346]}