{"rotation": [0.3652131851478748, -0.005794447513141415, 0.004264746563197448, -0.930896108977212], "translation": [3161.839713835483, 1723.7649519225204, 11.805454163449864]}