{"rotation": [0.5897238030773453, -0.006859826222712065, -0.004385496028023283, -0.807563958019905], "translation": [3150.366539006814, 1711.1788700583315, 11.946539849579798]}