{"rotation": [0.3656587675969135, -0.0088876463751968, 0.006323642788756356, -0.930685063253567], "translation": [3164.3767286723346, 1726.102375315085, 11.757789309580971]}