{"rotation": [0.36810840230286024, -0.0013285402897551817, 0.004099490119280194, -0.9297728934075763], "translation": [3157.663848697184, 1719.9220124651265, 11.824062143903735]}