{"rotation": [0.36685467370049074, -0.0030874796939260657, 0.00332636525234289, -0.9302671934167377], "translation": [3158.332856201165, 1720.5434779092361, 11.832818356174062]}