{"rotation": [0.36543310651533767, -0.0051330178512949114, 0.008912919864480446, -0.9307807779760912], "translation": [3165.391449971209, 1727.0432730915766, 11.784145085486427]}