{"rotation": [0.3654847037821866, -0.006356620821784603, 0.008127451989723365, -0.9307601566446267], "translation": [3165.446764853965, 1727.102708953414, 11.767930089340242]}