{"rotation": [0.3711788567381038, -0.01206296612779445, -0.0004466362416051366, -0.9284829248159935], "translation": [3156.3123849326466, 1718.6438526092984, 11.797729178025888]}