{"rotation": [0.3655072061834445, -0.009460669777324586, 0.006631876920397709, -0.9307368028416252], "translation": [3165.0508149341817, 1726.7261965529465, 11.75939862586665]}