{"rotation": [0.36555857392075475, -0.0021111187452323085, 0.003867808003283182, -0.930777907060496], "translation": [3159.5911671850886, 1721.7030064626192, 11.8419419576234]}