{"rotation": [0.3649828437953779, -0.004277215871180211, 0.00411172407456158, -0.9309953398833771], "translation": [3161.5073342387086, 1723.4594631277355, 11.810412826840281]}