{"rotation": [0.3675384099188123, -0.007072944971470322, 0.0017008930606401851, -0.9299798909904332], "translation": [3157.937173463381, 1720.178056491659, 11.808206812159671]}