{"rotation": [0.3660835146293458, -0.005549529100079583, 0.007153439538455247, -0.9305379580361903], "translation": [3165.4428231224015, 1727.1147692985462, 11.763955428663678]}