{"rotation": [0.3654465807486449, -0.006580277358258574, 0.008134101717192168, -0.930773513244907], "translation": [3165.447323161932, 1727.0993477409945, 11.768809805505224]}