{"rotation": [0.3658379225835832, -0.00872229935385107, 0.006242765639380321, -0.9306167652534967], "translation": [3163.9611972003545, 1725.7187282486034, 11.764279545777963]}