{"rotation": [0.5118476336429707, -0.004772023917364492, -0.004749949280439724, -0.8590498621754483], "translation": [3151.0947150723973, 1712.8131107565216, 11.934796081669015]}