{"rotation": [0.36604344092260777, -0.005624865580022249, 0.007222290934827758, -0.930552738300413], "translation": [3165.450167998065, 1727.1104151796753, 11.768199580565948]}