{"rotation": [0.36567190340039707, -0.006100536266261189, 0.007755685494282403, -0.9306915127276646], "translation": [3165.4411564344023, 1727.1102245869513, 11.760440124899885]}