{"rotation": [0.3665920412143749, -0.002697324077431633, 0.003609304213951148, -0.9303708791036995], "translation": [3158.5446141981083, 1720.7402200661807, 11.839512689865845]}