{"rotation": [0.3661102993181015, -0.005545138043473562, 0.007183241056238294, -0.9305272168105654], "translation": [3165.4385588616774, 1727.1181030200632, 11.76220722303463]}