{"rotation": [0.36496677936547445, -0.002529486158045318, 0.00452112998459563, -0.9310061283595462], "translation": [3160.28358228609, 1722.3381274901672, 11.828709853831139]}