{"rotation": [0.36565539332336044, -0.006099706020464538, 0.007757538555147998, -0.93069798942276], "translation": [3165.442089929086, 1727.1091582788024, 11.760711380412506]}