{"rotation": [0.3657800010549266, -0.005781264308908043, 0.00742450765895368, -0.9306537726229184], "translation": [3165.4582578462073, 1727.1056581655955, 11.7693495952545]}