{"rotation": [0.3666028422541208, -0.002686576840334095, 0.0035964485234246985, -0.9303667040012231], "translation": [3158.538563140755, 1720.73475551618, 11.83953240255563]}