{"rotation": [0.3653733236121159, -0.007211391293691353, 0.004684858617898368, -0.9308213482339002], "translation": [3162.562177999842, 1724.4298477218597, 11.78846787756251]}