{"rotation": [0.36611029938879114, -0.005545137962847657, 0.007183241017345934, -0.9305272167835337], "translation": [3165.4385588605096, 1727.1181030218788, 11.762207225956582]}