{"rotation": [0.36474190746001667, -0.0024415879349406733, 0.004362455807493398, -0.9310952414066523], "translation": [3160.7890348927767, 1722.801866591341, 11.818408804932806]}