{"rotation": [0.5432003331219084, -0.004397507774527494, -0.005125955102068661, -0.8395759552333024], "translation": [3150.7544817973567, 1712.149266878539, 11.94531828181379]}