{"rotation": [0.36547276074083657, -0.008608124489375854, 0.007388221479170478, -0.930752907882979], "translation": [3165.351674695164, 1727.0057829956304, 11.766057770777632]}