{"rotation": [0.3657292537971098, -0.008145137850416468, 0.005590139468836226, -0.9306688562464772], "translation": [3163.5092126311656, 1725.3021446542095, 11.774897293590968]}