{"rotation": [0.36716960174772856, -0.0034421410619894545, 0.003393577036704541, -0.9301414509913102], "translation": [3158.179712980366, 1720.4018661729963, 11.832325764565367]}