{"rotation": [0.38399031621303115, -0.007643829790887949, -0.0010820770446901744, -0.9233048456658363], "translation": [3154.050464453514, 1716.4742183533824, 11.861454435326133]}