{"rotation": [0.36498274496620575, -0.004275000111988598, 0.004111699350552657, -0.9309953889141593], "translation": [3161.5069103921383, 1723.4590769183988, 11.810422154441728]}