{"rotation": [0.3647494041493523, -0.0024144416569807387, 0.004244628308736847, -0.9310929200540075], "translation": [3160.869207244111, 1722.8753879017122, 11.819502584412376]}