{"rotation": [0.36567519804160153, -0.0060461796014961, 0.007670183796192911, -0.9306912815375432], "translation": [3165.439170225307, 1727.1125831968552, 11.75870682919525]}