{"rotation": [0.36550443308636216, -0.006337693232814734, 0.008071310080558069, -0.930753026850994], "translation": [3165.445228681399, 1727.104549382444, 11.766726739704376]}