{"rotation": [0.3654681173001814, -0.008579388575926883, 0.007379690249132869, -0.9307550641820602], "translation": [3165.3678118863795, 1727.02066507706, 11.77308650597327]}