{"rotation": [0.3655044873649388, -0.006326621925122099, 0.008060056516661482, -0.9307531783776288], "translation": [3165.44484044293, 1727.1051276224266, 11.766326946078228]}