{"rotation": [0.3653067158516784, -0.00690252379537542, 0.004592190266711272, -0.9308502942511593], "translation": [3162.2689339331805, 1724.159410053758, 11.795722606722034]}