{"rotation": [0.36601811589955174, -0.002597476339771489, 0.0036579678778475722, -0.9305969112462233], "translation": [3158.976527295149, 1721.137615946015, 11.838827320100426]}