{"rotation": [0.3655129633545879, -0.009171427925007459, 0.006445228831357568, -0.9307387482827153], "translation": [3164.8823646197116, 1726.5707037364145, 11.752025571417281]}