{"rotation": [0.36549710897043175, -0.006355481265624218, 0.008105421690188956, -0.9307554852545125], "translation": [3165.4458569044027, 1727.1038996582627, 11.767246898629905]}