{"rotation": [0.3656366232818554, -0.005881130517145293, 0.0074910752771173645, -0.9307089533307797], "translation": [3165.4603663341836, 1727.1035394273345, 11.768522705640873]}