{"rotation": [0.3659501726062878, -0.00568446791373288, 0.007270315498756985, -0.9305886849228904], "translation": [3165.452850984016, 1727.1076645387452, 11.768134492499708]}