{"rotation": [0.3686197094596676, -0.010069101163668227, 0.0002682519375185741, -0.9295257129528608], "translation": [3157.4724317500963, 1719.7418430425917, 11.79671217369213]}