{"rotation": [0.36827045105145306, -0.005609676351871389, 0.0022052421755779732, -0.9296991681831998], "translation": [3157.5901323716093, 1719.8504377274649, 11.814570613646705]}