{"rotation": [0.36565539333537683, -0.006099706832944982, 0.007757538684066789, -0.9306979894116395], "translation": [3165.4420899369743, 1727.109158265499, 11.760711374230182]}