{"rotation": [0.36611030037844533, -0.005545136834084984, 0.00718324047285288, -0.93052721640509], "translation": [3165.4385588441605, 1727.1181030472894, 11.762207266864017]}