{"rotation": [0.3654954377108167, -0.007617101963161384, 0.0048847016124156225, -0.9307691467063243], "translation": [3162.942292509648, 1724.779064724693, 11.781020257967791]}