{"rotation": [0.37130401454851203, -0.012200715046047559, -0.0005052168711029856, -0.9284310507993778], "translation": [3156.2373461478783, 1718.5709327269715, 11.800806642012523]}