{"rotation": [0.36551172285969413, -0.006348472512406486, 0.008073312107687877, -0.930750073317488], "translation": [3165.4451234842013, 1727.1046432355638, 11.76686016128984]}