{"rotation": [0.365483903922816, -0.006368484822216011, 0.008137172062621833, -0.9307603046999965], "translation": [3165.4466739953255, 1727.1027882165054, 11.768153074101486]}