{"rotation": [0.36602499543137706, -0.005721284345271028, 0.007321672477859883, -0.9305586293925966], "translation": [3165.4377422660405, 1727.1171673254426, 11.759289029565466]}