{"rotation": [0.4378315678186503, -0.006395319455223274, -0.004032659618423456, -0.8990252253229218], "translation": [3152.264496689649, 1714.5294454427658, 11.908092168386773]}