{"rotation": [0.417860858642032, -0.0057676278810250186, -0.004838441464111763, -0.9084798438973581], "translation": [3152.740468120165, 1715.0959364586247, 11.892878489179742]}