{"rotation": [0.36543225357821785, -0.009417731713406007, 0.006909718358197737, -0.9307646481073129], "translation": [3165.1497811961517, 1726.8178443971879, 11.757050356270845]}