{"rotation": [0.36607244112549026, -0.005603522898267348, 0.0072277534609520395, -0.930541416573954], "translation": [3165.4373273385245, 1727.1186219977758, 11.760655613735324]}