{"rotation": [0.3647572188436418, -0.00265928370679569, 0.004300787012397604, -0.9310889338525575], "translation": [3160.64531656044, 1722.6692734501953, 11.823637539180917]}