{"rotation": [0.37169480533150867, -0.012323089629841247, -0.0003616771587777649, -0.9282731183984483], "translation": [3155.992632273086, 1718.338059399493, 11.805910019009547]}