{"rotation": [0.36565774479662694, -0.006195824467692654, 0.007829560183182135, -0.9306958275488014], "translation": [3165.4425101869374, 1727.1087486209144, 11.762096730668313]}