{"rotation": [0.36825878276886836, -0.005164258280540271, 0.0024239163109403107, -0.9297058265815703], "translation": [3157.5909309622357, 1719.85207842928, 11.815375577275248]}