{"rotation": [0.3652058303101454, -0.002042995182022214, 0.004225192925842312, -0.9309149668057245], "translation": [3159.8903595466118, 1721.9761753143614, 11.835028365532425]}