{"rotation": [0.3660678139019991, -0.005555324761792232, 0.007193255846935912, -0.9305437931995049], "translation": [3165.4470746698034, 1727.1126053603107, 11.767517713420284]}