{"rotation": [0.36756256832739337, -0.0074159722962652665, 0.0015673589612975084, -0.9299679054168255], "translation": [3157.914188053853, 1720.157478504218, 11.806670873445364]}