{"rotation": [0.3653365857611322, -0.007014041643597428, 0.0046596572312645875, -0.9308374025138375], "translation": [3162.4041644287317, 1724.284328237149, 11.791027496837438]}