{"rotation": [0.3655844231867969, -0.009339585855491595, 0.006638008746214027, -0.9307076546902954], "translation": [3164.698774635653, 1726.4001295603666, 11.757720421725637]}