{"rotation": [0.36550448611302255, -0.006326622483825102, 0.008060056523967, -0.9307531788653923], "translation": [3165.4448404393083, 1727.105127624167, 11.766326951857502]}