{"rotation": [0.3690403785372321, -0.011048979492489073, -0.00047950471835293146, -0.9293475609999179], "translation": [3157.30501560315, 1719.5859290967196, 11.789820619256949]}