{"rotation": [0.36830428050262265, -0.005334208912404714, 0.0022302359201711104, -0.9296873287436291], "translation": [3157.5794036619104, 1719.840075409476, 11.80866280171478]}