{"rotation": [0.3654834661749334, -0.006354444991806993, 0.008124396830687615, -0.930760684149121], "translation": [3165.4463196353736, 1727.1032638563481, 11.76773121757027]}