{"rotation": [0.3824201459816667, -0.0076609784224112385, -0.0010616366064006824, -0.9239561755217008], "translation": [3154.154003255274, 1716.5762300314773, 11.859506783429971]}