{"rotation": [0.3655990001350822, -0.006284721130632299, 0.007938130576033164, -0.9307173896857716], "translation": [3165.443148299401, 1727.10788067927, 11.76359985610069]}