{"rotation": [0.3657957553093034, -0.005893660147849756, 0.007480315929198202, -0.9306464285867955], "translation": [3165.435677868395, 1727.116978299333, 11.756976131664597]}