{"rotation": [0.3655639225688675, -0.00924414293627637, 0.006654853009272538, -0.9307165396987752], "translation": [3164.7351559866543, 1726.4341734537434, 11.754551642487252]}