{"rotation": [0.36562203123834186, -0.009341319403793324, 0.006511508295360115, -0.9306937575189085], "translation": [3164.5669772601627, 1726.2782806715009, 11.756176055554088]}