{"rotation": [0.36553147996538465, -0.006313140332921088, 0.008021399858931768, -0.9307430034965374], "translation": [3165.4446467707985, 1727.1056980317016, 11.765560153397882]}