{"rotation": [0.3715677116704849, -0.012343355674173941, -0.00047386953065031836, -0.9283236788223859], "translation": [3156.076319857753, 1718.4190952289878, 11.803520082518665]}