{"rotation": [0.365657744177716, -0.006195823956728345, 0.007829560263821757, -0.9306958277946864], "translation": [3165.4425102083896, 1727.1087485901312, 11.762096718129241]}