{"rotation": [0.3683077538606086, -0.002986654385961005, 0.0034153929146356786, -0.9296928597300137], "translation": [3157.5874001420552, 1719.8482041194186, 11.824575468946332]}