{"rotation": [0.3654372077175053, -0.007131705166670059, 0.007873122207179754, -0.9307753756646978], "translation": [3165.387095015499, 1727.0388020740102, 11.776132981996174]}