{"rotation": [0.3658074477833387, -0.00838601418071254, 0.005902498134973761, -0.9306340561295656], "translation": [3163.640740001924, 1725.4233625420572, 11.773548266927953]}