{"rotation": [0.37346078969963553, -0.009250731863263301, 0.00028770085352306456, -0.927599795032932], "translation": [3155.1622541512334, 1717.5470406114155, 11.833999531271614]}