{"rotation": [0.36966694868803024, -0.011191582933442782, -0.00046261223720526904, -0.9290968095462621], "translation": [3157.0609694942705, 1719.355656736348, 11.791617778149043]}