{"rotation": [0.3660725759588684, -0.005553622942998961, 0.007166734902317517, -0.9305421346257705], "translation": [3165.4412410905247, 1727.1153166010731, 11.76253241963181]}