{"rotation": [0.3690403729545091, -0.011048976629857144, -0.0004795005922771587, -0.9293475632529585], "translation": [3157.305017177465, 1719.5859305362094, 11.789820631090018]}