{"rotation": [0.3656906728285654, -0.006104137607087916, 0.007730193216871603, -0.9306843264088499], "translation": [3165.4412279929275, 1727.1100209858494, 11.759829054125449]}