{"rotation": [0.3682587829829168, -0.005164276918097378, 0.0024239099238839794, -0.9297058264099107], "translation": [3157.5909309237545, 1719.8520784637763, 11.81537551561622]}