{"rotation": [0.3656884303929763, -0.0060020539607327774, 0.0076531815228349, -0.9306865079271066], "translation": [3165.4384741026893, 1727.1133997214317, 11.758336583279716]}