{"rotation": [0.36565399061388776, -0.006248845819514964, 0.00787509947228346, -0.9306965638071113], "translation": [3165.442368881388, 1727.1093198560013, 11.762822918994042]}