{"rotation": [0.36550720660368163, -0.009460668420601009, 0.0066318790503843515, -0.9307368026752086], "translation": [3165.050816570619, 1726.7261980693722, 11.75939863244414]}