{"rotation": [0.36548151608221613, -0.006348179712023722, 0.008120097651436009, -0.9307615301626512], "translation": [3165.446413609693, 1727.103218428368, 11.767499344310153]}