{"rotation": [0.3655438312507711, -0.00631352948544876, 0.0080192950994387, -0.9307381681687135], "translation": [3165.444055563972, 1727.1065124181016, 11.765490597997907]}