{"rotation": [0.36708523722791697, -0.0036371702489753337, 0.003340770035668719, -0.9301741981249925], "translation": [3158.2492043634516, 1720.466679873772, 11.82871257808929]}