{"rotation": [0.37263586922502767, -0.01075959613198167, 0.000274657829430839, -0.9279152249106928], "translation": [3155.4512058429927, 1717.8226057901106, 11.824175976912333]}