{"rotation": [0.36528428335141955, -0.006330617853848721, 0.004235381785635121, -0.9308648543989393], "translation": [3162.0061087575577, 1723.9178540140692, 11.803629374019627]}