{"rotation": [0.36563710702906915, -0.007797272324871208, 0.005271255077672597, -0.9307099023743172], "translation": [3163.158834470059, 1724.9790736011482, 11.776718587490707]}