{"rotation": [0.36545900110923457, -0.006381197772725488, 0.008141726271093884, -0.9307699560667784], "translation": [3165.447400531579, 1727.1020824720536, 11.768592822610199]}