{"rotation": [0.36550784310218914, -0.009331402067668037, 0.0064335292589039, -0.9307392498801755], "translation": [3164.9227083467454, 1726.6077647999427, 11.756354760486346]}