{"rotation": [0.374952885139348, -0.008225763994199551, -4.402462850181434e-05, -0.9270073725673507], "translation": [3154.864974994531, 1717.2637210780529, 11.842585530970908]}