{"rotation": [0.36545645953346767, -0.008324120387556281, 0.007458753724314431, -0.9307613293416934], "translation": [3165.3734706454184, 1727.0260343037633, 11.773727202025182]}