{"rotation": [0.365637106475232, -0.007797271454650011, 0.005271254366193108, -0.9307099026032167], "translation": [3163.158833866796, 1724.9790730456086, 11.776718597002324]}