{"rotation": [0.36500893336568163, -0.0022844209892428215, 0.0043663947513128895, -0.9309909744894775], "translation": [3160.1511016741306, 1722.2165982175088, 11.835344362464472]}