{"rotation": [0.3856764544317616, -0.0076107469846771495, -0.0010590089955200604, -0.9226020959911309], "translation": [3153.948150480697, 1716.3718019382359, 11.86307524805455]}