{"rotation": [0.3940826810579501, -0.007031602937610912, -0.0017592623795423317, -0.9190464090818188], "translation": [3153.542727306515, 1715.9613972064135, 11.876204998408681]}