{"rotation": [0.3656823762925902, -0.006062467485436329, 0.0076925497658014656, -0.930688170567937], "translation": [3165.4421860748134, 1727.1087387627708, 11.759540382538885]}