{"rotation": [0.48294493769407854, -0.005842895676565352, -0.0042127446606716815, -0.8756210941430086], "translation": [3151.4792180784116, 1713.4493503349365, 11.921876504448676]}