{"rotation": [0.36546456618423717, -0.006182111481449253, 0.008368397437715088, -0.9307671042133595], "translation": [3165.3754280326852, 1727.0301081205414, 11.762944183780899]}