{"rotation": [0.36496677928978016, -0.0025294768819427234, 0.00452113004133653, -0.9310061284141463], "translation": [3160.2835770009006, 1722.3381226512245, 11.828709970658828]}