{"rotation": [0.3666477046337105, -0.0026066324966339547, 0.003535883832501646, -0.9303494846988319], "translation": [3158.5089338028697, 1720.7060043300585, 11.83748964214829]}