{"rotation": [0.3683198863449988, -0.003141433162474484, 0.0033462032410426514, -0.9296877947162491], "translation": [3157.5869215705043, 1719.8502979048749, 11.81912378955452]}