{"rotation": [0.3673949844637384, -0.005825335627713663, 0.0022728854987991032, -0.9300439908129202], "translation": [3158.020866114005, 1720.2554454483823, 11.815852499451285]}