{"rotation": [0.36668777552163595, -0.002390743899197928, 0.003429295308534742, -0.930334670728921], "translation": [3158.4259546054586, 1720.6295245231645, 11.834519111500795]}