{"rotation": [0.3664949780570704, -0.002744278849569813, 0.003687929719549169, -0.930408673200614], "translation": [3158.5995116373556, 1720.7893971481847, 11.83807016026293]}