{"rotation": [0.3650434756250308, -0.0021474817570383093, 0.004298114631401594, -0.9309780746270645], "translation": [3160.084275790558, 1722.1541710857018, 11.833590175759777]}