{"rotation": [0.3660874812321831, -0.0055341884918493536, 0.007149050562733924, -0.930536522614166], "translation": [3165.4436273251786, 1727.1140116732022, 11.765324393077503]}