{"rotation": [0.3658343408072722, -0.005882788513429789, 0.007459583809394584, -0.9306314966165746], "translation": [3165.4341935404514, 1727.119017590739, 11.757132406596039]}