{"rotation": [0.36578169594121634, -0.008466007672571801, 0.00616186861471991, -0.9306417726513412], "translation": [3164.2216690650416, 1725.9596496980587, 11.759870207109229]}