{"rotation": [0.3675579837333626, -0.007346672734292722, 0.001594058546025907, -0.9299702220882947], "translation": [3157.9190772472352, 1720.1618685621563, 11.806971549285437]}