{"rotation": [0.3650452411190023, -0.004713819995867259, 0.004107013587406735, -0.9309687880250385], "translation": [3161.59145121999, 1723.5366649558289, 11.80974568087763]}