{"rotation": [0.3657650428190114, -0.005909460009830057, 0.007492466416174126, -0.9306583017848181], "translation": [3165.4373216776626, 1727.115019108542, 11.757270082649082]}