{"rotation": [0.3655063524931453, -0.006337877422576336, 0.008068033399469206, -0.9307523002571619], "translation": [3165.444692793672, 1727.105248433918, 11.766548914519692]}