{"rotation": [0.3683471595092417, -0.005964007165710325, 0.0019794846726933144, -0.9296670814546631], "translation": [3157.5696058190642, 1719.8325405635433, 11.805944619369193]}