{"rotation": [0.3682587829838124, -0.005164276996078789, 0.0024239098971598947, -0.9297058264091925], "translation": [3157.590930923594, 1719.8520784639206, 11.815375515358237]}