{"rotation": [0.4616426671133954, -0.006769027568902207, -0.004153015082603885, -0.8870304282446718], "translation": [3151.8160233969675, 1713.9382311538461, 11.91445827145874]}