{"rotation": [0.36563985284479766, -0.006178244460902142, 0.007816202067538528, -0.9307030860012528], "translation": [3165.4416411958778, 1727.1095750576621, 11.762012057685356]}