{"rotation": [0.36563706687333586, -0.006171929153864162, 0.007815323375949885, -0.9307042297847973], "translation": [3165.442002866057, 1727.109637199788, 11.76206069320203]}