{"rotation": [0.36573950469224736, -0.005929372592141483, 0.007544211496580011, -0.9306677936412262], "translation": [3165.438301731337, 1727.1143248802903, 11.757536887955956]}