{"rotation": [0.3656812262729837, -0.005836035367692414, 0.007463840477706159, -0.9306919321279181], "translation": [3165.4598449356345, 1727.1042053795188, 11.768798379988722]}