{"rotation": [0.3694543975131526, -0.011199428605759256, -0.0005460750476134308, -0.9291812109374255], "translation": [3157.153474127151, 1719.4416675448306, 11.792823622409914]}