{"rotation": [0.3678903242518063, -0.0039408952845497456, 0.002943236930744444, -0.9298561802895255], "translation": [3157.7331366873736, 1719.9858842902695, 11.819002901311475]}