{"rotation": [0.3676110078964048, -0.008094801744250178, 0.0013351037428697046, -0.9299434598706023], "translation": [3157.844843094344, 1720.0917047854496, 11.803906702653572]}