{"rotation": [0.3669244660815285, -0.003327591302053917, 0.0032986171339747542, -0.9302389383657917], "translation": [3158.310412358041, 1720.5235825591512, 11.832261179762336]}