{"rotation": [0.3654597235293386, -0.007875945849284182, 0.007593299762231196, -0.930762860106461], "translation": [3165.434529232069, 1727.0861831271784, 11.767178068564245]}