{"rotation": [0.39656902117639753, -0.0069052615893294336, -0.0019940278507061954, -0.9179767713066096], "translation": [3153.4384018970436, 1715.8536449106196, 11.876990943551021]}