{"rotation": [0.3675068339473666, -0.006834110586469261, 0.0018006935980225262, -0.9299939674197035], "translation": [3157.9645421632104, 1720.2027184970495, 11.813501580025772]}