{"rotation": [0.3664949779439836, -0.002744278901411445, 0.0036879297958887962, -0.9304086732447043], "translation": [3158.5995117211246, 1720.7893972230959, 11.838070158895821]}