{"rotation": [0.3657752335323119, -0.002197612407689256, 0.00370587550442215, -0.9306932445875139], "translation": [3159.2585585687616, 1721.3970648219615, 11.83846577944209]}