{"rotation": [0.3654476810422869, -0.006432926134676306, 0.008189663316397372, -0.9307736240874711], "translation": [3165.448085077573, 1727.100748252567, 11.769257352893794]}