{"rotation": [0.36550629446837585, -0.006337834404729901, 0.008067953178467339, -0.930752324031783], "translation": [3165.4446922514726, 1727.1052492738536, 11.766548653352222]}