{"rotation": [0.37095688758101897, -0.011757929039506074, -0.0003011582820000351, -0.9285756016418881], "translation": [3156.4626802204302, 1718.785784556286, 11.798618467779809]}