{"rotation": [0.36581847080774543, -0.005759105523554746, 0.007405150142846093, -0.9306389433452767], "translation": [3165.4573354502495, 1727.1064228411792, 11.76961438336398]}