{"rotation": [0.3687640191448383, -0.010761486983719608, -0.00021851771926992, -0.9294607258147334], "translation": [3157.395845155149, 1719.6708036386292, 11.789783450728338]}