{"rotation": [0.3647572197839066, -0.0026592833896349555, 0.004300785893818513, -0.9310889334902783], "translation": [3160.645315465099, 1722.669272446455, 11.823637562346367]}