{"rotation": [0.4517520231210975, -0.006967781879473905, -0.0038585365349578125, -0.8921079930801449], "translation": [3151.9903108730136, 1714.176240869179, 11.912042224566505]}