{"rotation": [0.36543892349318813, -0.0069398123184837976, 0.00796931287912712, -0.9307753339304596], "translation": [3165.389466845652, 1727.0410808908437, 11.77766930833807]}