{"rotation": [0.3659761382259031, -0.00575155036876683, 0.007317445251188065, -0.9305776920346878], "translation": [3165.438384030266, 1727.1156052249712, 11.758961679850405]}