{"rotation": [0.3654777780879998, -0.009385827786715656, 0.006824896712986041, -0.9307477213216662], "translation": [3165.1006303338418, 1726.7721198053948, 11.75666633829966]}