{"rotation": [0.3652929993912727, -0.006444310516193986, 0.004323373480011376, -0.9308602493927061], "translation": [3162.0818175234263, 1723.9875255696904, 11.797407009645182]}