{"rotation": [0.3656756451765955, -0.006014565535682437, 0.007662475643679957, -0.9306913741907721], "translation": [3165.440470242725, 1727.1110362926952, 11.758561226817005]}