{"rotation": [0.3695542946452915, -0.011180839663324647, -0.0005018801819271962, -0.9291417331332864], "translation": [3157.1074094277815, 1719.3988556960026, 11.791425483669856]}