{"rotation": [0.3657312371915884, -0.008640510483775987, 0.006228350295675582, -0.9306595571816174], "translation": [3164.277270705547, 1726.009987277694, 11.760902300036525]}