{"rotation": [0.36602499451533776, -0.005721284879092573, 0.0073216742185535175, -0.9305586297359326], "translation": [3165.4377423436285, 1727.117167247059, 11.759289040455725]}