{"rotation": [0.36591937327198415, -0.002469099670720152, 0.003562845008766568, -0.9306364606797318], "translation": [3159.117343264352, 1721.2670029344129, 11.842208094024055]}