{"rotation": [0.36550271566844267, -0.005926686743833583, 0.0075506949376041126, -0.9307607781966284], "translation": [3165.46155236998, 1727.1020034173807, 11.768134326978426]}