{"rotation": [0.36685467275941935, -0.003087474720822004, 0.00332636606213617, -0.9302671938014628], "translation": [3158.3328566210353, 1720.5434782816112, 11.832818369630107]}