{"rotation": [0.3690403789803054, -0.011048979719682087, -0.00047950504581926215, -0.9293475608211051], "translation": [3157.305015478205, 1719.5859289824746, 11.789820618317814]}