{"rotation": [0.36544957645222487, -0.006399343163944411, 0.008183147535586755, -0.9307731687013601], "translation": [3165.4478793167123, 1727.1013474375416, 11.769097215523116]}