{"rotation": [0.36564731196907374, -0.006112648397311563, 0.007776972109195163, -0.9307009173113426], "translation": [3165.4412515429085, 1727.1099284430127, 11.760992028646994]}