{"rotation": [0.3675384083213455, -0.007072925155837277, 0.0017009005422449317, -0.9299798917587935], "translation": [3157.9371747646073, 1720.1780576494232, 11.808206906693485]}