{"rotation": [0.36540812250461613, -0.00729525103899273, 0.004699899888161868, -0.9308069586444715], "translation": [3162.640226055918, 1724.5020296224493, 11.787018500066594]}