{"rotation": [0.37564128485431186, -0.008066640488654362, -0.00021744659818709444, -0.9267300076835785], "translation": [3154.764548712385, 1717.1678231342528, 11.845113066642332]}