{"rotation": [0.3657312380483624, -0.008640508196814264, 0.00622834848983698, -0.93065955687824], "translation": [3164.277269692284, 1726.0099863363068, 11.760902306653481]}