{"rotation": [0.3656371059213948, -0.007797270584428815, 0.00527125365471362, -0.9307099028321165], "translation": [3163.158833263535, 1724.9790724900683, 11.776718606513912]}