{"rotation": [0.3661309840967867, -0.005527157791511336, 0.007148485571354447, -0.9305194528676456], "translation": [3165.441864092341, 1727.1167033008865, 11.764925377275585]}