{"rotation": [0.596006415359629, -0.007215726504598309, -0.004466142796448354, -0.8029348290550722], "translation": [3150.3214066231976, 1711.039868786778, 11.946047196540983]}