{"rotation": [0.36559551197463136, -0.00630385333787287, 0.007954566397259758, -0.9307184901625912], "translation": [3165.443654678516, 1727.1067839116945, 11.764378530427244]}