{"rotation": [0.36547343931558446, -0.0071501629946574, 0.00789967889264012, -0.9307607831217326], "translation": [3165.444615763634, 1727.0961321571326, 11.768881763941776]}