{"rotation": [0.5367141866256416, -0.00419155730691309, -0.005491967106741608, -0.8437358301147446], "translation": [3150.8179995419077, 1712.284820270584, 11.945690148826769]}