{"rotation": [0.3681888441913458, -0.0024679058510819777, 0.003745187456145062, -0.9297402099644123], "translation": [3157.611659487483, 1719.8728222682112, 11.82233556862861]}