{"rotation": [0.3654597426102006, -0.006720067407712254, 0.008090142287874408, -0.9307677297924998], "translation": [3165.4461406483856, 1727.0983025023088, 11.76861165467032]}