{"rotation": [0.365336569586877, -0.007014028239170087, 0.004659662384581489, -0.9308374089371435], "translation": [3162.404143520972, 1724.2843089221876, 11.791027833493429]}