{"rotation": [0.36955428570403254, -0.011180837225291028, -0.0005018822199742667, -0.9291417367177954], "translation": [3157.1074129859016, 1719.3988589997468, 11.79142549333083]}