{"rotation": [0.36542886208209263, -0.007350622849299431, 0.007775565776469989, -0.930777769222047], "translation": [3165.3859255088664, 1727.037611629505, 11.775863579903305]}