{"rotation": [0.36572485962125634, -0.005917321088332906, 0.007573545678486633, -0.9306733872696725], "translation": [3165.437052567619, 1727.1157676828636, 11.75765204965168]}