{"rotation": [0.3654288622742275, -0.007350625850957746, 0.007775564733939237, -0.9307777691316179], "translation": [3165.3859254839626, 1727.03761160796, 11.775863573556277]}