{"rotation": [0.3654840719606794, -0.006366844182630479, 0.00812096497857442, -0.9307603914896743], "translation": [3165.4458613161814, 1727.1038669961251, 11.767471990966277]}