{"rotation": [0.36583073343543654, -0.008684710768050814, 0.00614389378528137, -0.9306206009121661], "translation": [3163.883890119327, 1725.6475279594847, 11.765507708916516]}