{"rotation": [0.3660140470548501, -0.005650087852217468, 0.007244335860797273, -0.9305639760186982], "translation": [3165.450974107816, 1727.109670731133, 11.768233655291901]}