{"rotation": [0.36835996343352195, -0.007269104034000869, 0.0015411826811561956, -0.9296535495665794], "translation": [3157.549792886224, 1719.8147045666603, 11.80063497216733]}