{"rotation": [0.36477429298824116, -0.002535496905285593, 0.004016008023748488, -0.9310838620177698], "translation": [3161.1068154670024, 1723.092992181865, 11.819010656129594]}