{"rotation": [0.3663173907447231, -0.0027467628564842553, 0.003764366685163722, -0.9304782931778945], "translation": [3158.697162981502, 1720.8798642574397, 11.83617519239255]}