{"rotation": [0.3682704498865611, -0.0056096685572641055, 0.0022052453150286427, -0.9296991686842191], "translation": [3157.590132452649, 1719.850437699548, 11.81457064824384]}