{"rotation": [0.3656416247814017, -0.006252577448267225, 0.007878361242465699, -0.9307013693589384], "translation": [3165.4423697466436, 1727.1093054586863, 11.762886805188149]}