{"rotation": [0.3650452323638275, -0.004713768618926352, 0.0041070105608319776, -0.9309687917315487], "translation": [3161.591440768004, 1723.5366553612682, 11.809745879792176]}