{"rotation": [0.3655990001893735, -0.006284720979131961, 0.007938130317842547, -0.9307173896676703], "translation": [3165.443148302535, 1727.1078806751514, 11.763599853706399]}