{"rotation": [0.3654732453096187, -0.009294020616231835, 0.007125091582576269, -0.930748172823122], "translation": [3165.3144090618325, 1726.9711873655956, 11.76430852863261]}