{"rotation": [0.37194817426012083, -0.012149530021076322, -0.0003028658100628736, -0.9281739345926123], "translation": [3155.8171070760786, 1718.171596175528, 11.8091776396736]}