{"rotation": [0.36475721640820186, -0.0026592845282939824, 0.004300789909700825, -0.9310889347909203], "translation": [3160.6453193975535, 1722.6692760500482, 11.82363747917861]}