{"rotation": [0.40789699760484793, -0.006130002557343413, -0.00411290792313656, -0.9129981086519366], "translation": [3153.036413644741, 1715.4251455456836, 11.88453198405266]}