{"rotation": [0.36547838242627884, -0.009178700249294765, 0.00720008054333771, -0.9307467229493606], "translation": [3165.3257445848994, 1726.9814968961803, 11.765059770019672]}