{"rotation": [0.365665179013202, -0.0062350862173687965, 0.007839413416039618, -0.9306925615660616], "translation": [3165.4418888164555, 1727.1096237710788, 11.762480607892376]}