{"rotation": [0.5367144093933333, -0.0041915649604497875, -0.005491951746023757, -0.8437356884704873], "translation": [3150.8179972503176, 1712.2848156500784, 11.945690246816437]}