{"rotation": [0.3655108006036194, -0.006346857397895002, 0.00808022025794596, -0.9307503865612171], "translation": [3165.4451870355606, 1727.1046143614826, 11.766972203513223]}