{"rotation": [0.36709436677302715, -0.003631430078794177, 0.003345835672094311, -0.9301705993970937], "translation": [3158.2446664770623, 1720.4626085096506, 11.828656612260895]}