{"rotation": [0.3683475866355945, -0.006338116579960524, 0.0018562570115540045, -0.9296646911698105], "translation": [3157.564560661832, 1719.8270018500227, 11.804909794296965]}