{"rotation": [0.3743112765779448, -0.008475920913235532, 3.5884746176318986e-05, -0.9272643774585255], "translation": [3154.9718216166552, 1717.366075018196, 11.83880028560944]}