{"rotation": [0.367372877873182, -0.0048277283339672504, 0.0027190405808063295, -0.9300572393463907], "translation": [3158.0735726265752, 1720.3033549592385, 11.820174168076477]}