{"rotation": [0.3656845168961728, -0.006082120012448511, 0.007716729211116504, -0.9306870010958836], "translation": [3165.441586333522, 1727.1093602841845, 11.759660160164291]}