{"rotation": [0.36549170826031596, -0.0077446208788241825, 0.007649554289150117, -0.9307509421749606], "translation": [3165.388940337126, 1727.0435680677933, 11.756576131617676]}