{"rotation": [0.3658527102630434, -0.008715825499176821, 0.0062146328135556615, -0.9306112008341862], "translation": [3164.003526194208, 1725.758164894485, 11.765285466637836]}