{"rotation": [0.36737322658862287, -0.005163553580152465, 0.0025802082659135642, -0.930055693292393], "translation": [3158.0565180178073, 1720.2883112250988, 11.818786786524411]}