{"rotation": [0.36546708600944955, -0.006368653522826938, 0.008135186291140082, -0.9307669246594855], "translation": [3165.4467541262547, 1727.1028203229334, 11.768414495172609]}