{"rotation": [0.46678515111556285, -0.006502600278353359, -0.004280358779971966, -0.8843364842730146], "translation": [3151.7289444123508, 1713.8170802790064, 11.91654649897611]}