{"rotation": [0.36487773892263337, -0.003484611709323032, 0.003980363621539901, -0.9310404125629468], "translation": [3161.3482185851854, 1723.3139482781473, 11.815728148099739]}