{"rotation": [0.3796517233317693, -0.007713791490446441, -0.0008812303444278153, -0.9250969083426556], "translation": [3154.357813557073, 1716.7758779009155, 11.854432093522773]}