{"rotation": [0.36539776530347007, -0.005993589189693123, 0.0076393948047836545, -0.9308008324270408], "translation": [3165.4619573820787, 1727.1016444790719, 11.768087474009382]}