{"rotation": [0.3656924363710006, -0.006093122454312039, 0.007717401299184796, -0.9306838118055916], "translation": [3165.4412814484663, 1727.1096602741916, 11.759703201013677]}