{"rotation": [0.3654294434474564, -0.004980913791429236, 0.008954854725590605, -0.9307826400058868], "translation": [3165.3911413158144, 1727.0430354324333, 11.783756833925743]}