{"rotation": [0.36566862427071506, -0.007967866320591571, 0.005348772424879043, -0.9306956328272991], "translation": [3163.233806576655, 1725.0484766292914, 11.778285874518792]}