{"rotation": [0.3648777379803392, -0.003484607253430886, 0.0039803634399760614, -0.9310404129496883], "translation": [3161.3482176079683, 1723.313947382787, 11.815728150266294]}