{"rotation": [0.3658074494952656, -0.008386025669701393, 0.005902511484419684, -0.9306340552684563], "translation": [3163.6407461332, 1725.4233682273373, 11.773548167407895]}