{"rotation": [0.365826968821052, -0.008606781764556632, 0.006050517111809742, -0.9306234165512589], "translation": [3163.7659854031863, 1725.5380697120336, 11.770279660136254]}