{"rotation": [0.3659870373863357, -0.005774635137325899, 0.007338274501127577, -0.9305730985696663], "translation": [3165.4341785496636, 1727.1196102316053, 11.758512140978022]}