{"rotation": [0.3650089322260137, -0.002284426556246096, 0.004366396970741316, -0.930990974912232], "translation": [3160.151105236888, 1722.216601471569, 11.835344274173343]}