{"rotation": [0.3655072045131351, -0.009460675169871468, 0.006631868454374854, -0.9307368035030781], "translation": [3165.050808429862, 1726.726190525636, 11.75939859972322]}