{"rotation": [0.4334750044526438, -0.006076891588444589, -0.004423296521752081, -0.9011342443561245], "translation": [3152.3581452453413, 1714.6443325156738, 11.9047894821145]}