{"rotation": [0.3660518744696901, -0.005576938742520206, 0.0071697694286770456, -0.9305501154466793], "translation": [3165.442802296281, 1727.1136881523723, 11.762636854402624]}