{"rotation": [0.36610986766488923, -0.005536748695938838, 0.0071469321421336095, -0.9305277161768106], "translation": [3165.442538594952, 1727.1159690212928, 11.765316036193708]}