{"rotation": [0.36654662546998407, -0.0027188943824359695, 0.0036515684846036953, -0.9303885451882491], "translation": [3158.56807694727, 1720.7612263710982, 11.83855758154324]}