{"rotation": [0.5630991881168652, -0.004977592839134866, -0.0048601497219897755, -0.8263600346436988], "translation": [3150.5766964754403, 1711.7437570173804, 11.94917767070345]}