{"rotation": [0.36563276620196006, -0.006257394043911347, 0.00789125845050398, -0.9307047079172585], "translation": [3165.4428588912824, 1727.1080966534105, 11.762786487145556]}