{"rotation": [0.3683342399401609, -0.003687956768685722, 0.0031288454355796343, -0.9296808576005083], "translation": [3157.593952824003, 1719.854803015676, 11.823206749207182]}