{"rotation": [0.3660477867849237, -0.005579305270828988, 0.007209688994209359, -0.9305514007980219], "translation": [3165.448109229831, 1727.1116584782703, 11.767761465027096]}