{"rotation": [0.36597402641913646, -0.0057571065647796125, 0.007324000384234104, -0.9305784366344079], "translation": [3165.436809350281, 1727.1171381597073, 11.75880861259669]}