{"rotation": [0.596287618697962, -0.007228366627612565, -0.004475719362910212, -0.8027258526044837], "translation": [3150.319449726773, 1711.0337578243257, 11.946079923449247]}