{"rotation": [0.36913466290956337, -0.011108351751650605, -0.0005230873176546465, -0.9293093841878832], "translation": [3157.271223392843, 1719.5532343965856, 11.791265041538091]}