{"rotation": [0.36621827377366756, -0.0027380739689884825, 0.0036539097028289356, -0.9305177740640203], "translation": [3158.7724854597436, 1720.9485656439379, 11.837035028026223]}