{"rotation": [0.36487774263411854, -0.0034846292600818926, 0.003980364336679105, -0.931040411039659], "translation": [3161.3482224342265, 1723.3139518047715, 11.81572813956606]}