{"rotation": [0.3653112054189875, -0.001973733435009785, 0.004098686523827054, -0.9308743354182848], "translation": [3159.7802395168387, 1721.8756493489664, 11.835253709962684]}