{"rotation": [0.3656666867120974, -0.006230603366089842, 0.007849804285909775, -0.9306919116352975], "translation": [3165.4428465002543, 1727.1086583546744, 11.762496991439223]}