{"rotation": [0.3673459115608585, -0.004420390580819608, 0.0029026073914824135, -0.930069361003235], "translation": [3158.093701640996, 1720.323529865618, 11.822139011364715]}