{"rotation": [0.3653320787139654, -0.001972107773290557, 0.004079676906977174, -0.9308662306098542], "translation": [3159.7633697066676, 1721.8602965941702, 11.835480521982621]}