{"rotation": [0.3683042817059234, -0.005334209294491198, 0.002230239856427605, -0.9296873282552953], "translation": [3157.579403472279, 1719.8400753216397, 11.808662713600652]}