{"rotation": [0.36660284446733243, -0.002686573321216221, 0.0035964426094212175, -0.9303667031621498], "translation": [3158.5385607148783, 1720.7347532594638, 11.839532345625049]}