{"rotation": [0.36563276594936794, -0.006257393824721921, 0.007891258642459728, -0.930704708016337], "translation": [3165.4428588854457, 1727.1080966625857, 11.762786493231276]}