{"rotation": [0.3660834320618226, -0.005543021458713717, 0.007165481380461175, -0.9305379366578944], "translation": [3165.445107588934, 1727.1132943830373, 11.766286861975589]}