{"rotation": [0.36573148216797646, -0.005933426776780827, 0.007628788814314596, -0.9306702310588463], "translation": [3165.4373125818806, 1727.1149205179065, 11.758136706140865]}