{"rotation": [0.3654670863044618, -0.006368653123319383, 0.008135186060644787, -0.9307669245483966], "translation": [3165.4467541209447, 1727.1028203302842, 11.768414494042739]}