{"rotation": [0.36546883164444494, -0.007533898886432968, 0.004787959297924256, -0.93078077381829], "translation": [3162.868676008371, 1724.7119220509173, 11.782803300151564]}