{"rotation": [0.36604344151271606, -0.005624864535389489, 0.007222291209154494, -0.9305527380724724], "translation": [3165.4501679319997, 1727.1104152380028, 11.768199542151509]}