{"rotation": [0.36500893251611105, -0.002284425139190717, 0.004366396405795899, -0.9309909748046219], "translation": [3160.1511043300056, 1722.2166006432633, 11.835344296647458]}