{"rotation": [0.3655523073452141, -0.005895738653524609, 0.007541475606840886, -0.9307415736959378], "translation": [3165.461260295025, 1727.1024714239652, 11.768268404430255]}