{"rotation": [0.3654579616414909, -0.006395141180358652, 0.008163549632911117, -0.9307700773550474], "translation": [3165.4478381868603, 1727.1014332004893, 11.768626997342302]}