{"rotation": [0.37156771729858157, -0.012343356379395468, -0.00047386119627077736, -0.9283236765645803], "translation": [3156.0763156317707, 1718.4190912530257, 11.803520119321872]}