{"rotation": [0.3650919512979623, -0.002098635889678001, 0.00429651640429078, -0.9309591842673], "translation": [3160.018479562018, 1722.0941621603956, 11.835120183275464]}