{"rotation": [0.36807851813493375, -0.0015934523696061933, 0.003985717678752954, -0.9297848027644474], "translation": [3157.6788492576725, 1719.935385586658, 11.82402713740419]}