{"rotation": [0.5764478147217401, -0.005776663565256018, -0.004595384657678753, -0.817100623852676], "translation": [3150.466083376362, 1711.4630649146334, 11.949355841764277]}