{"rotation": [0.3718154811773958, -0.012253169536091138, -0.00031156226531921797, -0.9282257326330143], "translation": [3155.9054073154625, 1718.25534292127, 11.807136178478022]}