{"rotation": [0.36543417240109866, -0.009440297977137893, 0.0069519207534655784, -0.9307633518856792], "translation": [3165.1944878610634, 1726.859552527766, 11.75825161916525]}