{"rotation": [0.3658074475045515, -0.008386012309732165, 0.005902495961018193, -0.9306340562697972], "translation": [3163.640739003447, 1725.4233616162096, 11.773548283134785]}