{"rotation": [0.3705832872641981, -0.011308512595944967, -0.00023809322957006238, -0.9287303634828261], "translation": [3156.6684901576914, 1718.9812313040343, 11.79737481870737]}