{"rotation": [0.36829795659346576, -0.0029704367998878694, 0.003468438906809298, -0.9296965965334311], "translation": [3157.5972254405006, 1719.8581123898614, 11.820732699802615]}