{"rotation": [0.3647308490015577, -0.002563862630097171, 0.004343010167436884, -0.9310993355478794], "translation": [3160.71770435381, 1722.735765783708, 11.820261214266415]}