{"rotation": [0.367094364129475, -0.0036314363533472014, 0.0033458347779726457, -0.9301706004190987], "translation": [3158.244667938457, 1720.462609871588, 11.828656665132284]}