{"rotation": [0.6161581115073737, -0.007539379845945141, -0.004965009808698121, -0.7875707511410038], "translation": [3150.194970118997, 1710.6023156331175, 11.94941718098274]}