{"rotation": [0.36547344095991596, -0.007150178638566625, 0.007899670828874418, -0.93076078242433], "translation": [3165.4446155999585, 1727.0961320015335, 11.768881734928918]}