{"rotation": [0.36677767281663975, -0.0028846446714882535, 0.0033646198245141836, -0.9302980688369539], "translation": [3158.3581790020717, 1720.5661099667354, 11.83498783877486]}