{"rotation": [0.36556741495971984, -0.006292610691063317, 0.00795966850553659, -0.9307295589201199], "translation": [3165.44424147671, 1727.1061863783618, 11.764994466148446]}