{"rotation": [0.3656756450781556, -0.006014565008502336, 0.007662475574790562, -0.9306913742334239], "translation": [3165.44047028298, 1727.1110362502957, 11.758561223783182]}