{"rotation": [0.36528428335643626, -0.006330616883793484, 0.004235381725649755, -0.9308648544038407], "translation": [3162.006108383478, 1723.9178536703123, 11.80362938449147]}