{"rotation": [0.5303547983836724, -0.0041507203368061595, -0.005614208883286771, -0.8477470377481213], "translation": [3150.8857443084016, 1712.4206373008847, 11.943983842834914]}