{"rotation": [0.36841000521153944, -0.00826075802742309, 0.0011282106540390381, -0.9296260296902008], "translation": [3157.5297866917604, 1719.7956085128383, 11.797205462684786]}