{"rotation": [0.3681319369247797, -0.0016336435163905407, 0.004096911379942495, -0.9297631007638539], "translation": [3157.6468199933693, 1719.9047473674707, 11.829719726130024]}