{"rotation": [0.36549518448108537, -0.00761682021086019, 0.0048842290867672404, -0.9307692509302404], "translation": [3162.941909942619, 1724.7787107912377, 11.781025041241355]}