{"rotation": [0.3673732279511343, -0.005163587809332119, 0.002580191061183116, -0.9300556926118925], "translation": [3158.0565161300965, 1720.2883095667407, 11.81878663037974]}