{"rotation": [0.3675968660050605, -0.008036452063311049, 0.0013365738443541222, -0.9299495540683109], "translation": [3157.8681538609735, 1720.1128163923331, 11.806316997119454]}