{"rotation": [0.36569067297868935, -0.006104137555408546, 0.0077301931548877795, -0.9306843263507161], "translation": [3165.441227991905, 1727.1100209868937, 11.759829052926333]}