{"rotation": [0.3660181187948948, -0.0025974796541176647, 0.0036579673035112064, -0.9305969101004469], "translation": [3158.976525069899, 1721.1376138829753, 11.838827239868928]}