{"rotation": [0.3652131846612602, -0.005794445453189192, 0.004264746031342543, -0.9308961091833817], "translation": [3161.83971324823, 1723.764951380884, 11.805454166415764]}