{"rotation": [0.37027438683270397, -0.011285929502710661, -0.000160227402555336, -0.9288538531857983], "translation": [3156.7952095186965, 1719.102336669489, 11.79709101289669]}