{"rotation": [0.4517517666117426, -0.006967780579744537, -0.0038585289644010507, -0.8921081230160349], "translation": [3151.990315694533, 1714.1762472254568, 11.912042141792764]}