{"rotation": [0.4214757355564533, -0.0058115671410267555, -0.0048182336003103786, -0.9068082568269241], "translation": [3152.643873025075, 1714.985396994761, 11.89733634613899]}