{"rotation": [0.3654842048307427, -0.006361371919063816, 0.008130765906945973, -0.9307602911664815], "translation": [3165.4462538438534, 1727.1033253462062, 11.767983353145375]}