{"rotation": [0.36587965271912326, -0.00586474760710872, 0.007407877854400315, -0.9306142099749676], "translation": [3165.436509558628, 1727.1168343465285, 11.757427624864162]}