{"rotation": [0.36553405507333897, -0.006322795067406313, 0.00803441758470699, -0.9307418143493132], "translation": [3165.444473109353, 1727.1059211903396, 11.765818689458387]}