{"rotation": [0.3656608978930097, -0.006234477134994458, 0.007833367038414005, -0.9306942985791696], "translation": [3165.4419222531087, 1727.1094850533148, 11.762367428234226]}