{"rotation": [0.36566861864166106, -0.007967847779209926, 0.005348766110386509, -0.9306956352339701], "translation": [3163.2337961602952, 1725.0484669886762, 11.778285826486727]}