{"rotation": [0.36551160115464026, -0.00926005465962746, 0.006510560165996166, -0.9307379509912534], "translation": [3164.8152210067515, 1726.5079548676163, 11.755837043063753]}