{"rotation": [0.365625818812911, -0.0061561439602214356, 0.00781866707768419, -0.9307087250875312], "translation": [3165.442284681332, 1727.1093559740668, 11.761993780685218]}