{"rotation": [0.38750516570134663, -0.007553641560134821, -0.0011470357775859549, -0.9218358711630167], "translation": [3153.8476346494713, 1716.2712365820487, 11.867434834359269]}