{"rotation": [0.3875051587139508, -0.007553642290347799, -0.0011470355095532093, -0.9218358740946054], "translation": [3153.847635022244, 1716.2712369557396, 11.867434824871665]}