{"rotation": [0.36795773020259215, -0.002929205091965928, 0.0033965855315901817, -0.9298317007654731], "translation": [3157.7146325104395, 1719.9697280016153, 11.82167359165989]}