{"rotation": [0.3655523130859997, -0.005895737158598148, 0.0075414733068269865, -0.9307415714693281], "translation": [3165.4612602491793, 1727.1024714847135, 11.76826841779102]}