{"rotation": [0.36589714376219423, -0.005716820411205623, 0.007380993320003583, -0.9306084671271072], "translation": [3165.4558476130783, 1727.107610002754, 11.769848958821777]}