{"rotation": [0.3652687370263902, -0.0020317321334132844, 0.004134306581849646, -0.9308907182504138], "translation": [3159.827362249634, 1721.9186803887956, 11.835939165274823]}