{"rotation": [0.36597613780029437, -0.005751550457879904, 0.007317445783783276, -0.9305776921973317], "translation": [3165.4383839892243, 1727.115605265919, 11.758961675351504]}