{"rotation": [0.36546611421120084, -0.008306775065664091, 0.007423041302623276, -0.9307579789124526], "translation": [3165.4228113522076, 1727.0752418433751, 11.765445037662744]}