{"rotation": [0.3660768124341138, -0.005684513167824427, 0.007298502121839658, -0.9305386534555676], "translation": [3165.43620794673, 1727.1191204772454, 11.759818117958906]}