{"rotation": [0.3654734382664027, -0.007150153012909348, 0.007899684037804052, -0.9307607835667169], "translation": [3165.444615868067, 1727.096132256414, 11.768881782453722]}