{"rotation": [0.3653977661804544, -0.0059935883785714955, 0.007639394542154834, -0.9308008320901479], "translation": [3165.4619573820783, 1727.1016444792056, 11.76808747401592]}