{"rotation": [0.3652058219455343, -0.0020429910952356324, 0.00422520597391752, -0.930914970036979], "translation": [3159.8903666041506, 1721.9761817340518, 11.835028247374709]}