{"rotation": [0.3699729874742307, -0.011135428966717584, -9.300444659302376e-05, -0.9289757704651359], "translation": [3156.9038382439976, 1719.206376423139, 11.790664248532162]}