{"rotation": [0.3657395025453724, -0.005929369656425977, 0.0075442070625347845, -0.9306677945395654], "translation": [3165.438301579177, 1727.1143250507555, 11.757536886244058]}