{"rotation": [0.36557917141218965, -0.0063042264175380384, 0.00794895729485246, -0.930724954128113], "translation": [3165.443085830437, 1727.1075854992428, 11.764185335618887]}