{"rotation": [0.3809854293637373, -0.007677720650128494, -0.0009805325993115894, -0.9245486432708498], "translation": [3154.2568269510057, 1716.677001209574, 11.857126045949146]}