{"rotation": [0.36548390391931385, -0.0063684848358449425, 0.008137172086405756, -0.9307603047010705], "translation": [3165.4466739952118, 1727.102788216645, 11.768153074393439]}