{"rotation": [0.36583073327371474, -0.008684709750392962, 0.006143892327013096, -0.930620600994864], "translation": [3163.883889257359, 1725.6475271546306, 11.765507712726825]}