{"rotation": [0.3666811170023035, -0.0025429525543894534, 0.003479438411185841, -0.93033670535704], "translation": [3158.481262843608, 1720.681238825712, 11.838075120255118]}