{"rotation": [0.3654954268504361, -0.007617089879517103, 0.004884681346984456, -0.9307691511762319], "translation": [3162.9422761023184, 1724.779049545376, 11.781020463112222]}