{"rotation": [0.36535850755639193, -0.0071466884710333686, 0.0046438684810951635, -0.9308278682364394], "translation": [3162.4851917714623, 1724.3586995527871, 11.791447951369562]}