{"rotation": [0.3671696017062131, -0.003442142851082146, 0.0033935777239683398, -0.9301414509985699], "translation": [3158.1797123891342, 1720.401865664645, 11.832325779430246]}