{"rotation": [0.36547585022962775, -0.0072931264591275715, 0.007834159134400784, -0.9307592809937695], "translation": [3165.384801635854, 1727.0391701119981, 11.75954386956109]}