{"rotation": [0.36598703898831075, -0.005774633777680413, 0.007338272867264468, -0.9305730979609437], "translation": [3165.434178488999, 1727.1196103200648, 11.75851216800008]}