{"rotation": [0.36568122604601494, -0.005836032021567198, 0.0074638405966372, -0.9306919322371257], "translation": [3165.4598448753327, 1727.1042054497793, 11.768798410916574]}