{"rotation": [0.3658527101080745, -0.008715826305338101, 0.006214633389931576, -0.9306112008837102], "translation": [3164.0035254556906, 1725.75816420563, 11.765285462273054]}