{"rotation": [0.3655426231887636, -0.007652755184800987, 0.0049804732816644305, -0.9307498164685556], "translation": [3163.0153879047316, 1724.8467064642073, 11.779226994985576]}