{"rotation": [0.3660303232462324, -0.005718664498468378, 0.007319988780164446, -0.9305565630873123], "translation": [3165.4361129372787, 1727.1188255261295, 11.759137706530797]}