{"rotation": [0.36832318394677616, -0.003951906795963253, 0.0030055805495145635, -0.929684559990939], "translation": [3157.589652089844, 1719.8515191201436, 11.818129484832774]}