{"rotation": [0.36564162753986984, -0.0062525776963637345, 0.007878360599995455, -0.9307013682789999], "translation": [3165.4423697215148, 1727.1093055019885, 11.762886801257874]}