{"rotation": [0.3659695296977131, -0.0024393840349722124, 0.0035991515169362196, -0.930616676643355], "translation": [3159.065864133448, 1721.218926391556, 11.83699052548086]}