{"rotation": [0.3683315490160124, -0.003369391668143826, 0.0032691173921215724, -0.9296826501934561], "translation": [3157.5921385542365, 1719.8523037347024, 11.823994992787243]}