{"rotation": [0.36563984968332763, -0.0061782428870085235, 0.007816199196498985, -0.9307030872778403], "translation": [3165.441641179311, 1727.1095750668455, 11.76201204715894]}