{"rotation": [0.3652842828663881, -0.0063307116428733745, 0.004235387585272868, -0.9308648539250398], "translation": [3162.006144925094, 1723.917887249949, 11.803628361554987]}