{"rotation": [0.36568843359673925, -0.006002054339217551, 0.007653180023206668, -0.9306865066781643], "translation": [3165.4384739994457, 1727.1133998315358, 11.758336565625285]}