{"rotation": [0.3656751974369772, -0.006046180072729018, 0.00767018346834718, -0.930691281774745], "translation": [3165.439170203036, 1727.1125832181951, 11.758706830565597]}