{"rotation": [0.366924523747601, -0.0033278838584171514, 0.0032986116859777697, -0.9302389145926794], "translation": [3158.3103816709904, 1720.52355546386, 11.832260435904534]}