{"rotation": [0.36546611441525645, -0.008306773607858338, 0.00742304175423925, -0.930757978841738], "translation": [3165.4228114643965, 1727.0752419479222, 11.765445090890486]}