{"rotation": [0.36569380482646263, -0.0021678459371570003, 0.0038545471925009694, -0.9307247090420876], "translation": [3159.433053975698, 1721.5583190312661, 11.84054096867353]}