{"rotation": [0.3654375418412824, -0.009473696293281231, 0.006949436370943687, -0.9307617081861876], "translation": [3165.214870491737, 1726.8786029347198, 11.75866338858609]}