{"rotation": [0.36601404139648364, -0.005650096711721809, 0.007244338460656703, -0.9305639781702432], "translation": [3165.4509744104316, 1727.109670402884, 11.768233617186969]}