{"rotation": [0.366253360462642, -0.0028592442950954966, 0.003682473268193971, -0.9305034873994358], "translation": [3158.739994394708, 1720.9193981234346, 11.84106746969844]}