{"rotation": [0.36543754068357787, -0.009473695419977496, 0.006949437523816895, -0.930761708641009], "translation": [3165.214869875989, 1726.8786023601829, 11.75866337766036]}