{"rotation": [0.3654255389463692, -0.006456050350809349, 0.008222638700207487, -0.930781866557589], "translation": [3165.3898350790787, 1727.0414318409162, 11.779255392621971]}