{"rotation": [0.3656866622845247, -0.006064959123473511, 0.007683371781474188, -0.930686546102447], "translation": [3165.4406900904582, 1727.1105304429623, 11.759399156634931]}