{"rotation": [0.36544611569624763, -0.006389293688506575, 0.008173897342190812, -0.930774677809257], "translation": [3165.4479029062213, 1727.1014243557133, 11.768907271612637]}