{"rotation": [0.3681176578381482, -0.001437192215633886, 0.00411898793302097, -0.9297689812016204], "translation": [3157.6588281250683, 1719.9152153247892, 11.830439487582177]}