{"rotation": [0.3647542442793224, -0.002371362554705214, 0.004133277586760657, -0.931091635627904], "translation": [3160.9481886132025, 1722.94782408913, 11.81931678657519]}