{"rotation": [0.3658527101587374, -0.008715826041785373, 0.006214633201500989, -0.9306112008675197], "translation": [3164.00352569713, 1725.758164430832, 11.765285463700007]}