{"rotation": [0.36568276355264695, -0.006099042893283733, 0.007740038665709807, -0.9306873857089384], "translation": [3165.441883491793, 1727.109311874248, 11.760177311512113]}