{"rotation": [0.36592804812638113, -0.00582383599979623, 0.007374734442799211, -0.9305957015914927], "translation": [3165.435277888376, 1727.1185931792315, 11.757966607744843]}