{"rotation": [0.36575471312420027, -0.00592790595104572, 0.0075246512205408705, -0.9306619844940905], "translation": [3165.4360743118837, 1727.1169128218787, 11.75725825334468]}