{"rotation": [0.576447699392204, -0.005776653147079809, -0.004595387466942407, -0.8171007052731519], "translation": [3150.46608429341, 1711.463067338718, 11.949355840835263]}