{"rotation": [0.36568122596255564, -0.005836030791153441, 0.0074638406403696915, -0.9306919322772828], "translation": [3165.4598448531597, 1727.104205475615, 11.768798422289157]}