{"rotation": [0.5630987518304023, -0.004977575378221426, -0.004860151805807907, -0.8263603320312646], "translation": [3150.5767002036478, 1711.7437660126307, 11.949177641829442]}