{"rotation": [0.36563650458657615, -0.0061074357317513405, 0.007803582331541992, -0.9307049746537772], "translation": [3165.441941508401, 1727.1094717714493, 11.76140469851642]}