{"rotation": [0.3656827636314248, -0.006099042951487116, 0.007740039167554857, -0.9306873856734301], "translation": [3165.441883480074, 1727.1093118889203, 11.760177315531552]}