{"rotation": [0.3654308344485813, -0.0055829580041375625, 0.00868573860605241, -0.9307812276571789], "translation": [3165.3884478936693, 1727.0405109413196, 11.780926935386528]}