{"rotation": [0.3650434714269482, -0.0021474872271788595, 0.004298114084254086, -0.9309780762630723], "translation": [3160.084279793933, 1722.1541747237256, 11.833590078007987]}