{"rotation": [0.36546150202944944, -0.009533390332236609, 0.006953631712594667, -0.930751659686491], "translation": [3165.274023417014, 1726.93355228487, 11.763908008597776]}