{"rotation": [0.3659194059977136, -0.005838728868843178, 0.007390303295419881, -0.9305988829655225], "translation": [3165.434472680727, 1727.1193762835387, 11.757792000163795]}