{"rotation": [0.36566233496508854, -0.006237755419355493, 0.00786600005755823, -0.9306934367654595], "translation": [3165.4425423008133, 1727.109098683663, 11.762712304178176]}