{"rotation": [0.5058726457996312, -0.004846022262233401, -0.004833537395985582, -0.862581021827026], "translation": [3151.168685601457, 1712.9411857418472, 11.930043645820225]}