{"rotation": [0.36548775269356276, -0.0063569365470470575, 0.008126735500939314, -0.9307589635124894], "translation": [3165.4462898973693, 1727.1033138762384, 11.767895567599407]}