{"rotation": [0.365472348196527, -0.009457062155503002, 0.0070217871671886265, -0.9307476678370364], "translation": [3165.2935962236133, 1726.9517126449807, 11.764176435397788]}