{"rotation": [0.3655081822948373, -0.009154832977837713, 0.0064901007497754765, -0.9307404774161967], "translation": [3164.8464382004922, 1726.5371575124425, 11.751844549240293]}