{"rotation": [0.3764384240812995, -0.007933442342981396, -0.0004941679061525841, -0.9264075394586654], "translation": [3154.66358551589, 1717.0710145922794, 11.847476526425849]}