{"rotation": [0.36832092136974476, -0.0030317550556053655, 0.0034000904714971704, -0.9296875532819674], "translation": [3157.588596375263, 1719.8502760276742, 11.82454677501461]}