{"rotation": [0.3657395054067049, -0.005929373569116955, 0.00754421297218397, -0.9306677933422683], "translation": [3165.438301781974, 1727.1143248235624, 11.757536888525646]}