{"rotation": [0.36551160392657295, -0.009260053592033416, 0.006510566569484398, -0.9307379498685122], "translation": [3164.815216541612, 1726.5079506920893, 11.755837036389668]}