{"rotation": [0.5178945147375087, -0.0045918170403709, -0.004892022724236629, -0.8554181754760264], "translation": [3151.0221138417924, 1712.6821870473836, 11.938571050958991]}