{"rotation": [0.3658728229252806, -0.002332892502613141, 0.0036258334890551056, -0.9306548707167267], "translation": [3159.1607684751434, 1721.306392567543, 11.838152151507296]}