{"rotation": [0.36761966530850604, -0.008107300338178348, 0.0013399889071799994, -0.9299399216021523], "translation": [3157.8396560749843, 1720.087060053514, 11.803818700663857]}