{"rotation": [0.3657248616489659, -0.005917320702472177, 0.007573549111417632, -0.9306733864473647], "translation": [3165.43705269733, 1727.1157675441314, 11.757652097519419]}