{"rotation": [0.3682704502319311, -0.005609670868228073, 0.002205244384236734, -0.9296991685356757], "translation": [3157.5901324286233, 1719.8504377078245, 11.81457063798639]}