{"rotation": [0.3666877762635921, -0.0023907425275818805, 0.003429295078624757, -0.9303346704408539], "translation": [3158.4259569174883, 1720.6295265926385, 11.83451910465046]}