{"rotation": [0.365916891335965, -0.0056911708188131715, 0.007346657342571726, -0.9306011314390422], "translation": [3165.4551207882546, 1727.1081850124363, 11.769931866977686]}