{"rotation": [0.368296850851435, -0.003005927699737972, 0.0033898140930785532, -0.9296972105002759], "translation": [3157.582038359005, 1719.8442595529139, 11.819671861990617]}