{"rotation": [0.5118478798745674, -0.0047720174450730565, -0.004749952887665352, -0.8590497154792495], "translation": [3151.094712082028, 1712.8131054982962, 11.934796258532085]}