{"rotation": [0.365870005925093, -0.008625773232287394, 0.006137535283932386, -0.9306057518955898], "translation": [3164.061363418197, 1725.812064872572, 11.76512209388292]}