{"rotation": [0.6161576573818232, -0.007539387387168777, -0.004965021656206677, -0.7875711062802669], "translation": [3150.194972791582, 1710.6023253992148, 11.949416981218969]}