{"rotation": [0.36583513635341486, -0.005874349032284761, 0.007440229149357162, -0.9306313921327446], "translation": [3165.4352995300405, 1727.117975378126, 11.757226544849727]}