{"rotation": [0.5962879239957775, -0.007228380352093725, -0.004475729761088408, -0.802725625638921], "translation": [3150.3194476042536, 1711.0337511881446, 11.946079959094087]}