{"rotation": [0.36564032511979866, -0.009251122201837237, 0.006434530925239649, -0.9306880069046054], "translation": [3164.4744783121246, 1726.1929063669463, 11.756903542498746]}