{"rotation": [0.3653733257404158, -0.007211392879669099, 0.004684858202031101, -0.9308213473882891], "translation": [3162.56217977955, 1724.4298493696124, 11.788467848498838]}