{"rotation": [0.3662182717876392, -0.002738072545325802, 0.003653904463215857, -0.9305177748704133], "translation": [3158.772487604687, 1720.94856756606, 11.837034887500748]}