{"rotation": [0.5241121715293757, -0.00428796132041684, -0.00528296539763127, -0.8516220613153961], "translation": [3150.9533403955907, 1712.5507860360028, 11.939666902522015]}