{"rotation": [0.3673486565158443, -0.0042805611703017, 0.0029786020528827692, -0.930068690625527], "translation": [3158.1125262832375, 1720.3404185996578, 11.827201503748698]}