{"rotation": [0.36567613985132114, -0.006055147508217199, 0.007662803298011017, -0.9306909139868653], "translation": [3165.4415866595405, 1727.1096797533141, 11.759149622679926]}