{"rotation": [0.3654462108391302, -0.009458159483988435, 0.006989269221832327, -0.930758164250114], "translation": [3165.23307642108, 1726.8954402860625, 11.758440824687026]}