{"rotation": [0.3654783547618544, -0.009178430586193357, 0.007200378588197866, -0.9307467341660293], "translation": [3165.3257872154877, 1726.9815360750665, 11.76506110501133]}