{"rotation": [0.3728634745722583, -0.010196232246568487, 0.00039334697280115645, -0.927830109155785], "translation": [3155.35371177395, 1717.7298105507025, 11.825901247572716]}