{"rotation": [0.3660834312034817, -0.0055430191780226085, 0.0071654795843759805, -0.9305379370229909], "translation": [3165.4451077198105, 1727.11329425895, 11.766286870007331]}