{"rotation": [0.3756414309509947, -0.008066608371236897, -0.00021749587553041624, -0.926729948732649], "translation": [3154.7645294480117, 1717.1678047159414, 11.845113407803705]}