{"rotation": [0.36550784478156045, -0.009331404562348416, 0.006433525269407566, -0.93073924922324], "translation": [3164.9227115933445, 1726.607767782524, 11.756354723822534]}