{"rotation": [0.36543310537997276, -0.005133004952707771, 0.008912925389283864, -0.9307807784400741], "translation": [3165.391449953885, 1727.0432730699258, 11.784145090713084]}