{"rotation": [0.366125949971829, -0.005529401945649567, 0.007152085417423545, -0.9305213926318573], "translation": [3165.441888024367, 1727.1167203684474, 11.765332911793147]}