{"rotation": [0.38750514473915904, -0.007553643750773756, -0.0011470349734877209, -0.9218358799577827], "translation": [3153.847635767786, 1716.27123770312, 11.86743480589651]}