{"rotation": [0.3662533618246864, -0.0028592460960579036, 0.0036824755772407497, -0.9305034868486526], "translation": [3158.7399931104596, 1720.919396972566, 11.841067504595895]}