{"rotation": [0.37843215667253954, -0.007772546019333824, -0.0007933580267491796, -0.9255960570938002], "translation": [3154.459839638499, 1716.874729109897, 11.851596990781092]}