{"rotation": [0.36586372821311375, -0.005750529961592504, 0.007399684158235219, -0.9306212486600121], "translation": [3165.456452731446, 1727.1071100345039, 11.769766220724513]}