{"rotation": [0.3683077545133941, -0.0029866531913900754, 0.0034153933062753094, -0.9296928594738045], "translation": [3157.5874001001407, 1719.8482040521606, 11.824575467861695]}