{"rotation": [0.36546811791783473, -0.008579377743991925, 0.007379693016600889, -0.9307550640174365], "translation": [3165.367812355925, 1727.020665516411, 11.773086684339756]}