{"rotation": [0.536702164849571, -0.004191144281244133, -0.005492796051577453, -0.8437434738988703], "translation": [3150.8181232118336, 1712.2850696156295, 11.945684860776211]}