{"rotation": [0.366053957433999, -0.005670131410498051, 0.007284629204220255, -0.9305478408088715], "translation": [3165.4370918092395, 1727.1182551338177, 11.760073400184874]}