{"rotation": [0.3654839041931801, -0.0063684837700624265, 0.0081371702265029, -0.9307603046170834], "translation": [3165.446674004142, 1727.1027882057501, 11.768153051562694]}