{"rotation": [0.3764384989340482, -0.007933430477975392, -0.0004941930275184236, -0.9264075091310429], "translation": [3154.6635770995217, 1717.0710064966809, 11.847476675862067]}