{"rotation": [0.42526086433671206, -0.0058529021443670115, -0.004799579667093654, -0.9050391730942371], "translation": [3152.5476758768104, 1714.8730252763041, 11.901170347753995]}