{"rotation": [0.36564032514001393, -0.009251122646987821, 0.0064345309744964895, -0.930688006891898], "translation": [3164.4744784624677, 1726.1929065069364, 11.756903541623338]}