{"rotation": [0.36585271023622185, -0.008715825638704735, 0.006214632913313032, -0.9306112008427577], "translation": [3164.003526066389, 1725.7581647752606, 11.765285465882402]}