{"rotation": [0.3656764619734996, -0.0021313260297483095, 0.0038720479418878607, -0.9307315347900459], "translation": [3159.4742430341003, 1721.595914359137, 11.840024894123127]}