{"rotation": [0.3657816957350724, -0.008466008195813654, 0.006161868823225002, -0.9306417727262241], "translation": [3164.2216693523874, 1725.959649963948, 11.759870206300715]}