{"rotation": [0.36872176155837627, -0.010581660474958881, -8.678191836078626e-05, -0.9294795766899773], "translation": [3157.42344098187, 1719.6959743679422, 11.791947123686858]}