{"rotation": [0.524112507558594, -0.004287947006796269, -0.00528299248027972, -0.851621854417536], "translation": [3150.953336684017, 1712.5507789990756, 11.939667095280198]}