{"rotation": [0.3653323893217431, -0.0019724139790609847, 0.004079215921290366, -0.9308661100786885], "translation": [3159.7630230184627, 1721.8599795864748, 11.835481581460778]}