{"rotation": [0.3657547138280251, -0.005927904911820567, 0.0075246505074396414, -0.9306619842298689], "translation": [3165.4360742470153, 1727.1169128957756, 11.757258245292961]}