{"rotation": [0.3656725487941628, -0.006105793097561874, 0.007758108119154055, -0.9306912044859144], "translation": [3165.441393680453, 1727.1099084587518, 11.760337993605892]}