{"rotation": [0.3660661094868648, -0.005674492726450933, 0.007296233988850948, -0.930542942903243], "translation": [3165.4363216318334, 1727.1190753104797, 11.760022596344392]}