{"rotation": [0.3653348744146537, -0.0019778101269988867, 0.00407845225267286, -0.9308651266594712], "translation": [3159.7635330729986, 1721.8604760754188, 11.835528207400364]}