{"rotation": [0.3654591879039903, -0.006908406377325323, 0.008018668182726094, -0.9307671872484854], "translation": [3165.4446081941433, 1727.0967868383495, 11.768316937636738]}