{"rotation": [0.3692302592951468, -0.011101396103808071, -0.0005314658750421059, -0.9292714846423561], "translation": [3157.2327781322615, 1719.5178785564017, 11.790207459031313]}