{"rotation": [0.3656420499268757, -0.006105366159429047, 0.007767186838557825, -0.9307031141228369], "translation": [3165.4416616298236, 1727.109708978349, 11.760884003282031]}