{"rotation": [0.3656365042917856, -0.006107436364555726, 0.007803582530135784, -0.9307049747637708], "translation": [3165.4419414932854, 1727.109471789844, 11.761404704792183]}