{"rotation": [0.36524802768990755, -0.006026708398362277, 0.0042704389231228105, -0.9308809378249817], "translation": [3161.921309426316, 1723.840035231033, 11.802946215518018]}