{"rotation": [0.3656623352681715, -0.006237755610430599, 0.00786600021109294, -0.9306934366438021], "translation": [3165.442542291928, 1727.1090986957372, 11.762712309865446]}