{"rotation": [0.3656845171740899, -0.00608211976089427, 0.00771672830262074, -0.9306870009958613], "translation": [3165.441586346779, 1727.1093602690783, 11.759660156737315]}