{"rotation": [0.3659344695345628, -0.005814331713096425, 0.007347612127016252, -0.9305934505191938], "translation": [3165.43661976675, 1727.1171657181155, 11.75809041860132]}