{"rotation": [0.36478206478874226, -0.002768755142142619, 0.0040003040346975, -0.9310802203736555], "translation": [3161.1867534197677, 1723.1660457344078, 11.817645381354394]}