{"rotation": [0.36608343168103136, -0.005543020446916207, 0.007165480583652471, -0.9305379368198645], "translation": [3165.445107646996, 1727.1132943279877, 11.766286865538751]}