{"rotation": [0.3655674126284834, -0.006292608778287251, 0.007959669091451915, -0.9307295598436929], "translation": [3165.444241457874, 1727.1061864176208, 11.764994519287665]}