{"rotation": [0.36610986243466254, -0.005536748161568346, 0.007146934083333074, -0.9305277182228783], "translation": [3165.4425387892074, 1727.1159688181906, 11.765316047785847]}