{"rotation": [0.36668777605160463, -0.00239074291947218, 0.003429295144313324, -0.9303346705231589], "translation": [3158.425956256909, 1720.6295260013603, 11.834519106607686]}