{"rotation": [0.36637689971908655, -0.002739681083375984, 0.003757913949776371, -0.9304549100211885], "translation": [3158.662400889776, 1720.848527818541, 11.837039359398108]}