{"rotation": [0.36771276612346415, -0.007895770401186122, 0.0014551755417887868, -0.9299047590499496], "translation": [3157.8150972211947, 1720.0620471931682, 11.804946470443022]}