{"rotation": [0.3708397114607924, -0.011529110513590662, -0.00026128731118524464, -0.9286252848934184], "translation": [3156.530032093122, 1718.85135475324, 11.794786262088692]}