{"rotation": [0.3656812261905422, -0.005836034152283704, 0.007463840520905326, -0.9306919321675854], "translation": [3165.4598449137297, 1727.1042054050395, 11.76879839122261]}