{"rotation": [0.3655585705385272, -0.002111113755451454, 0.0038678077237020722, -0.930777908401329], "translation": [3159.5911703616125, 1721.703009358883, 11.841941967483958]}