{"rotation": [0.3654690924566238, -0.006734412082812881, 0.008100220909510973, -0.9307638672477826], "translation": [3165.379467760877, 1727.0340551438162, 11.760965024557573]}