{"rotation": [0.36548346691844424, -0.006354446553223814, 0.008124397101005577, -0.9307606838441458], "translation": [3165.4463196262527, 1727.103263860343, 11.76773122777477]}