{"rotation": [0.499945507934119, -0.004977965506519225, -0.004887296795101521, -0.8660287658536223], "translation": [3151.243576806185, 1713.0704710402288, 11.929073521436235]}