{"rotation": [0.3675625693574814, -0.007415985553115687, 0.0015673539182007598, -0.9299679049124748], "translation": [3157.914187039449, 1720.157477598896, 11.806670810923686]}