{"rotation": [0.3965688451118277, -0.006905266837938634, -0.00199400653503403, -0.9179768473738901], "translation": [3153.4384088779825, 1715.8536521280496, 11.876990823619407]}