{"rotation": [0.36966680081998243, -0.01119158373389153, -0.000462640762794485, -0.929096868355809], "translation": [3157.0610278528, 1719.3557111105301, 11.791617904738183]}