{"rotation": [0.36549812469648546, -0.008048031674929446, 0.0075290859380883115, -0.9307468307195296], "translation": [3165.3956247453193, 1727.0499444444479, 11.756111617654488]}