{"rotation": [0.36706887576521363, -0.0037199143879724974, 0.0032709324984973418, -0.9301805758464314], "translation": [3158.2699431842507, 1720.4852834929595, 11.832101531244556]}