{"rotation": [0.36580744780511887, -0.00838601432688288, 0.005902498304814041, -0.93063405611861], "translation": [3163.64074007993, 1725.4233626143885, 11.7735482656618]}