{"rotation": [0.36725379594658397, -0.0037810862792127414, 0.003241866147340102, -0.9301074362960747], "translation": [3158.148189689905, 1720.3745752127634, 11.832250367100595]}