{"rotation": [0.36528428340000174, -0.00633060845962959, 0.004235381204724206, -0.9308648544464061], "translation": [3162.0061051348966, 1723.9178506850535, 11.803629475430997]}