{"rotation": [0.4178607460607966, -0.005767627095014512, -0.004838443147862113, -0.9084798956757999], "translation": [3152.740471192629, 1715.095939940062, 11.892878375393447]}