{"rotation": [0.36566666061644576, -0.006104980013376425, 0.0077612947738231065, -0.930693496719563], "translation": [3165.441055163575, 1727.1103345018355, 11.760501115984889]}