{"rotation": [0.3654723717813842, -0.009389029327524319, 0.006843187600016221, -0.9307496776127551], "translation": [3165.1092526725597, 1726.7801531348791, 11.756802486711777]}