{"rotation": [0.3655108014543843, -0.006346858002772367, 0.008080218984013957, -0.9307503862340519], "translation": [3165.4451870175753, 1727.1046143791718, 11.766972195017646]}