{"rotation": [0.3655339961921412, -0.0063344617034435165, 0.008043609527367428, -0.9307416787532955], "translation": [3165.444315439879, 1727.1060580837113, 11.766039643630789]}