{"rotation": [0.3660874829939751, -0.005534187405459981, 0.007149049753457216, -0.9305365219337282], "translation": [3165.443627238602, 1727.1140117633988, 11.765324389770605]}