{"rotation": [0.365919361736197, -0.002469088479536121, 0.0035628510845869686, -0.9306364652219488], "translation": [3159.1173531378, 1721.2670118851745, 11.842207862513154]}