{"rotation": [0.36567646061605036, -0.002131323099905946, 0.0038720544478643088, -0.9307315353030189], "translation": [3159.4742483875107, 1721.5959192554217, 11.840024811362412]}