{"rotation": [0.3654564611721464, -0.00832412899066528, 0.007458751033004948, -0.9307613286429051], "translation": [3165.373470486703, 1727.026034158005, 11.773727198134983]}