{"rotation": [0.46164251455506744, -0.006769034738798258, -0.00415301089793291, -0.8870305076063963], "translation": [3151.8160260175746, 1713.9382347451942, 11.914458212171331]}