{"rotation": [0.3683072689337388, -0.0054073834254287365, 0.0022131955735414117, -0.9296857628362469], "translation": [3157.5751699633192, 1719.8362744172698, 11.807551659141263]}