{"rotation": [0.37095689449539276, -0.0117579409644144, -0.00030116396140926385, -0.928575598726824], "translation": [3156.4626747709535, 1718.7857794033641, 11.798618481699188]}