{"rotation": [0.3654372075439665, -0.007131707863588542, 0.007873121119883244, -0.9307753757213649], "translation": [3165.3870950029714, 1727.0388020604926, 11.77613297903839]}