{"rotation": [0.3659480859616336, -0.005671092486200188, 0.007318036357717202, -0.9305892130445619], "translation": [3165.4545360316906, 1727.1086866419482, 11.769938546102646]}