{"rotation": [0.36546708609496026, -0.006368653407027646, 0.008135186224329849, -0.9307669246272858], "translation": [3165.4467541247154, 1727.1028203250637, 11.768414494845125]}