{"rotation": [0.3656666876956171, -0.0062306007171365795, 0.007849801728375178, -0.9306919112881796], "translation": [3165.4428465278047, 1727.1086583219133, 11.762496978410413]}