{"rotation": [0.36516430566712904, -0.005399417956938938, 0.004248316101588591, -0.930917734261557], "translation": [3161.7519676292254, 1723.6841736968702, 11.80382565884639]}