{"rotation": [0.36548346743598603, -0.006354447640092385, 0.008124397289168079, -0.930760683631859], "translation": [3165.4463196199035, 1727.1032638631223, 11.767731234877894]}