{"rotation": [0.5432001671081983, -0.004397502532795672, -0.005125961085845438, -0.8395760626340213], "translation": [3150.754483399776, 1712.149270251485, 11.94531821763485]}