{"rotation": [0.36672511389055235, -0.0027029432174012075, 0.0033829019698689705, -0.9303192682698704], "translation": [3158.3820955289534, 1720.5904436112298, 11.837551997445935]}