{"rotation": [0.36560843165232815, -0.009289952862306163, 0.006590905340045659, -0.9306990552522011], "translation": [3164.654270232573, 1726.3594896902, 11.755803622438295]}