{"rotation": [0.36547276117592903, -0.00860813284312137, 0.007388217745048997, -0.9307529076645151], "translation": [3165.351674385, 1727.005782700897, 11.766057745039085]}