{"rotation": [0.37041118890889685, -0.011253228764322434, -0.00022133626390116252, -0.9287996915286599], "translation": [3156.7402298406546, 1719.0509123802524, 11.79539291030565]}