{"rotation": [0.3654783548187913, -0.009178431141194127, 0.007200377974783847, -0.9307467341429441], "translation": [3165.3257871277474, 1726.981535994431, 11.76506110226373]}