{"rotation": [0.365750013203407, -0.0022453974307843723, 0.0037217868501873493, -0.9307029785784117], "translation": [3159.3135658540104, 1721.4472495122025, 11.839948946660165]}