{"rotation": [0.3686810194727505, -0.010288226252856745, 0.00010729092153603806, -0.9294990299993656], "translation": [3157.446732591659, 1719.717135721341, 11.79270034420278]}