{"rotation": [0.36598483013379063, -0.005681529847340203, 0.00725665928029682, -0.9305751797821732], "translation": [3165.451904191277, 1727.1086401966008, 11.768180483560178]}