{"rotation": [0.3675790685461858, -0.007770178609687879, 0.0014240093524693369, -0.9299587221422552], "translation": [3157.8932255286572, 1720.1354478908079, 11.807239065501745]}