{"rotation": [0.36884578134346285, -0.010927122015581289, -0.0003308609937745645, -0.9294263166709826], "translation": [3157.369511225525, 1719.6449097042862, 11.791445969807329]}