{"rotation": [0.365467639194536, -0.008106755441818566, 0.0075037831576657615, -0.9307584963115307], "translation": [3165.4297361970685, 1727.0817083958411, 11.7668567359862]}