{"rotation": [0.36544341902223787, -0.008060773273675752, 0.007543777951998686, -0.9307680821997381], "translation": [3165.378019278427, 1727.030229967643, 11.774662349902442]}