{"rotation": [0.3672100852092272, -0.003561482233575388, 0.0033562033426698715, -0.9301251555914691], "translation": [3158.1638218343874, 1720.3881347049337, 11.832455667773628]}