{"rotation": [0.3681525093139638, -0.001888596890440931, 0.004005325689146008, -0.9297548711642984], "translation": [3157.637713044418, 1719.8968327524192, 11.828878382590483]}