{"rotation": [0.36549711001144225, -0.006355480244105978, 0.008105421435389854, -0.9307554848549136], "translation": [3165.4458569087733, 1727.103899656883, 11.767246886118812]}