{"rotation": [0.3710604703217202, -0.011953270976482112, -0.00037394597913816355, -0.9285316940427997], "translation": [3156.3902677283495, 1718.7174625700336, 11.799194813475093]}