{"rotation": [0.3656751997125636, -0.006046178299179674, 0.007670184702239294, -0.9306912808820038], "translation": [3165.439170286859, 1727.1125831378818, 11.758706825408023]}