{"rotation": [0.4378313862233776, -0.006395304097002462, -0.004032673594795597, -0.899025313807626], "translation": [3152.264500462338, 1714.5294500839618, 11.908092061900128]}