{"rotation": [0.365435708846655, -0.004993919349071114, 0.008926798502779148, -0.9307803799703604], "translation": [3165.391082299042, 1727.0431282826717, 11.782760236636399]}