{"rotation": [0.3654388837803963, -0.005585094954600586, 0.008658534659192535, -0.9307783080375486], "translation": [3165.3941057131683, 1727.0464018813457, 11.78214796796711]}