{"rotation": [0.5118484320742676, -0.004772002930287879, -0.004749960977240945, -0.8590493864975762], "translation": [3151.0947053758237, 1712.8130937061783, 11.934796655165691]}