{"rotation": [0.3655062966499834, -0.006337836022109141, 0.008067956194605843, -0.9307523231379082], "translation": [3165.444692271859, 1727.1052492422737, 11.76654866317156]}