{"rotation": [0.37117884747888813, -0.012062952318779822, -0.00044663205649963296, -0.928482928698964], "translation": [3156.3123926015355, 1718.6438598363773, 11.797729220475022]}