{"rotation": [0.367127399033234, -0.003426494753549528, 0.003432280068906048, -0.9301580249970028], "translation": [3158.206229174252, 1720.4267474203998, 11.827680658345407]}