{"rotation": [0.36608448051854603, -0.005544043778029191, 0.007179735395726193, -0.9305374082226362], "translation": [3165.439768018119, 1727.116837325479, 11.762475307286918]}