{"rotation": [0.3655791750492664, -0.0063042226234867995, 0.007948953708269037, -0.9307249527558371], "translation": [3165.4430857931325, 1727.107585563065, 11.76418530610191]}