{"rotation": [0.3666811174963649, -0.0025429539480092793, 0.0034794388364918537, -0.9303367051569118], "translation": [3158.4812632846147, 1720.68123922072, 11.838075110907058]}