{"rotation": [0.3673732282766901, -0.005163595987985665, 0.0025801869503183196, -0.9300556924492949], "translation": [3158.0565156790517, 1720.2883091704957, 11.818786593070865]}