{"rotation": [0.36561266043356994, -0.009313137689717164, 0.0065517864273955985, -0.9306974385328829], "translation": [3164.6108992505274, 1726.3190624219749, 11.755737185420262]}