{"rotation": [0.36660284335425525, -0.0026865750910649755, 0.003596445583715365, -0.9303667035841399], "translation": [3158.538561934909, 1720.7347543944204, 11.83953237425681]}