{"rotation": [0.3679577283883907, -0.002929223376747794, 0.003396578692565606, -0.9298317014507785], "translation": [3157.714632887825, 1719.969728330683, 11.82167354487781]}