{"rotation": [0.36536704439214945, -0.007176944718306317, 0.004639818805661764, -0.9308243048062863], "translation": [3162.508230200503, 1724.3800097443655, 11.7910406844791]}