{"rotation": [0.3656126599712211, -0.00931313844022773, 0.006551786593071565, -0.9306974387058342], "translation": [3164.6108957071, 1726.3190591316788, 11.755737193009637]}