{"rotation": [0.36552759006336977, -0.009350918728337047, 0.006597679519716024, -0.9307301498535203], "translation": [3165.016212378118, 1726.6942152276424, 11.75537809327209]}