{"rotation": [0.3655158889648302, -0.00935751963801631, 0.006440652987332734, -0.9307357786877921], "translation": [3164.955870938621, 1726.6385687743134, 11.75639853920891]}