{"rotation": [0.36810840243215814, -0.0013285389942763591, 0.00409949007910618, -0.9297728933584137], "translation": [3157.663848398339, 1719.9220121980202, 11.82406213123809]}