{"rotation": [0.365519190293473, -0.0063177129576457705, 0.00805053031497222, -0.9307475474003875], "translation": [3165.4450591682526, 1727.105065393596, 11.766142606388044]}