{"rotation": [0.3654777781366379, -0.009385828165165694, 0.006824898746083902, -0.9307477212838429], "translation": [3165.1006315887394, 1726.7721209557178, 11.756666354839734]}