{"rotation": [0.3653017119916891, -0.006649445847505697, 0.004444337113347607, -0.9308548178709101], "translation": [3162.1628800439426, 1724.0622362908805, 11.795429710662399]}