{"rotation": [0.5497689485064078, -0.004607569494993818, -0.004955363628987022, -0.8352893617979413], "translation": [3150.6926965195503, 1712.0158600922987, 11.948222280058308]}