{"rotation": [0.3648268189940847, -0.0025826553892983363, 0.004232691954730147, -0.9310621925266936], "translation": [3160.4965793517144, 1722.5328001683577, 11.8237907881674]}