{"rotation": [0.3654785692368515, -0.002019435249607151, 0.003959345540651844, -0.9308091431076224], "translation": [3159.6441901171775, 1721.7512738807702, 11.83707645079625]}