{"rotation": [0.3654971101229791, -0.006355480134657594, 0.00810542140808995, -0.9307554848120994], "translation": [3165.4458569092412, 1727.1038996567347, 11.767246884778347]}