{"rotation": [0.36543892373188724, -0.006939815923486887, 0.00796931140845663, -0.9307753338224553], "translation": [3165.3894668394482, 1727.041080885558, 11.777669305226047]}