{"rotation": [0.3660997800335351, -0.005532212722609987, 0.00715710756554165, -0.9305316337949421], "translation": [3165.4440554869434, 1727.1142968709698, 11.766070260490947]}