{"rotation": [0.3696666885568814, -0.011191584341601083, -0.0004626624197445033, -0.929096913004666], "translation": [3157.061072159267, 1719.355752392012, 11.791618000844876]}