{"rotation": [0.36586372437758974, -0.005750528386660791, 0.007399682485095539, -0.9306212501909427], "translation": [3165.4564528384867, 1727.1071099485755, 11.769766201934681]}