{"rotation": [0.36551080086276044, -0.006346857582139257, 0.008080219869909202, -0.9307503864615634], "translation": [3165.445187030083, 1727.1046143668707, 11.766972200925498]}