{"rotation": [0.43729631768396277, -0.006367600083216193, -0.004087972117962181, -0.8992856457729045], "translation": [3152.276498526423, 1714.544400965864, 11.908143635501673]}