{"rotation": [0.3667776725476067, -0.002884643534652196, 0.0033646201371570227, -0.9302980689454167], "translation": [3158.3581791117485, 1720.5661100645439, 11.834987840982887]}