{"rotation": [0.36598483247302666, -0.0056815274342129005, 0.007256656289222842, -0.9305751789002353], "translation": [3165.4519040899113, 1727.1086403048962, 11.768180493571892]}