{"rotation": [0.3671396648566163, -0.0034852979390338104, 0.0033751259290098834, -0.9301531743278689], "translation": [3158.197718559781, 1720.4197466325459, 11.833994132280463]}