{"rotation": [0.3655339968524644, -0.006334461788330258, 0.008043609168381488, -0.9307416784964887], "translation": [3165.444315433905, 1727.1060580914798, 11.766039640748094]}