{"rotation": [0.36611029970689424, -0.005545137600031083, 0.007183240842330308, -0.9305272166618911], "translation": [3165.4385588552555, 1727.1181030300463, 11.762207239105413]}