{"rotation": [0.43784154791910507, -0.006396163513204614, -0.004031891503535739, -0.8990203623161259], "translation": [3152.2642893527186, 1714.5291903691698, 11.908098020840049]}