{"rotation": [0.3658351361654031, -0.005874349934846623, 0.007440229459856464, -0.9306313921984734], "translation": [3165.4352995691083, 1727.1179753365777, 11.757226546439389]}