{"rotation": [0.3654790759859764, -0.008130476443154348, 0.00748495209494632, -0.9307539502260416], "translation": [3165.402741259802, 1727.0565862906458, 11.75631460573677]}