{"rotation": [0.41786077810314887, -0.005767627318725204, -0.0048384426686408685, -0.9084798809388602], "translation": [3152.7404703181583, 1715.0959389491916, 11.89287840777876]}