{"rotation": [0.3660952118679794, -0.0027081940936304226, 0.0036341640424239125, -0.9305663621600575], "translation": [3158.8907897871222, 1721.057791368923, 11.836773687838683]}