{"rotation": [0.3724356589777404, -0.01117989815885859, 9.463334671618017e-05, -0.9279906685110059], "translation": [3155.542138772228, 1717.9100294126754, 11.81814366380464]}