{"rotation": [0.36548151543155283, -0.006348179744435051, 0.00812009898799651, -0.9307615304062652], "translation": [3165.44641360536, 1727.1032184341009, 11.767499363669405]}