{"rotation": [0.36581779127582326, -0.008514262548807062, 0.006099381799308396, -0.9306275562549148], "translation": [3164.172647935999, 1725.9141797223072, 11.763778616362067]}