{"rotation": [0.3654463584120458, -0.009458214129141957, 0.006989147804579233, -0.9307581066645767], "translation": [3165.2331497137707, 1726.8955083208607, 11.758441135863935]}