{"rotation": [0.3656927087184188, -0.008051954250257296, 0.005377986645459777, -0.9306852776758525], "translation": [3163.305536134607, 1725.1148504803841, 11.778376987762902]}