{"rotation": [0.3651060539394915, -0.005105947062877359, 0.004152904815692032, -0.9309426685155837], "translation": [3161.6733564220604, 1723.611985479385, 11.807491614108844]}