{"rotation": [0.3690405142948726, -0.011049049104427243, -0.00047960505403677476, -0.9293475062116733], "translation": [3157.304977319818, 1719.5858940919843, 11.789820331511958]}