{"rotation": [0.3654688333719808, -0.007533889792611705, 0.0047879603777487125, -0.9307807732080295], "translation": [3162.8686681410436, 1724.7119148269437, 11.78280346818868]}