{"rotation": [0.37072474941198713, -0.011398915396778437, -0.0002505871807714743, -0.9286727960413513], "translation": [3156.6009982990645, 1718.9180452693215, 11.796427651984672]}