{"rotation": [0.3655062958761867, -0.006337835448439159, 0.008067955124808433, -0.9307523234549576], "translation": [3165.4446922646284, 1727.1052492534752, 11.766548659688729]}