{"rotation": [0.36504523196359095, -0.004713766270266196, 0.0041070104224742755, -0.930968791900989], "translation": [3161.5914402901976, 1723.5366549226592, 11.809745888885399]}