{"rotation": [0.3654203074451745, -0.0073275515701443595, 0.004766072983818984, -0.9308015848949625], "translation": [3162.7137477174524, 1724.5689194311271, 11.783749493897108]}