{"rotation": [0.36572364016296594, -0.005919238223200105, 0.007547047450941996, -0.93067406954292], "translation": [3165.437397490116, 1727.115374261218, 11.757542480927954]}