{"rotation": [0.368108402235982, -0.0013285409598304343, 0.004099490140059856, -0.9297728934330051], "translation": [3157.6638488517574, 1719.9220126032847, 11.824062150454933]}