{"rotation": [0.3658027717723394, -0.00589129096593611, 0.0074762499065779125, -0.9306437183701198], "translation": [3165.4367746487374, 1727.115827007529, 11.75707019016003]}