{"rotation": [0.3680785177386248, -0.0015934553237404855, 0.003985716569126493, -0.92978480292103], "translation": [3157.6788494223883, 1719.9353857328658, 11.824027137318698]}