{"rotation": [0.37643849216893105, -0.007933431550322875, -0.000494190757074282, -0.9264075118720236], "translation": [3154.6635778601853, 1717.0710072283534, 11.847476662356176]}