{"rotation": [0.36596952203745214, -0.0024393742907179057, 0.0035991454057438883, -0.930616679704967], "translation": [3159.065869425078, 1721.2189311686798, 11.83699044944907]}