{"rotation": [0.36670188950636345, -0.0024546240029685363, 0.0034237867576953707, -0.9303289615709621], "translation": [3158.4010870895345, 1720.6072553992465, 11.834416014066269]}