{"rotation": [0.366047789790749, -0.005579300798411865, 0.007209686401188571, -0.9305513996625361], "translation": [3165.4481090902573, 1727.1116586217793, 11.767761475664106]}