{"rotation": [0.3690403656290311, -0.01104897287359937, -0.0004794951781671513, -0.9293475662093292], "translation": [3157.305019243232, 1719.5859324250634, 11.789820646617065]}