{"rotation": [0.3654341758251361, -0.009440292041445779, 0.00695192466592916, -0.930763350572322], "translation": [3165.1944851570506, 1726.8595500207964, 11.758251549189268]}