{"rotation": [0.36832961075929355, -0.005620401936484035, 0.0021190129699493214, -0.9296758675495523], "translation": [3157.5714740142225, 1719.8336108959363, 11.805892646953966]}