{"rotation": [0.3654971087938318, -0.006355481438917491, 0.008105421733413803, -0.9307554853223016], "translation": [3165.445856903662, 1727.103899658497, 11.767246900752308]}