{"rotation": [0.36831989809620574, -0.003141413463684736, 0.0033461951743294907, -0.9296877901563009], "translation": [3157.5869198947084, 1719.8502968266937, 11.819123587262167]}