{"rotation": [0.36553405472385453, -0.006322795137620413, 0.008034418209311982, -0.9307418144806989], "translation": [3165.444473103721, 1727.105921197374, 11.765818698794103]}