{"rotation": [0.3664376925311247, -0.0028364026426247104, 0.0036925626063283755, -0.930430941711373], "translation": [3158.6346983560366, 1720.8237617750804, 11.841905567905924]}