{"rotation": [0.36568949619520674, -0.0021472174938464146, 0.003873801325780152, -0.9307263698277912], "translation": [3159.4172987143215, 1721.543933175299, 11.839559002832427]}