{"rotation": [0.3648777430379589, -0.003484631169749955, 0.003980364414492179, -0.9310404108739126], "translation": [3161.348222853035, 1723.3139521884975, 11.815728138637501]}