{"rotation": [0.36700527796313404, -0.0035898356538166397, 0.0032629978515188243, -0.9302062093279115], "translation": [3158.290906850099, 1720.5038136859132, 11.83220605447975]}