{"rotation": [0.36544946934281936, -0.006399261758963875, 0.008183194080579739, -0.9307732109061969], "translation": [3165.4478791136453, 1727.1013482752587, 11.76909700126597]}