{"rotation": [0.3652687378223426, -0.002031732397501463, 0.004134304865149859, -0.9308907179451409], "translation": [3159.827361193122, 1721.9186794247564, 11.835939183261898]}