{"rotation": [0.4143969799563814, -0.00581371032124803, -0.00467580574967412, -0.9100656463222433], "translation": [3152.836484266583, 1715.205333261949, 11.890907868802506]}