{"rotation": [0.36606781185216386, -0.005555326535613099, 0.00719326031882617, -0.9305437939607341], "translation": [3165.4470747397154, 1727.112605324657, 11.76751794192732]}