{"rotation": [0.36544635936118286, -0.00945821448060038, 0.00698914702366613, -0.9307581062942067], "translation": [3165.2331501851645, 1726.8955087584368, 11.758441137865255]}