{"rotation": [0.3674300069088798, -0.006136171052753114, 0.00212497567729073, -0.930028505964265], "translation": [3158.0020147194705, 1720.2389069649619, 11.814475604075321]}