{"rotation": [0.3824200713982827, -0.007660978544206095, -0.00106163667867946, -0.923956206390238], "translation": [3154.154008263417, 1716.576234934249, 11.859506666490208]}