{"rotation": [0.36595017351845427, -0.005684469317466245, 0.007270316287638384, -0.9305886845494468], "translation": [3165.4528509196607, 1727.1076646027661, 11.768134493887946]}