{"rotation": [0.3710604727883722, -0.011953274192862247, -0.00037394733448382515, -0.9285316930151233], "translation": [3156.390266112927, 1718.7174610472575, 11.799194794887828]}