{"rotation": [0.3660303232191573, -0.005718664867949284, 0.007319989611516622, -0.9305565630891519], "translation": [3165.436113013338, 1727.1188254495999, 11.75913771568961]}