{"rotation": [0.3683367029959424, -0.006782821951155214, 0.0017245862188700692, -0.9296661187516901], "translation": [3157.5578265350205, 1719.8214174223797, 11.802794046043434]}