{"rotation": [0.5559720326055895, -0.004762435859750959, -0.004897643950045012, -0.8311729249974579], "translation": [3150.6361961273396, 1711.8878405979922, 11.949739896111012]}