{"rotation": [0.36660284194996595, -0.0026865773239555563, 0.0035964493361678664, -0.9303667041165344], "translation": [3158.5385634741347, 1720.7347558263132, 11.83953241037943]}