{"rotation": [0.36838048842895565, -0.007768948179810092, 0.0013484352538963775, -0.9296416733943189], "translation": [3157.540787712452, 1719.80513938613, 11.799211189361998]}