{"rotation": [0.36815961406479597, -0.001937214506209507, 0.003971740086354205, -0.9297521019348673], "translation": [3157.6360371507153, 1719.8953835471034, 11.82867980120115]}