{"rotation": [0.3671696016981779, -0.0034421431973581506, 0.0033935778569871393, -0.930141450999975], "translation": [3158.1797122747025, 1720.401865566255, 11.832325782307313]}