{"rotation": [0.3654681177232739, -0.008579381156051436, 0.007379692144848463, -0.930755064069293], "translation": [3165.3678122080187, 1727.0206653780156, 11.773086628154287]}