{"rotation": [0.36563397662233826, -0.0020895560676742523, 0.0038599358878996853, -0.9307483708230259], "translation": [3159.5316655707556, 1721.6482777280496, 11.839844795631468]}