{"rotation": [0.36753840707437757, -0.007072909687938062, 0.0017009063823161471, -0.9299798923585681], "translation": [3157.9371757803337, 1720.1780585531628, 11.808206980485764]}