{"rotation": [0.3648268156213959, -0.0025826558373247457, 0.004232686991795936, -0.931062193869565], "translation": [3160.4965833386505, 1722.5328037951083, 11.82379069574089]}