{"rotation": [0.5563727813015441, -0.004774164632275112, -0.004893190213468967, -0.8309046830222966], "translation": [3150.6325965498045, 1711.879522586044, 11.949801309405757]}