{"rotation": [0.3653733354762558, -0.007211400134673687, 0.004684856299659562, -0.9308213435200682], "translation": [3162.562187920767, 1724.429856907204, 11.788467715547961]}