{"rotation": [0.36832092173667824, -0.0030317517438947944, 0.003400090186406927, -0.929687553148439], "translation": [3157.5885963016176, 1719.8502759153826, 11.824546778838629]}