{"rotation": [0.36496677932462357, -0.0025294811518947117, 0.004521130015217703, -0.931006128389013], "translation": [3160.283579433765, 1722.3381248786745, 11.82870991688101]}