{"rotation": [0.3659193654535779, -0.002469092085869507, 0.0035628491266677807, -0.9306364637582298], "translation": [3159.1173499561046, 1721.2670090008119, 11.842207937116978]}