{"rotation": [0.36572690361996524, -0.0059197504322552824, 0.0076156589005529724, -0.9306722249336138], "translation": [3165.4380842321316, 1727.1141809904923, 11.758145087715414]}