{"rotation": [0.3656230896529321, -0.00626240640718543, 0.007908973527674248, -0.9307083252643514], "translation": [3165.442434470001, 1727.108673410409, 11.763130348137091]}