{"rotation": [0.36831542756692975, -0.0030959546108769343, 0.0033951603639202914, -0.9296895362255835], "translation": [3157.5914949072585, 1719.8536693436463, 11.819779073511425]}