{"rotation": [0.38951101465149573, -0.007329168490700745, -0.001301856036492307, -0.920991725220839], "translation": [3153.745022988182, 1716.167781015872, 11.870469587116924]}