{"rotation": [0.3683154276453773, -0.0030959537464323983, 0.0033951612752675716, -0.9296895361940554], "translation": [3157.591494968297, 1719.8536693895087, 11.81977908337513]}