{"rotation": [0.37082655806484816, -0.011498782912092203, -0.0002542677202144645, -0.9286309154735507], "translation": [3156.53924172878, 1718.8600215657002, 11.794861872016176]}