{"rotation": [0.3658282326511864, -0.002364719012637649, 0.00360623995524835, -0.9306723952781053], "translation": [3159.214696193525, 1721.355490045753, 11.840448847006588]}