{"rotation": [0.36587714638358065, -0.005867890156312785, 0.007418670622338587, -0.9306150895754478], "translation": [3165.4351105881856, 1727.11826095646, 11.75729107630927]}