{"rotation": [0.36583433968787016, -0.00588278942793429, 0.007459587037566576, -0.9306314970249586], "translation": [3165.434193733315, 1727.1190173577093, 11.75713239746056]}