{"rotation": [0.3659633948296485, -0.005662969502584878, 0.007296273802533641, -0.9305834131391824], "translation": [3165.4542337450803, 1727.1097439121959, 11.76997369092099]}