{"rotation": [0.36556392252270326, -0.009244142978453542, 0.006654852765975367, -0.9307165397182281], "translation": [3164.7351561622227, 1726.434173617875, 11.754551643231247]}