{"rotation": [0.3670943628550588, -0.003631439378213154, 0.0033458343469302786, -0.9301706009117917], "translation": [3158.2446686429735, 1720.4626105281568, 11.828656690620765]}