{"rotation": [0.36613098360076907, -0.005527157709870044, 0.007148485178200482, -0.9305194530663186], "translation": [3165.4418641220414, 1727.1167032654125, 11.764925318747245]}