{"rotation": [0.3677511372923144, -0.007192459444950631, 0.001719476653563791, -0.9298948397251057], "translation": [3157.7918881804194, 1720.0411957126332, 11.80717374665258]}