{"rotation": [0.3660997810491751, -0.00553221729579054, 0.0071571053492897364, -0.9305316333852156], "translation": [3165.4440555393585, 1727.1142968197014, 11.766070389682596]}