{"rotation": [0.3731314645995649, -0.009647570707931763, 0.00039855214828587706, -0.9277282337308724], "translation": [3155.255267620647, 1717.6360350291445, 11.82762003230736]}