{"rotation": [0.365509960690302, -0.006332247804510855, 0.008065097510943479, -0.9307509470723386], "translation": [3165.44537251621, 1727.104439365007, 11.7665118096274]}