{"rotation": [0.36868101850099905, -0.010288214369349251, 0.00010729670196362398, -0.929499030515672], "translation": [3157.4467335005234, 1719.7171365402892, 11.792700378722405]}