{"rotation": [0.39171220341075813, -0.007156582683324795, -0.0015000550334603063, -0.9200587388087145], "translation": [3153.6445080000444, 1716.0652332653945, 11.873094093714876]}