{"rotation": [0.365467087741043, -0.006368651177891288, 0.008135184938232929, -0.9307669240074423], "translation": [3165.4467540950945, 1727.1028203660787, 11.768414488540728]}