{"rotation": [0.4048260590400206, -0.006423330437212203, -0.0036114148029094757, -0.914364019650457], "translation": [3153.1362489000235, 1715.533812964616, 11.883827486441417]}