{"rotation": [0.369040276718993, -0.011048927283535185, -0.0004794294665900369, -0.9293476020910791], "translation": [3157.3050443156562, 1719.5859553502644, 11.789820835072504]}