{"rotation": [0.36571112500889563, -0.0059672279226532605, 0.007638609243634394, -0.9306779340268416], "translation": [3165.439757013597, 1727.112075678479, 11.758298121503909]}