{"rotation": [0.3653585222077246, -0.007147140959178922, 0.004643734946630666, -0.9308278596776327], "translation": [3162.4855840426712, 1724.3590597877899, 11.791445285772786]}