{"rotation": [0.366024993341491, -0.00572128556315132, 0.0073216764491429625, -0.9305586301758962], "translation": [3165.437742443056, 1727.1171671466157, 11.759289054410898]}