{"rotation": [0.3660725759386489, -0.0055536229555915, 0.007166734902059904, -0.9305421346336515], "translation": [3165.4412410919595, 1727.1153165995852, 11.762532419769103]}