{"rotation": [0.36550425990281943, -0.006342355187410288, 0.008075898559679356, -0.9307530233021125], "translation": [3165.4459271790747, 1727.1037410253305, 11.76697352039818]}