{"rotation": [0.36533207303877835, -0.0019721021785350677, 0.004079685329751799, -0.930866232812103], "translation": [3159.763376041089, 1721.860302386287, 11.835480502628588]}