{"rotation": [0.36542580276636893, -0.006717835013498351, 0.008098903453530053, -0.9307809952551334], "translation": [3165.3900626001055, 1727.0415641216252, 11.778915501202265]}