{"rotation": [0.3711787559507425, -0.012062815815488301, -0.0004465906863735735, -0.9284829670824444], "translation": [3156.3124684091595, 1718.6439312766581, 11.797729640104464]}