{"rotation": [0.36473085072982914, -0.002563864433203859, 0.0043430094605008745, -0.9310993348692121], "translation": [3160.717698990484, 1722.7357608569787, 11.820261302383157]}