{"rotation": [0.36546456670239746, -0.006182121954784383, 0.008368391603821692, -0.9307671039927927], "translation": [3165.375427911541, 1727.0301080175186, 11.762943973830195]}