{"rotation": [0.3666811181551133, -0.0025429558061690464, 0.0034794394035665335, -0.930336704890074], "translation": [3158.4812638726216, 1720.681239747398, 11.838075098442964]}