{"rotation": [0.365484073769666, -0.0063668433421926705, 0.008120963552106267, -0.9307603907975299], "translation": [3165.44586130593, 1727.1038670111614, 11.767471985845875]}