{"rotation": [0.3654981256048217, -0.008048010790801955, 0.007529092661844283, -0.9307468304890233], "translation": [3165.395624135664, 1727.0499438633356, 11.756111639303516]}