{"rotation": [0.36581779136190046, -0.008514262972700396, 0.006099382519509366, -0.9306275562124805], "translation": [3164.172647115029, 1725.9141789634157, 11.763778622190776]}