{"rotation": [0.39408287159442384, -0.007031596020155614, -0.0017592813516771764, -0.9190463273972796], "translation": [3153.542719297894, 1715.9613890136347, 11.876205148195432]}