{"rotation": [0.3671273990781385, -0.0034264868829625475, 0.003432279957167867, -0.9301580250086852], "translation": [3158.2062280353202, 1720.4267464210357, 11.827680673225332]}