{"rotation": [0.3682378455955581, -0.0027057512275312614, 0.0036064651733009423, -0.929720689987262], "translation": [3157.6049336852, 1719.8673806635068, 11.821145804523555]}