{"rotation": [0.3655396794042676, -0.00922579215059226, 0.006585062221390698, -0.9307267399703093], "translation": [3164.774932777266, 1726.471308190232, 11.754725089607039]}