{"rotation": [0.3655426244226528, -0.007652756254740234, 0.004980474768532826, -0.9307498159672045], "translation": [3163.0153892273706, 1724.8467076886295, 11.77922698121152]}