{"rotation": [0.36567564494400717, -0.00601456429009024, 0.007662475480911879, -0.9306913742915475], "translation": [3165.4404703378414, 1727.1110361925168, 11.758561219648863]}