{"rotation": [0.36545278685623306, -0.006054391297242451, 0.00844837855710586, -0.9307718462785541], "translation": [3165.39546678773, 1727.0479333289468, 11.779495753290059]}