{"rotation": [0.3657192702788644, -0.005918783536941519, 0.0075894049064552885, -0.9306754451909127], "translation": [3165.4391650849207, 1727.1133411930252, 11.758157396618884]}