{"rotation": [0.3654839039382254, -0.006368484762248708, 0.008137171957972566, -0.9307603046952709], "translation": [3165.4466739958293, 1727.1027882158928, 11.768153072816869]}