{"rotation": [0.36562925595705925, -0.006147095262778435, 0.007817339733322893, -0.9307074457677942], "translation": [3165.4426265005436, 1727.1088522655884, 11.761788142098599]}