{"rotation": [0.36775113711710394, -0.0071924808934366955, 0.0017194690863205529, -0.929894839642492], "translation": [3157.791888607611, 1720.0411960946717, 11.80717365485634]}