{"rotation": [0.36811765529173585, -0.0014371740495878755, 0.004118989696638387, -0.9297689822300725], "translation": [3157.65882929114, 1719.9152163304473, 11.830439554672262]}