{"rotation": [0.36608343065726473, -0.005543017726673721, 0.007165478441412673, -0.930537937255325], "translation": [3165.4451078030947, 1727.1132941799863, 11.766286875118436]}