{"rotation": [0.36567564520313567, -0.006014565677814328, 0.007662475662253077, -0.9306913741792728], "translation": [3165.440470231872, 1727.111036304126, 11.758561227634937]}