{"rotation": [0.3678269657841579, -0.005100221802546637, 0.0025365856223994966, -0.929876807277698], "translation": [3157.7528258201205, 1720.0034995274407, 11.816147251836112]}