{"rotation": [0.3679577473661536, -0.0029290321056026063, 0.0033966502333731886, -0.9298316942820042], "translation": [3157.714628940129, 1719.96972488841, 11.821674034248842]}