{"rotation": [0.36548420523782116, -0.006361372001491138, 0.008130765899190118, -0.9307602910061373], "translation": [3165.4462538479033, 1727.1033253399692, 11.76798335570998]}