{"rotation": [0.3658723870701573, -0.005868995113415395, 0.0074201159043502185, -0.9306169422248393], "translation": [3165.4344959619084, 1727.1188159156716, 11.757219721280546]}