{"rotation": [0.36553399581481366, -0.006334461654936808, 0.008043609732502252, -0.9307416789000422], "translation": [3165.444315443292, 1727.1060580792723, 11.766039645278045]}