{"rotation": [0.36827045083486515, -0.005609674902622798, 0.0022052427592949312, -0.9296991682763541], "translation": [3157.5901323866783, 1719.8504377222746, 11.814570620079332]}