{"rotation": [0.3663173919721856, -0.002746762912514202, 0.0037643667761306245, -0.9304782926941249], "translation": [3158.697162165324, 1720.8798635243293, 11.836175204600679]}