{"rotation": [0.36637689568728915, -0.00273968119268848, 0.003757915448005367, -0.9304549116023804], "translation": [3158.6624032430555, 1720.8485299250356, 11.837039166559409]}