{"rotation": [0.3664949754252326, -0.0027442800560659644, 0.0036879314961804936, -0.930408674226714], "translation": [3158.5995135868616, 1720.7893988915844, 11.83807012844662]}