{"rotation": [0.36834715482564273, -0.005964077981258187, 0.0019794592513175378, -0.9296670829101996], "translation": [3157.569604855905, 1719.832539636688, 11.805944305822543]}