{"rotation": [0.36604344182284604, -0.005624863986385412, 0.007222291353326212, -0.9305527379526789], "translation": [3165.45016789728, 1727.1104152686564, 11.768199521962906]}