{"rotation": [0.36833670606668467, -0.006782774738608377, 0.0017245969992636704, -0.9296661178595143], "translation": [3157.5578272550943, 1719.8214180119849, 11.802794260144687]}