{"rotation": [0.3655043301794929, -0.006329678651943169, 0.00806376379995725, -0.9307531872100047], "translation": [3165.444740592486, 1727.1052369163547, 11.766481072104474]}