{"rotation": [0.3698600718651396, -0.011172202349561075, -0.00020363924622108191, -0.929020273011107], "translation": [3156.959659860399, 1719.2585334274772, 11.792121758231861]}