{"rotation": [0.3670688745141062, -0.0037199132506348376, 0.0032709319720461154, -0.9301805763465443], "translation": [3158.2699436351354, 1720.485283888314, 11.83210152989893]}