{"rotation": [0.3654690929728616, -0.006734377275584311, 0.008100237293829755, -0.9307638671543323], "translation": [3165.3794674813207, 1727.0340548780785, 11.760965121286183]}