{"rotation": [0.3682472390186045, -0.0027566978383904714, 0.0035793393274582987, -0.9297169246077978], "translation": [3157.6035619181794, 1719.8662278202562, 11.820905178221208]}