{"rotation": [0.4470395985962026, -0.006905399289406163, -0.003758365118011453, -0.8944796182357873], "translation": [3152.08152621839, 1714.2957326748067, 11.910588291017767]}