{"rotation": [0.36595017512650024, -0.005684471792088981, 0.007270317678346831, -0.930588683891108], "translation": [3165.4528508062094, 1727.1076647156258, 11.768134496335264]}