{"rotation": [0.36613068318043557, -0.0027374436865242775, 0.0036039186223891084, -0.9305524386118463], "translation": [3158.8506283420434, 1721.0213196138595, 11.837842046197474]}