{"rotation": [0.3656643684873229, -0.005858062250362021, 0.007474413420152873, -0.9306983323663275], "translation": [3165.4601310261223, 1727.1038517504664, 11.76864883995939]}