{"rotation": [0.3654434201067578, -0.008059835358437501, 0.0075440104485625225, -0.9307680880117359], "translation": [3165.3780347642464, 1727.030244251088, 11.774664206478056]}