{"rotation": [0.43347493853997593, -0.006076887435522074, -0.004423301196465255, -0.901134276067327], "translation": [3152.3581466795126, 1714.6443342560315, 11.904789436405004]}