{"rotation": [0.3654331062575058, -0.005133014922133687, 0.008912921119117078, -0.9307807780814579], "translation": [3165.3914499672765, 1727.0432730866598, 11.784145086673359]}