{"rotation": [0.36560207080578827, -0.006273998308063878, 0.007916921054295412, -0.9307164364771743], "translation": [3165.4434041194286, 1727.1075366160028, 11.76337471891527]}