{"rotation": [0.3656155187266952, -0.006268907345005494, 0.007917992933832446, -0.9307111789673579], "translation": [3165.442490731705, 1727.1086039015986, 11.763208910257628]}