{"rotation": [0.3773731263157455, -0.007818426260588639, -0.0006954282366549877, -0.9260280298808756], "translation": [3154.5614931302166, 1716.972855131482, 11.849010677399148]}