{"rotation": [0.3667251126253171, -0.002702937705373011, 0.003382901822359915, -0.930319268785168], "translation": [3158.3820961252145, 1720.5904441375053, 11.837552003157525]}