{"rotation": [0.36829806268019777, -0.0053205914964831675, 0.0022409376209505823, -0.9296898442656667], "translation": [3157.5773444147717, 1719.8388570323632, 11.807717405892951]}