{"rotation": [0.36578169536963556, -0.008466009123378757, 0.006161869192847662, -0.9306417728589709], "translation": [3164.221669861772, 1725.9596504352987, 11.759870204867498]}