{"rotation": [0.36544611964090995, -0.006389290969365443, 0.008173894492756776, -0.9307746763041697], "translation": [3165.4479029056993, 1727.1014243621385, 11.76890724220049]}