{"rotation": [0.3654476797364333, -0.00643292814066922, 0.008189663021281277, -0.930773624588918], "translation": [3165.4480850675286, 1727.1007482397144, 11.769257359091448]}