{"rotation": [0.3743606148196629, -0.008451703695983678, 2.2966405666709263e-05, -0.927244680895514], "translation": [3154.9633258379113, 1717.358016513673, 11.838954073933659]}