{"rotation": [0.36558496789053563, -0.006292551795866418, 0.007943073008585832, -0.9307228065517427], "translation": [3165.4431614532105, 1727.1075328118113, 11.764114333444077]}