{"rotation": [0.365455322359508, -0.009405243159029197, 0.006881043821757465, -0.9307559293370903], "translation": [3165.126088872986, 1726.7958514876498, 11.757061484576726]}