{"rotation": [0.366062919078909, -0.0026095961622603723, 0.0036641752651436162, -0.9305792298901391], "translation": [3158.930613759597, 1721.0940216697118, 11.834738000579513]}