{"rotation": [0.3655546924621143, -0.006308760317020435, 0.007992133462110751, -0.9307341683665188], "translation": [3165.4440741943286, 1727.1064118569475, 11.765230891072216]}