{"rotation": [0.3683072759184773, -0.005407424187807825, 0.0022131774482541224, -0.9296857598752098], "translation": [3157.5751692754047, 1719.8362739413067, 11.807551332183952]}