{"rotation": [0.36544324668827405, -0.007968069370437246, 0.007569764666920928, -0.930768737111066], "translation": [3165.3793635038305, 1727.0314706224651, 11.77476972212157]}