{"rotation": [0.36542275907899385, -0.005879014351130926, 0.008524608757112886, -0.9307840648522583], "translation": [3165.388983721583, 1727.0409135683765, 11.780484029956972]}