{"rotation": [0.3657111246397756, -0.005967229394817389, 0.007638610233078504, -0.9306779341543279], "translation": [3165.4397569809935, 1727.1120757101771, 11.758298120284216]}