{"rotation": [0.3655978019615947, -0.007718219444003174, 0.005093593095900998, -0.9307269909048723], "translation": [3163.0881870141893, 1724.9141996158273, 11.778046400264737]}