{"rotation": [0.5764476529400263, -0.005776648950869914, -0.004595388598451354, -0.8171007380675056], "translation": [3150.4660846627744, 1711.463068315084, 11.949355840461102]}