{"rotation": [0.3716948050763322, -0.012323089780023019, -0.0003616773240673265, -0.9282731184985668], "translation": [3155.9926324391836, 1718.3380595566045, 11.80591001596659]}