{"rotation": [0.6095058051928034, -0.007615273083101017, -0.004935557623615739, -0.7927296647174787], "translation": [3150.2355653073714, 1710.7501454515475, 11.94840978184171]}