{"rotation": [0.46678498206914626, -0.00650260838112079, -0.004280357833196173, -0.8843365734468797], "translation": [3151.728947228709, 1713.8170842192408, 11.916546430278753]}