{"rotation": [0.3682592483964658, -0.005438191126449836, 0.0023060732467113524, -0.9297043799369362], "translation": [3157.5907726163873, 1719.8501660182405, 11.815175983452118]}