{"rotation": [0.47748626150877754, -0.006069962318287569, -0.00420857299723494, -0.8786081683783465], "translation": [3151.5616384810933, 1713.5733315184145, 11.919059501448427]}