{"rotation": [0.3698600699021834, -0.011172202124941884, -0.00020364112760156238, -0.9290202737948848], "translation": [3156.9596608375023, 1719.2585343391506, 11.792121760285411]}