{"rotation": [0.3660671327102329, -0.005586617209236546, 0.007198401017888452, -0.9305438340455822], "translation": [3165.4383095251364, 1727.1176157304676, 11.760835246690608]}