{"rotation": [0.3655129665426451, -0.009171427460043418, 0.006445235535604655, -0.9307387469888804], "translation": [3164.8823599027587, 1726.5706993607698, 11.752025489129487]}