{"rotation": [0.3656894962708316, -0.002147216703530576, 0.0038738008903526884, -0.9307263698017133], "translation": [3159.417299575483, 1721.5439339600168, 11.839558991092417]}