{"rotation": [0.3682839824871374, -0.004382201661410634, 0.002817576564178185, -0.9296987500337502], "translation": [3157.590881713672, 1719.8503952073145, 11.817903988434155]}