{"rotation": [0.48855472194294214, -0.0054861780386234104, -0.0043583563882703446, -0.8725051233358895], "translation": [3151.39903617807, 1713.3217013191957, 11.920638108792906]}