{"rotation": [0.3673728748791032, -0.0048277786070759455, 0.0027190180100168005, -0.9300572403340802], "translation": [3158.073570081187, 1720.3033527080825, 11.820173950094082]}