{"rotation": [0.3649296200692011, -0.002591323485272949, 0.004478763248527837, -0.931020729156181], "translation": [3160.352501457379, 1722.4014999156527, 11.827335057452261]}