{"rotation": [0.3672100825187361, -0.0035614731736769854, 0.003356208080143789, -0.9301251566712616], "translation": [3158.163822584381, 1720.3881353463362, 11.832455672959018]}