{"rotation": [0.3656823784858947, -0.006062470598608936, 0.007692548017712022, -0.9306881697003219], "translation": [3165.4421860020307, 1727.108738826945, 11.75954038819339]}