{"rotation": [0.3671395304521691, -0.0034856673362784894, 0.0033752789284382267, -0.9301532254390869], "translation": [3158.1978225080697, 1720.4198368202933, 11.833989706943205]}