{"rotation": [0.3657752418284444, -0.0021975979758889525, 0.0037058771547925787, -0.9306932413545255], "translation": [3159.258568607265, 1721.3970739648253, 11.838465640013574]}