{"rotation": [0.4110696431906836, -0.005946771882745487, -0.00440942994103942, -0.9115738814154636], "translation": [3152.937076594884, 1715.3168063978528, 11.888405451861642]}