{"rotation": [0.3649434742574206, -0.0039143364240669856, 0.0040370915649890066, -0.9310126961857065], "translation": [3161.429729795643, 1723.388717485164, 11.814010851703515]}