{"rotation": [0.36605841601301703, -0.005576758007971126, 0.007184538944124418, -0.9305474293319614], "translation": [3165.4397930661826, 1727.1160885991703, 11.76096259609938]}