{"rotation": [0.3651462940157326, -0.002033802560698266, 0.004316108171578128, -0.9309379242591697], "translation": [3159.9507882809357, 1722.032494732928, 11.834494696105002]}