{"rotation": [0.36543685078013066, -0.005961596007218659, 0.007611656775836805, -0.9307859206853497], "translation": [3165.461895912647, 1727.1016388444107, 11.768074953873336]}