{"rotation": [0.37243568186955195, -0.011179844871198604, 9.466027296492798e-05, -0.9279906599629387], "translation": [3155.54212746942, 1717.91001871777, 11.818143953706718]}