{"rotation": [0.36555230839603226, -0.0058957383798868175, 0.0075414751858364154, -0.9307415732883696], "translation": [3165.4612602866328, 1727.102471435084, 11.768268406875874]}