{"rotation": [0.3658579397530913, -0.008489960460622526, 0.006118824214159105, -0.9306118677951817], "translation": [3164.1140215311684, 1725.8599339302423, 11.76187845583817]}