{"rotation": [0.3654644822415762, -0.006180414801146239, 0.008369342528429377, -0.9307671399434041], "translation": [3165.3754476581375, 1727.0301248101136, 11.76297819584609]}