{"rotation": [0.3756414022137039, -0.008066614688749234, -0.00021748618265197191, -0.9267299603283289], "translation": [3154.764533237323, 1717.1678083388329, 11.845113340697123]}