{"rotation": [0.3647308494761, -0.0025638631251874815, 0.004343009973329031, -0.9310993353615334], "translation": [3160.717702881168, 1722.735764430945, 11.82026123846118]}