{"rotation": [0.3652131958198377, -0.005794492690024643, 0.004264758227325723, -0.9308961044556953], "translation": [3161.839726714572, 1723.7649638011678, 11.805454098403668]}