{"rotation": [0.4143918281582199, -0.005813873920026852, -0.004675380202333781, -0.910067993309123], "translation": [3152.8366356120446, 1715.2055022355453, 11.890902823273057]}