{"rotation": [0.4110696576844498, -0.0059467715784928595, -0.004409431198216879, -0.9115738748754764], "translation": [3152.937076158329, 1715.316805920506, 11.888405463305519]}