{"rotation": [0.3654589991268257, -0.006381198261928444, 0.008141727337776296, -0.93076995683247], "translation": [3165.4474005334137, 1727.1020824716309, 11.768592834900335]}