{"rotation": [0.5118482062406428, -0.00477200886641398, -0.004749957668839555, -0.8590495210415752], "translation": [3151.0947081184645, 1712.8130985288135, 11.934796492954085]}