{"rotation": [0.39627683251015, -0.006900615993488368, -0.0019735123853446674, -0.9181030218681876], "translation": [3153.4499454935963, 1715.8656827508808, 11.876296807623143]}