{"rotation": [0.36668511212269417, -0.0024793603743814077, 0.0034370068473932687, -0.9303354600914834], "translation": [3158.4547860373023, 1720.6574944355323, 11.838537093693231]}