{"rotation": [0.3661736959105417, -0.0027213829126847915, 0.003616245887372052, -0.9305355131664449], "translation": [3158.8106039701, 1720.9830410883753, 11.835996708831146]}