{"rotation": [0.37012555179667034, -0.011188594508458976, -7.347435045841153e-05, -0.9289143587337078], "translation": [3156.8503080599826, 1719.1538531429696, 11.794466523495673]}