{"rotation": [0.36559780393770225, -0.00771822597016977, 0.005093603684216304, -0.9307269900165736], "translation": [3163.0881917109537, 1724.9142039763747, 11.778046357839129]}