{"rotation": [0.3734607602475289, -0.009250768079958194, 0.0002877123431478391, -0.9275998065258941], "translation": [3155.1622618828715, 1717.5470479573178, 11.833999308981255]}