{"rotation": [0.36488058891254627, -0.00258235022658626, 0.004331812474523666, -0.9310406665139962], "translation": [3160.423806717777, 1722.4664567326818, 11.825442799444234]}