{"rotation": [0.36557912080729627, -0.006304279206511533, 0.007949007197198332, -0.9307249732214289], "translation": [3165.4430863494667, 1727.1075846112326, 11.764185746306778]}