{"rotation": [0.3659194066904132, -0.005838728411668096, 0.007390303659430592, -0.9305988826931247], "translation": [3165.4344726133995, 1727.1193763637018, 11.757792018974452]}