{"rotation": [0.3677127678831527, -0.007895730569527318, 0.0014551922214360042, -0.929904758666221], "translation": [3157.8150955311976, 1720.0620456787087, 11.804946582772182]}