{"rotation": [0.499944820476952, -0.004977979172287798, -0.004887299925876793, -0.8660291626158226], "translation": [3151.2435858528934, 1713.0704859529394, 11.929073044736144]}