{"rotation": [0.505872424968618, -0.004846023458310586, -0.0048335454706895965, -0.8625811512844426], "translation": [3151.1686884209034, 1712.9411905305803, 11.930043492316829]}