{"rotation": [0.3658269850357721, -0.008727458348113434, 0.0062469735677373175, -0.9306209882716288], "translation": [3163.942969949244, 1725.7017446070968, 11.764423524012555]}