{"rotation": [0.3704349092314043, -0.011260598983331654, -0.00023144739887521974, -0.9287901395715609], "translation": [3156.7317366316215, 1719.0429485653242, 11.795426520035699]}