{"rotation": [0.36565774331342177, -0.006195823243179066, 0.007829560376433035, -0.9306958281380587], "translation": [3165.442510238344, 1727.108748547141, 11.762096700618748]}