{"rotation": [0.3718154832573541, -0.012253168287519225, -0.00031156290965749807, -0.9282257318161199], "translation": [3155.905405995876, 1718.2553416692922, 11.807136198255046]}