{"rotation": [0.3682968509000993, -0.0030059278497240093, 0.0033898140141557283, -0.9296972104808005], "translation": [3157.5820383576347, 1719.8442595506506, 11.819671859456978]}