{"rotation": [0.3658269852182345, -0.008727458502610067, 0.006246974078334115, -0.9306209881950265], "translation": [3163.9429718484744, 1725.7017463582965, 11.764423499121541]}