{"rotation": [0.3654768697172319, -0.007383286570937193, 0.007806426097323805, -0.9307584028590298], "translation": [3165.441983652512, 1727.0936355598576, 11.768510537239278]}