{"rotation": [0.3654645628310837, -0.006182043705728784, 0.00836843519038152, -0.9307671056407021], "translation": [3165.375428816647, 1727.0301087872258, 11.762945542427566]}