{"rotation": [0.3655585727085404, -0.0021111169568595236, 0.0038678079030793323, -0.93077790754106], "translation": [3159.5911683235768, 1721.7030075006599, 11.841941961157488]}