{"rotation": [0.4566683774837452, -0.006964873064541849, -0.003988798604368707, -0.8896007941966173], "translation": [3151.904574864786, 1714.0593278000163, 11.912951111511523]}