{"rotation": [0.36572949265592675, -0.005822684516755986, 0.007442006745328978, -0.9306732246509831], "translation": [3165.4590693619116, 1727.1048848646988, 11.769032442007834]}