{"rotation": [0.38399029095325765, -0.0076438294823486935, -0.0010820774145620861, -0.9233048561731636], "translation": [3154.0504660488523, 1716.4742199275797, 11.861454405663252]}