{"rotation": [0.3697686755677496, -0.011226618805581508, -0.0003426143709481554, -0.9290559575259497], "translation": [3157.0139610542547, 1719.3092812077577, 11.79399406185022]}