{"rotation": [0.3656416255587021, -0.006252577518177582, 0.007878361061425974, -0.930701369054626], "translation": [3165.4423697395646, 1727.10930547089, 11.762886804080637]}