{"rotation": [0.365437119215139, -0.005232469643058766, 0.008817345541861244, -0.9307795590679729], "translation": [3165.3934105495377, 1727.0455124629946, 11.784170147175473]}