{"rotation": [0.3651060523044898, -0.0051059328817209945, 0.004152903498971683, -0.9309426692404676], "translation": [3161.673353364753, 1723.6119826742483, 11.807491698804409]}