{"rotation": [0.36542580272243824, -0.006717833258485998, 0.008098904229249073, -0.9307809952782976], "translation": [3165.3900626024224, 1727.0415641229768, 11.778915506740892]}