{"rotation": [0.3655674132692514, -0.006292609304036473, 0.007959668930406127, -0.9307295595898377], "translation": [3165.444241463049, 1727.10618640683, 11.764994504681729]}