{"rotation": [0.36660284271358873, -0.0026865761097569917, 0.0035964472956637413, -0.9303667038270296], "translation": [3158.5385626371367, 1720.7347550476811, 11.839532390736712]}