{"rotation": [0.36550443146742084, -0.006337692669004921, 0.00807131064053941, -0.9307530274857314], "translation": [3165.4452286913634, 1727.1045493736672, 11.76672672777731]}