{"rotation": [0.3656393584868133, -0.006111878736434877, 0.007791560198652615, -0.9307039250230621], "translation": [3165.442310744224, 1727.1088756232446, 11.761149112040144]}