{"rotation": [0.3655437776648596, -0.00631351593265913, 0.008019387246470326, -0.9307381885123566], "translation": [3165.444056416484, 1727.1065116135924, 11.765491218623568]}