{"rotation": [0.3655129609208215, -0.009171428279961522, 0.006445223713327908, -0.9307387492704302], "translation": [3164.8823682206385, 1726.570707076787, 11.752025634235864]}