{"rotation": [0.3664949770290088, -0.0027442793208573724, 0.0036879304135457804, -0.9304086736014343], "translation": [3158.5995123988823, 1720.7893978292009, 11.838070147834685]}