{"rotation": [0.3719481623785247, -0.012149547174817954, -0.0003028653264053454, -0.9281739391295576], "translation": [3155.817114435786, 1718.171603158493, 11.809177495327488]}