{"rotation": [0.36540812874047124, -0.0020011568984734376, 0.003996210973310752, -0.9308366801535658], "translation": [3159.7033710638516, 1721.80513648185, 11.835528921938526]}