{"rotation": [0.36510605614410685, -0.005105966184565618, 0.00415290659114076, -0.9309426675381592], "translation": [3161.673360544494, 1723.6119892617967, 11.807491499906245]}