{"rotation": [0.3649434816201643, -0.003914415668997499, 0.004037106881989461, -0.9310126929000198], "translation": [3161.429743492525, 1723.3887300374831, 11.814010436755607]}