{"rotation": [0.36578772904990803, -0.005893834432904179, 0.00748449282756828, -0.9306495486268194], "translation": [3165.4348950762474, 1727.1178334206934, 11.756922069341375]}