{"rotation": [0.365464564135419, -0.006182070069641369, 0.008368420505063678, -0.9307671050854842], "translation": [3165.375428511696, 1727.0301085278938, 11.762945013930896]}