{"rotation": [0.6228782497879427, -0.0074108719512406655, -0.004726588808959621, -0.7822694064555142], "translation": [3150.1586021139187, 1710.4552272557246, 11.94928571360355]}