{"rotation": [0.36481906444499274, -0.0030019339891939837, 0.004035767618667248, -0.931064848004441], "translation": [3161.262712277423, 1723.235648275012, 11.814375530806776]}