{"rotation": [0.3655062968496729, -0.006337836170153009, 0.008067956470682596, -0.9307523230560891], "translation": [3165.4446922737266, 1727.105249239383, 11.766548664070344]}