{"rotation": [0.36543065650947854, -0.009420694168584392, 0.006951648483226581, -0.9307649329383866], "translation": [3165.172182236134, 1726.8387637125406, 11.757378095058518]}