{"rotation": [0.36543417137126366, -0.009440299762393951, 0.006951919576728446, -0.9307633522806926], "translation": [3165.1944886743377, 1726.8595532817787, 11.758251640211647]}