{"rotation": [0.36595017676275765, -0.0056844743101261514, 0.0072703190934536735, -0.9305886832212196], "translation": [3165.4528506907686, 1727.1076648304675, 11.768134498825503]}