{"rotation": [0.36575471196363796, -0.005927907664661662, 0.007524652396399278, -0.9306619849297751], "translation": [3165.4360744188484, 1727.1169127000273, 11.757258266621438]}