{"rotation": [0.3675625670761565, -0.007415956193311364, 0.0015673650870929932, -0.9299679060294547], "translation": [3157.91418928604, 1720.1574796039038, 11.806670949389796]}