{"rotation": [0.3683804885577396, -0.007768956441812876, 0.0013484317328600125, -0.9296416732793491], "translation": [3157.5407875311453, 1719.8051392289553, 11.799211152632182]}