{"rotation": [0.3666877760323331, -0.0023907429550985714, 0.003429295150285013, -0.9303346705306411], "translation": [3158.425956196857, 1720.629525947608, 11.834519106785613]}