{"rotation": [0.3657155610067817, -0.002169468194928008, 0.0038041962607921003, -0.9307163638488665], "translation": [3159.3641054789878, 1721.4933736002497, 11.837685150341244]}