{"rotation": [0.3656764621146207, -0.002131326334335882, 0.0038720472655239713, -0.930731534736717], "translation": [3159.4742424775563, 1721.5959138501169, 11.840024902726967]}