{"rotation": [0.41786075039084425, -0.005767627125245686, -0.004838443083102484, -0.9084798936843216], "translation": [3152.740471074456, 1715.0959398061607, 11.892878379769856]}