{"rotation": [0.3655158891577643, -0.009357524586429964, 0.006440661129101513, -0.9307357785059321], "translation": [3164.955873863486, 1726.6385715208228, 11.756398555154998]}