{"rotation": [0.36598277964080606, -0.005659996584426701, 0.007282872402583387, -0.9305759126555024], "translation": [3165.453949448497, 1727.110004245585, 11.769979337871003]}