{"rotation": [0.3653017115675015, -0.006649441065700558, 0.004444334474792321, -0.9308548180841328], "translation": [3162.1628782209204, 1724.0622346109933, 11.795429745749583]}