{"rotation": [0.3654688326236472, -0.007533893731870685, 0.004787959909990653, -0.9307807734723821], "translation": [3162.8686715490103, 1724.711917956222, 11.78280339539841]}