{"rotation": [0.3656756452842038, -0.006014566111962644, 0.00766247571898552, -0.9306913741441477], "translation": [3165.440470198718, 1727.111036339043, 11.75856123013339]}