{"rotation": [0.3656220307968531, -0.009341318138996853, 0.006511508019169388, -0.9306937577069738], "translation": [3164.566978652606, 1726.2782819440877, 11.756176017115125]}