{"rotation": [0.3715677174068142, -0.012343356392957418, -0.00047386103599424937, -0.9283236765211609], "translation": [3156.0763155505024, 1718.4190911765652, 11.803520120029653]}