{"rotation": [0.3660140461086766, -0.00565008933367474, 0.007244336295537244, -0.9305639763784724], "translation": [3165.450974158417, 1727.1096706762448, 11.768233648920111]}