{"rotation": [0.36543596676864454, -0.005310468095270629, 0.008823961678076659, -0.930779507091115], "translation": [3165.3879825121703, 1727.0401475238214, 11.78125411506517]}