{"rotation": [0.3681850568291207, -0.002235198087827191, 0.003873733441105755, -0.9297417716798964], "translation": [3157.624884618646, 1719.884318218783, 11.826682214659934]}