{"rotation": [0.36810840206061246, -0.0013285427169166526, 0.004099490194548748, -0.9297728934996851], "translation": [3157.6638492570837, 1719.922012965567, 11.824062167633624]}