{"rotation": [0.3654471381567272, -0.0078024561118297505, 0.007621945537386569, -0.9307681864126567], "translation": [3165.381409638141, 1727.0334736368948, 11.77490906665851]}