{"rotation": [0.36553148550928266, -0.006313142698790893, 0.0080213984318599, -0.9307430013155291], "translation": [3165.4446467294156, 1727.1056980698108, 11.765560190217707]}