{"rotation": [0.3656339646113234, -0.0020895543628132365, 0.003859945140539029, -0.9307483755068726], "translation": [3159.531674255051, 1721.6482856325276, 11.839844625128624]}