{"rotation": [0.3684558337026394, -0.008730483343142538, 0.0009018287567916066, -0.9296038209775074], "translation": [3157.51686792449, 1719.7843458935752, 11.795350823086912]}