{"rotation": [0.36603041573375605, -0.005659911627359174, 0.0072784056182704565, -0.9305572120884348], "translation": [3165.43871487707, 1727.116546364786, 11.76023928822808]}