{"rotation": [0.36578772916807706, -0.005893832444136154, 0.007484492835824075, -0.9306495485929022], "translation": [3165.4348949670243, 1727.1178335463965, 11.756922053733662]}