{"rotation": [0.36605395794395396, -0.005670131402468478, 0.007284629000486989, -0.9305478406099119], "translation": [3165.437091784383, 1727.118255159709, 11.76007339686195]}