{"rotation": [0.364880584087421, -0.002582350002964989, 0.004331801634862973, -0.9310406684560459], "translation": [3160.4238119788492, 1722.4664615123575, 11.825442665935535]}