{"rotation": [0.3656473115620459, -0.006112648475307672, 0.007776972142086017, -0.9307009174704658], "translation": [3165.441251529724, 1727.1099284549496, 11.760992023926502]}