{"rotation": [0.365636504397726, -0.00610743613714165, 0.00780358245876614, -0.9307049747242419], "translation": [3165.441941498718, 1727.1094717832339, 11.76140470253683]}