{"rotation": [0.36531881843209907, -0.006928614107775595, 0.004657476929744396, -0.930845026368283], "translation": [3162.324089991598, 1724.2104165656958, 11.792609982901457]}