{"rotation": [0.3677127692298527, -0.007895700086114957, 0.0014552049864721384, -0.92990475837255], "translation": [3157.8150942378343, 1720.0620445196837, 11.804946668738227]}