{"rotation": [0.3659062702762982, -0.0024563881664027634, 0.003569746227250167, -0.9306416197664585], "translation": [3159.1285581669963, 1721.2771694994337, 11.841945348267485]}