{"rotation": [0.3657248629859173, -0.005917320448058509, 0.0075735513748886206, -0.9306733859051838], "translation": [3165.437052782855, 1727.11576745266, 11.757652129080565]}