{"rotation": [0.3655391666705436, -0.002113106163181305, 0.003882764676006322, -0.9307854621504456], "translation": [3159.606596103271, 1721.7170627200305, 11.841713816839087]}