{"rotation": [0.3654306558259243, -0.009420696783103751, 0.006951649882692827, -0.930764933169844], "translation": [3165.1721841385815, 1726.8387654935173, 11.757378134041447]}