{"rotation": [0.3683241991891581, -0.0038899504552416583, 0.003036118253282783, -0.9296843198436087], "translation": [3157.5894658513357, 1719.8512786877789, 11.818317591792683]}