{"rotation": [0.5497696073128118, -0.004607584033288778, -0.0049553574434504375, -0.8352889281422929], "translation": [3150.692690397162, 1712.0158465471773, 11.948222431845922]}