{"rotation": [0.3654388889309021, -0.005585033411890464, 0.008658562174047762, -0.9307783061287012], "translation": [3165.3941056123253, 1727.046401768057, 11.782148374303548]}