{"rotation": [0.36582696841985857, -0.008606780102426596, 0.006050517371449587, -0.9306234167226517], "translation": [3163.7659844055183, 1725.5380687902837, 11.770279674212833]}