{"rotation": [0.43347498457422046, -0.006076890335975898, -0.004423297931586215, -0.901134253919821], "translation": [3152.3581456778697, 1714.644333040544, 11.904789468329096]}