{"rotation": [0.36551588859721246, -0.00935751020928219, 0.006440637473962489, -0.9307357790343093], "translation": [3164.9558653655718, 1726.638563541099, 11.75639850882497]}