{"rotation": [0.38567643554585185, -0.007610747649756346, -0.001059008130734468, -0.9226021038815363], "translation": [3153.9481515344605, 1716.3718029871543, 11.863075210647716]}