{"rotation": [0.36546226122498254, -0.009443101706124979, 0.0069916596707154275, -0.9307519971214349], "translation": [3165.2508697504, 1726.912062187434, 11.758790516721657]}