{"rotation": [0.3654622629653173, -0.00944310069410816, 0.006991659246913796, -0.9307519964515388], "translation": [3165.250871045834, 1726.9120633975867, 11.758790556865707]}