{"rotation": [0.3654768694584344, -0.007383260058265861, 0.007806434633032328, -0.930758403099373], "translation": [3165.4419840013115, 1727.0936358796005, 11.768510583083764]}