{"rotation": [0.36543596629048797, -0.005310478239071996, 0.008823958009715324, -0.9307795072557478], "translation": [3165.387982528235, 1727.0401475391793, 11.781254102946038]}