{"rotation": [0.365588839134189, -0.006297617956342785, 0.00795597813306567, -0.9307211414384753], "translation": [3165.4434888883147, 1727.1069963911912, 11.764627720902338]}