{"rotation": [0.3684100081975542, -0.008260781928271482, 0.001128197450528734, -0.9296260283104838], "translation": [3157.529785977215, 1719.7956078916498, 11.797205356631949]}