{"rotation": [0.3652929999828188, -0.006444346431628316, 0.00432337776048024, -0.930860248892046], "translation": [3162.081832328326, 1723.987539153698, 11.797406690817123]}