{"rotation": [0.3728634605972196, -0.010196266870542738, 0.0003933437497681262, -0.9278301143927508], "translation": [3155.3537179968725, 1717.7298164783986, 11.825901029190675]}