{"rotation": [0.3647909777604231, -0.0027010546423256554, 0.0042370967281508045, -0.9310758797540242], "translation": [3160.573537674158, 1722.6034234886947, 11.827092408679711]}