{"rotation": [0.3654429148106604, -0.007460220650862453, 0.004762332964233565, -0.9307916744939583], "translation": [3162.7931045395376, 1724.6421061027706, 11.784222588707832]}