{"rotation": [0.36601811652897415, -0.0025974770602815284, 0.003657967752991841, -0.9305969109971415], "translation": [3158.9765268113983, 1721.1376154975283, 11.838827302658796]}