{"rotation": [0.372101359407289, -0.011974551366872938, -0.00025695413640530203, -0.9281148217873593], "translation": [3155.729103830314, 1718.0872797323364, 11.813963187456185]}