{"rotation": [0.3654590047849511, -0.006381196865661674, 0.00814172429328691, -0.9307699546470583], "translation": [3165.447400528176, 1727.1020824728378, 11.768592799822295]}