{"rotation": [0.36562602843858705, -0.006115738736382289, 0.007817816516845318, -0.9307089162637494], "translation": [3165.441758736243, 1727.1097583588885, 11.761602705174987]}