{"rotation": [0.36542580304642763, -0.006717846201702106, 0.00809889850832129, -0.9307809951074613], "translation": [3165.390062585337, 1727.0415641130135, 11.778915465893531]}