{"rotation": [0.3654081214799131, -0.007295246988681671, 0.004699897479067137, -0.9308069590906491], "translation": [3162.6402232947758, 1724.5020270667285, 11.78701854412782]}