{"rotation": [0.36596952934440974, -0.0024393835855516786, 0.003599151235078292, -0.9306166767845614], "translation": [3159.065864377505, 1721.2189266118846, 11.836990521974151]}