{"rotation": [0.36829795649742975, -0.0029704342472741947, 0.003468440265155196, -0.9296965965745637], "translation": [3157.59722553879, 1719.8581124655216, 11.820732717662672]}