{"rotation": [0.365462263702267, -0.009443100265566837, 0.006991659067453824, -0.9307519961678695], "translation": [3165.25087159439, 1726.9120639100292, 11.758790573864811]}