{"rotation": [0.37436055941159274, -0.008451730892905225, 2.2980913480377996e-05, -0.9272447030174025], "translation": [3154.963335378535, 1717.3580255642034, 11.838953901459194]}