{"rotation": [0.36568440230095345, -0.008723305390199734, 0.006300949192245244, -0.9306766999856291], "translation": [3164.32595879642, 1726.0551931470757, 11.758251974178936]}