{"rotation": [0.3675968618344518, -0.008036417091061048, 0.0013365809641406685, -0.929949556008888], "translation": [3157.8681583351654, 1720.112820405259, 11.806317131121347]}