{"rotation": [0.373854313299946, -0.008799629332431296, 0.0001583021011364587, -0.9274456824478091], "translation": [3155.062910944999, 1717.4526089291687, 11.836356077267157]}