{"rotation": [0.5764480886293423, -0.005776688308424052, -0.004595377985677204, -0.8171004304789796], "translation": [3150.4660811983745, 1711.4630591574341, 11.949355843970805]}