{"rotation": [0.37263585125648807, -0.010759634990468525, 0.00027464913047249025, -0.927915231678562], "translation": [3155.4512136566586, 1717.8226132183056, 11.824175831855053]}