{"rotation": [0.36811765735067375, -0.0014371887380029117, 0.004118988270640424, -0.929768981398503], "translation": [3157.6588283482947, 1719.9152155173074, 11.830439500425614]}