{"rotation": [0.3658269666023307, -0.008606772572473853, 0.00605051854769676, -0.9306234174991123], "translation": [3163.7659798857694, 1725.5380646144763, 11.770279737983945]}