{"rotation": [0.3654375388330736, -0.009473694024066804, 0.006949439366598481, -0.930761709368007], "translation": [3165.2148688917596, 1726.878601441827, 11.758663360196417]}