{"rotation": [0.3718154824522089, -0.012253168770837382, -0.00031156266023622803, -0.9282257321323371], "translation": [3155.905406506683, 1718.2553421539283, 11.807136190599424]}