{"rotation": [0.3655116000255435, -0.009260055094492655, 0.006510557557650655, -0.9307379514485818], "translation": [3164.815222825547, 1726.5079565684423, 11.75583704578227]}