{"rotation": [0.36654662349958206, -0.0027188951005801733, 0.00365156958452588, -0.9303885459581159], "translation": [3158.5680787639694, 1720.7612279870207, 11.838557554537779]}