{"rotation": [0.36591931335732686, -0.0024690415458663833, 0.00356287656540715, -0.9306364842711288], "translation": [3159.1173945451524, 1721.2670494229412, 11.842206891604693]}