{"rotation": [0.365397769235283, -0.005993585553164493, 0.007639393627331105, -0.9308008309166373], "translation": [3165.461957382074, 1727.1016444796721, 11.76808747403867]}