{"rotation": [0.36579746475736546, -0.005766411957140343, 0.0074192594554571304, -0.9306470425780965], "translation": [3165.457833809086, 1727.1060304338553, 11.769492978764756]}