{"rotation": [0.3657650442100049, -0.005909457848232503, 0.007492462349531866, -0.9306583012845983], "translation": [3165.4373214063176, 1727.1150194099519, 11.757270061644268]}