{"rotation": [0.5764481959498472, -0.005776698003115444, -0.004595375371501019, -0.8171003547126525], "translation": [3150.466080345014, 1711.4630569016902, 11.949355844835402]}