{"rotation": [0.3659870371685233, -0.005774635322189978, 0.007338274723275631, -0.9305730986524312], "translation": [3165.4341785579118, 1727.1196102195768, 11.758512137303974]}