{"rotation": [0.3657012096182514, -0.008096660400373209, 0.005441033962833868, -0.9306811830715844], "translation": [3163.441590763538, 1725.2395088027888, 11.775549210609825]}