{"rotation": [0.48294505716279246, -0.005842889966189785, -0.00421274732578025, -0.87562102827584], "translation": [3151.479216296412, 1713.4493476188734, 11.92187655441078]}