{"rotation": [0.36543892344772166, -0.006939811631816542, 0.007969313159254832, -0.9307753339510318], "translation": [3165.3894668468333, 1727.041080891851, 11.77766930893083]}