{"rotation": [0.36603032328870644, -0.005718663918845207, 0.00731998747598072, -0.9305565630844262], "translation": [3165.436112817961, 1727.1188256461844, 11.759137692162906]}