{"rotation": [0.36546829061209024, -0.007634453931974516, 0.007703344915334648, -0.9307606041014803], "translation": [3165.4385866831526, 1727.0903956101608, 11.768048593597479]}