{"rotation": [0.6095059332406052, -0.007615271810570569, -0.004935560720951413, -0.7927295662583299], "translation": [3150.2355645086545, 1710.7501426640035, 11.948409816918055]}