{"rotation": [0.36552759196028933, -0.009350918198888444, 0.006597681460863082, -0.9307301491000981], "translation": [3165.0162144132655, 1726.6942170952852, 11.75537812055421]}