{"rotation": [0.3651462863404291, -0.0020338047434357775, 0.004316110108097405, -0.9309379272559443], "translation": [3159.950793622772, 1722.0324995849874, 11.834494603230485]}