{"rotation": [0.6095058516101334, -0.007615272621808753, -0.0049355587463999345, -0.7927296290260398], "translation": [3150.235565017837, 1710.7501444410618, 11.948409794556872]}