{"rotation": [0.5697865863939752, -0.005264357342452109, -0.00474923343914406, -0.8217621172145942], "translation": [3150.519755408098, 1711.6019875397806, 11.948501384745038]}