{"rotation": [0.3661309839836599, -0.005527157772891393, 0.0071484854816877535, -0.9305194529129569], "translation": [3165.441864099113, 1727.116703292796, 11.764925363927016]}