{"rotation": [0.3654622598531225, -0.009443102503871134, 0.006991660004787069, -0.9307519976494961], "translation": [3165.250868729241, 1726.9120612335023, 11.758790485077139]}