{"rotation": [0.3677568532980251, -0.006258946800453381, 0.0020698253842387146, -0.9298986171944568], "translation": [3157.7735875683748, 1720.0247265566363, 11.812607101029792]}