{"rotation": [0.3809854024506559, -0.007677721641567654, -0.0009805305472265608, -0.9245486543550601], "translation": [3154.256828925221, 1716.6770031374508, 11.857125994658288]}