{"rotation": [0.36545477782874414, -0.006391221104848235, 0.008149114860513706, -0.9307714808597879], "translation": [3165.4474053096915, 1727.1020406881942, 11.768780976882585]}