{"rotation": [0.3654308339498499, -0.005582941763108269, 0.008685748161969046, -0.9307812278612273], "translation": [3165.3884478640102, 1727.0405109181702, 11.780926960599198]}