{"rotation": [0.3650434725642773, -0.0021474857452284304, 0.004298114232485282, -0.930978075819851], "translation": [3160.084278709353, 1722.1541737381258, 11.833590104490554]}