{"rotation": [0.36831542739003836, -0.003095956560114613, 0.0033951583089215213, -0.9296895362966762], "translation": [3157.5914947696233, 1719.853669240235, 11.81977905126972]}