{"rotation": [0.36617370162520224, -0.002721383858147421, 0.0036162502242499065, -0.9305355108980579], "translation": [3158.810599666988, 1720.983037218071, 11.835996794983451]}