{"rotation": [0.3743605666019531, -0.00845172736353373, 2.2979030787001913e-05, -0.9272447001466233], "translation": [3154.9633341404387, 1717.3580243897075, 11.8389539238414]}