{"rotation": [0.40789703081011985, -0.0061300000657135735, -0.00411291088112614, -0.9129980938203356], "translation": [3153.0364125792585, 1715.4251443966032, 11.88453201917444]}