{"rotation": [0.4616428381263436, -0.006769019531679782, -0.004153019773484916, -0.8870303392827076], "translation": [3151.816020459354, 1713.9382271280601, 11.914458337917933]}