{"rotation": [0.3656741205073013, -0.006030565007448887, 0.007662919580177435, -0.9306918660547165], "translation": [3165.439915733033, 1727.1118435955973, 11.75865468332391]}