{"rotation": [0.3657650431774089, -0.005909459452882007, 0.007492465368380343, -0.9306583016559336], "translation": [3165.4373216077483, 1727.115019186202, 11.757270077237065]}