{"rotation": [0.36668516840746035, -0.0024790401604360885, 0.00343671340633237, -0.9303354398445961], "translation": [3158.454593125184, 1720.6573221199894, 11.83854046571089]}