{"rotation": [0.5764478243325344, -0.005776664433437365, -0.004595384423573444, -0.8171006170676355], "translation": [3150.46608329994, 1711.463064712627, 11.949355841841674]}