{"rotation": [0.36546150105707553, -0.009533387429900928, 0.006953630950932861, -0.9307516601037136], "translation": [3165.274022637455, 1726.933551554088, 11.763908018287069]}