{"rotation": [0.3655990006687259, -0.006284719641494829, 0.007938128038208305, -0.9307173895078493], "translation": [3165.443148330211, 1727.1078806387807, 11.763599832566648]}