{"rotation": [0.5962875411871038, -0.007228363143158637, -0.004475716722958129, -0.8027259102278463], "translation": [3150.3194502656515, 1711.0337595091598, 11.946079914399526]}