{"rotation": [0.3647731811159181, -0.0023115250451985554, 0.004096342929909918, -0.9310845306228321], "translation": [3161.021796914774, 1723.0152326159991, 11.816199723895133]}