{"rotation": [0.3659280472478242, -0.005823838343013585, 0.007374735806390936, -0.9305957019114878], "translation": [3165.4352777987583, 1727.1185932678356, 11.757966594075695]}