{"rotation": [0.36743000756096245, -0.0061361794078146365, 0.002124971964679768, -0.9300285056600015], "translation": [3158.002014215873, 1720.2389065249304, 11.814475565825614]}