{"rotation": [0.3654783558471071, -0.009178441164844425, 0.007200366896154915, -0.9307467337260119], "translation": [3165.3257855431266, 1726.9815345381132, 11.765061052640005]}