{"rotation": [0.3654463565585423, -0.009458213442803343, 0.006989149329569916, -0.9307581073878466], "translation": [3165.2331487932215, 1726.8955074663488, 11.758441131955703]}