{"rotation": [0.3660434405091012, -0.005624866312027685, 0.007222290742598802, -0.9305527384601376], "translation": [3165.4501680443573, 1727.110415138804, 11.768199607484103]}