{"rotation": [0.5497692612410565, -0.0046075763963052754, -0.004955360692720644, -0.8352891559421924], "translation": [3150.6926936132572, 1712.015853662447, 11.948222352111673]}