{"rotation": [0.3655989999708842, -0.006284721588828443, 0.00793813135690235, -0.9307173897405168], "translation": [3165.4431482899204, 1727.1078806917283, 11.763599863341947]}