{"rotation": [0.36535852228214066, -0.007147143257432235, 0.004643734268389635, -0.9308278596341608], "translation": [3162.485586035075, 1724.3590616174758, 11.791445272232533]}