{"rotation": [0.40789702099947145, -0.0061300008018769355, -0.004112910007174675, -0.9129980982023997], "translation": [3153.036412894061, 1715.4251447361046, 11.884532008797546]}