{"rotation": [0.36572925120551636, -0.00814513175985208, 0.005590118894714763, -0.9306688574417917], "translation": [3163.5092061278206, 1725.3021386120809, 11.774897371240849]}