{"rotation": [0.36547100404105043, -0.005950965303856281, 0.007586187244143718, -0.9307727869787963], "translation": [3165.4617349497635, 1727.1017587650822, 11.768072325801473]}