{"rotation": [0.36568276356498575, -0.006099042902399926, 0.007740038744312045, -0.9306873857033767], "translation": [3165.441883489955, 1727.1093118765466, 11.760177312141675]}