{"rotation": [0.411069658489659, -0.005946771561589935, -0.00440943126806007, -0.9115738745121438], "translation": [3152.937076134076, 1715.3168058939862, 11.888405463941279]}