{"rotation": [0.3656764621415008, -0.002131326392352561, 0.0038720471366927535, -0.930731534726559], "translation": [3159.4742423715466, 1721.5959137531609, 11.840024904365803]}