{"rotation": [0.3657292558035046, -0.008145142565692121, 0.005590155397188324, -0.9306688553210721], "translation": [3163.5092176660146, 1725.3021493319864, 11.77489723347496]}