{"rotation": [0.36567254821933254, -0.0061057938533538685, 0.007758108427095233, -0.9306912047042422], "translation": [3165.441393663343, 1727.1099084773641, 11.760337997787191]}