{"rotation": [0.3656189506827087, -0.009334714935784987, 0.006518565307133228, -0.9306949845707128], "translation": [3164.582479528285, 1726.2926478415143, 11.75604551585302]}