{"rotation": [0.368934759924363, -0.01101039108279036, -0.00042850484553474564, -0.9293899776688761], "translation": [3157.339344190304, 1719.6173570384155, 11.791310226495067]}