{"rotation": [0.36861970781631986, -0.010069088295139089, 0.00026826000131490395, -0.9295257137416304], "translation": [3157.472432529725, 1719.7418437417466, 11.796712200190367]}