{"rotation": [0.36550425997956887, -0.006342355169089903, 0.008075898702325359, -0.9307530232708604], "translation": [3165.445927179475, 1727.103741025078, 11.766973518099451]}