{"rotation": [0.3658177913271919, -0.008514262801775663, 0.0060993822291057495, -0.930627556229591], "translation": [3164.1726474460647, 1725.9141792694197, 11.763778619840506]}