{"rotation": [0.36852834210440455, -0.009266008571172586, 0.0006963979797725773, -0.9295700711516006], "translation": [3157.5071450116875, 1719.7728779568208, 11.798658468796386]}