{"rotation": [0.36716960183879455, -0.0034421371375280654, 0.0033935755291581403, -0.9301414509753855], "translation": [3158.1797142772584, 1720.4018672880882, 11.832325731958536]}