{"rotation": [0.36834758681054147, -0.006338126271791029, 0.0018562537211607845, -0.9296646910409883], "translation": [3157.5645605133686, 1719.827001730577, 11.804909744750393]}