{"rotation": [0.365520125410628, -0.005911649848311461, 0.007547146306414475, -0.9307540657437384], "translation": [3165.4614386898825, 1727.102196075558, 11.768194186006621]}