{"rotation": [0.36549354042864335, -0.009462672875944274, 0.006695510741981063, -0.9307416934159997], "translation": [3165.0786876504662, 1726.7520838679989, 11.759497351231078]}