{"rotation": [0.36711411065499494, -0.003547666203889563, 0.0033963863635021255, -0.9301629472206295], "translation": [3158.2245992712756, 1720.4429767818187, 11.827494122808682]}