{"rotation": [0.3654429090580052, -0.0074602043746162024, 0.00476233326999531, -0.9307916768814261], "translation": [3162.793086131172, 1724.6420891301716, 11.784222855288803]}