{"rotation": [0.36724326489265147, -0.0037293311343072695, 0.0032688556935702245, -0.930111708916048], "translation": [3158.151737421605, 1720.3776304076205, 11.83229792683273]}