{"rotation": [0.37194814884475386, -0.012149566713843174, -0.0003028647754936628, -0.9281739442973792], "translation": [3155.8171228188853, 1718.171611112463, 11.8091773309092]}