{"rotation": [0.5962880964178214, -0.007228388103225107, -0.0044757356336343574, -0.8027254974562462], "translation": [3150.3194464055277, 1711.0337474402484, 11.946079979225242]}