{"rotation": [0.36598482666798976, -0.005681533422617766, 0.007256663711857342, -0.930575181088848], "translation": [3165.45190434146, 1727.10864003615, 11.768180468726884]}