{"rotation": [0.3654653356287943, -0.009367619327208544, 0.00705797416872303, -0.9307510521952188], "translation": [3165.302515883182, 1726.9599483047596, 11.76436448818911]}