{"rotation": [0.3660724413414221, -0.005603522332909959, 0.007227752634036214, -0.9305414164988343], "translation": [3165.43732732273, 1727.1186220162315, 11.760655621523181]}