{"rotation": [0.3658351372236409, -0.005874344854712714, 0.007440227712188958, -0.9306313918285147], "translation": [3165.4352993492157, 1727.1179755704413, 11.757226537491784]}