{"rotation": [0.3683072721855622, -0.005407402402811858, 0.002213187135110467, -0.9296857614577031], "translation": [3157.5751696430516, 1719.8362741956794, 11.807551506922614]}