{"rotation": [0.36757906909011845, -0.007770189694242565, 0.0014240056684144311, -0.9299587218402835], "translation": [3157.8932246407408, 1720.135447091413, 11.807239023291142]}