{"rotation": [0.3682717051477063, -0.004784218272477609, 0.0026031769973948768, -0.9297022565922073], "translation": [3157.5911105872638, 1719.8513839930893, 11.816582053502245]}