{"rotation": [0.36598129526048506, -0.0057708925613845115, 0.007321752739821354, -0.9305755102383253], "translation": [3165.4353132197225, 1727.118530004414, 11.75866671777342]}