{"rotation": [0.49995963532087534, -0.004977684670071201, -0.004887232456023324, -0.8660206121473458], "translation": [3151.2433908987696, 1713.0701645762438, 11.929083317677346]}