{"rotation": [0.3682837970217168, -0.00541002560916745, 0.002204870005115672, -0.9296950656115346], "translation": [3157.5810221158163, 1719.8407916756478, 11.809332514701959]}