{"rotation": [0.3684558329165894, -0.008730475869141094, 0.0009018327957294171, -0.9296038213553391], "translation": [3157.5168681610467, 1719.7843461009134, 11.795350852817593]}