{"rotation": [0.3679577251676732, -0.002929255837371777, 0.003396566551375905, -0.9298317026673872], "translation": [3157.714633557788, 1719.9697289148708, 11.821673461826453]}