{"rotation": [0.366053956720062, -0.0056701314217394525, 0.007284629489446828, -0.9305478410874148], "translation": [3165.4370918440372, 1727.118255097569, 11.76007340483697]}