{"rotation": [0.3660874855014993, -0.005534185859223258, 0.00714904860162952, -0.9305365209652745], "translation": [3165.443627115382, 1727.1140118917738, 11.765324385063924]}