{"rotation": [0.3649667793491341, -0.0025294841555850755, 0.004521129996844459, -0.9310061283713329], "translation": [3160.283581145159, 1722.3381264455693, 11.828709879051093]}