{"rotation": [0.4667762191803925, -0.006503028404250276, -0.004280308754929738, -0.8843411959115068], "translation": [3151.7290932224173, 1713.817288467821, 11.916542869124463]}