{"rotation": [0.36545918664206606, -0.006908357722526891, 0.008018688388740135, -0.9307671879310215], "translation": [3165.4446084714223, 1727.0967871808732, 11.768316902249426]}