{"rotation": [0.3658074483104205, -0.008386017718034808, 0.005902502245108512, -0.9306340558644405], "translation": [3163.6407418896715, 1725.4233642924867, 11.773548236286942]}