{"rotation": [0.36563985441499447, -0.006178245242602637, 0.007816203493488168, -0.9307030853672144], "translation": [3165.441641204107, 1727.109575053102, 11.762012062913481]}