{"rotation": [0.3697686717175233, -0.011226615077084178, -0.00034262486870336904, -0.9290559590995414], "translation": [3157.013963633508, 1719.3092835983089, 11.793994060866204]}