{"rotation": [0.3653188217263916, -0.0069286323817898225, 0.004657485380173587, -0.9308450248971053], "translation": [3162.324107032276, 1724.2104322904474, 11.79260950819554]}