{"rotation": [0.36833154874977414, -0.003369388630098327, 0.0032691189176444935, -0.9296826503045835], "translation": [3157.5921385349975, 1719.8523037075747, 11.823995000524896]}