{"rotation": [0.5697870480210423, -0.005264388694865787, -0.004749222069274371, -0.8217617970001238], "translation": [3150.5197515845184, 1711.601977922819, 11.94850141814119]}