{"rotation": [0.36533208054424604, -0.0019721095776316544, 0.004079674190583501, -0.9308662298996162], "translation": [3159.763367663782, 1721.8602947261784, 11.835480528224437]}