{"rotation": [0.36547324530923675, -0.009294020694922066, 0.007125091576544027, -0.9307481728225325], "translation": [3165.314409055988, 1726.9711873602032, 11.76430852850002]}