{"rotation": [0.3657650434124236, -0.005909459087670171, 0.0074924646813024545, -0.9306583015714192], "translation": [3165.4373215619034, 1727.1150192371267, 11.757270073688206]}