{"rotation": [0.3656260314457601, -0.006115737994220614, 0.00781781358790109, -0.9307089151118705], "translation": [3165.4417586960553, 1727.1097583887986, 11.761602681403252]}