{"rotation": [0.36567254708416375, -0.006105795345884279, 0.0077581090352143705, -0.9306912051353939], "translation": [3165.441393629561, 1727.109908514121, 11.760338006044378]}