{"rotation": [0.3654553261320234, -0.009405241882205756, 0.006881043277669287, -0.9307559278727611], "translation": [3165.1260864001106, 1726.7958492044977, 11.757061440527938]}