{"rotation": [0.36831212040553746, -0.0030955397134933968, 0.003366891249134008, -0.9296909506064774], "translation": [3157.584118280384, 1719.8454264214845, 11.819727912490125]}