{"rotation": [0.3654668068310566, -0.006367743732192171, 0.008138005652105904, -0.930767015857609], "translation": [3165.4467007005296, 1727.1027794400027, 11.768301257041157]}