{"rotation": [0.36578000201739774, -0.005781263488234749, 0.007424507670617, -0.930653772249638], "translation": [3165.4582578244776, 1727.1056581853709, 11.769349602928907]}