{"rotation": [0.3784322250397368, -0.007772542721894803, -0.0007933597917926171, -0.9255960291678822], "translation": [3154.4598338248597, 1716.8747235091857, 11.851597167195472]}