{"rotation": [0.365754709900832, -0.005927910710475804, 0.007524654486392771, -0.9306619857041692], "translation": [3165.4360746089665, 1727.1169124834446, 11.757258290219847]}