{"rotation": [0.3683315466198679, -0.003369364325734328, 0.0032691311218278614, -0.929682651193602], "translation": [3157.5921383810814, 1719.8523034905566, 11.823995062426102]}