{"rotation": [0.3671357241055014, -0.0033385382501528184, 0.003443357161263525, -0.9301550180154604], "translation": [3158.1935627720854, 1720.4156751299, 11.828385907481715]}