{"rotation": [0.3656844024329051, -0.008723304965270877, 0.006300949234089178, -0.9306766999374817], "translation": [3164.32595863825, 1726.0551930007719, 11.758251978734076]}