{"rotation": [0.3654227586858593, -0.005879010086212831, 0.00852461098300169, -0.9307840650131538], "translation": [3165.3889837151173, 1727.0409135616644, 11.78048403689449]}