{"rotation": [0.365567412651023, -0.006292608796780944, 0.00795966908578699, -0.9307295598347634], "translation": [3165.4442414580553, 1727.106186417242, 11.764994518773873]}