{"rotation": [0.3660874835905608, -0.0055341870375821, 0.007149049479416427, -0.9305365217033155], "translation": [3165.4436272092876, 1727.1140117939417, 11.765324388650782]}