{"rotation": [0.3654515698475898, -0.006404733485958671, 0.008186929040430408, -0.9307723157022845], "translation": [3165.448221758677, 1727.100866822426, 11.769074355980464]}