{"rotation": [0.36631738973462374, -0.002746762810376278, 0.003764366610305542, -0.9304782935759967], "translation": [3158.697163653146, 1720.8798648607287, 11.836175182346281]}