{"rotation": [0.5118476700677659, -0.004772022959924955, -0.004749949814053006, -0.8590498404748316], "translation": [3151.094714630035, 1712.8131099786788, 11.934796107832163]}