{"rotation": [0.3654653348744378, -0.009367608211649357, 0.007057976447793586, -0.9307510525860127], "translation": [3165.3025166814946, 1726.9599490480134, 11.764364503330736]}