{"rotation": [0.3670052793132025, -0.003589838904679708, 0.0032629976953023206, -0.9302062087832553], "translation": [3158.2909064660507, 1720.5038133486455, 11.832206049225386]}