{"rotation": [0.3895109116714119, -0.007329181560719264, -0.001301845616428644, -0.9209917686844691], "translation": [3153.7450280029716, 1716.1677860824086, 11.870469460212666]}