{"rotation": [0.37095689815076227, -0.011757947268665294, -0.0003011669638994936, -0.9285755971857392], "translation": [3156.4626718900226, 1718.7857766792074, 11.798618489057935]}