{"rotation": [0.36561551834609524, -0.006268907594518998, 0.007917993463976659, -0.9307111791106798], "translation": [3165.44249074232, 1727.108603890042, 11.76320891528505]}