{"rotation": [0.3647731787458678, -0.002311523300983974, 0.004096346423344246, -0.931084531540313], "translation": [3161.0217918468884, 1723.0152279762094, 11.81619976674754]}