{"rotation": [0.36477429254682164, -0.002535500755845342, 0.00401600697169664, -0.9310838621847585], "translation": [3161.106817415411, 1723.092993958752, 11.819010674500236]}