{"rotation": [0.3716948044064938, -0.012323090174250161, -0.0003616777579524287, -0.9282731187613777], "translation": [3155.9926328751912, 1718.3380599690229, 11.80591000797889]}