{"rotation": [0.3677568578394567, -0.006258830572367668, 0.0020698835662957583, -0.9298986160512006], "translation": [3157.773585191133, 1720.0247243145366, 11.812607466559207]}