{"rotation": [0.365466116488032, -0.008306758799620955, 0.007423046341706792, -0.9307579781234271], "translation": [3165.422812603994, 1727.07524300991, 11.765445631572309]}