{"rotation": [0.36591936987210194, -0.0024690963724010055, 0.003562846799461342, -0.9306364620184356], "translation": [3159.1173461743006, 1721.2670055724236, 11.842208025792024]}