{"rotation": [0.3654322515887311, -0.009417723215459821, 0.006909719025643463, -0.9307646489694449], "translation": [3165.149776815658, 1726.817840310189, 11.757050277937411]}