{"rotation": [0.39408277603124103, -0.007031599489591438, -0.0017592718362411332, -0.919046368366001], "translation": [3153.5427233146024, 1715.9613931227068, 11.87620507307017]}