{"rotation": [0.3656258207913228, -0.0061561439068347715, 0.007818670074462734, -0.9307087242854967], "translation": [3165.4422847128176, 1727.1093559243627, 11.761993757157393]}