{"rotation": [0.3655191904522116, -0.006317713053657477, 0.008050530580587753, -0.9307475473350991], "translation": [3165.445059165214, 1727.1050653967402, 11.766142610107202]}