{"rotation": [0.3743606104490517, -0.008451705841287927, 2.296755004895783e-05, -0.9272446826404978], "translation": [3154.96332659048, 1717.3580172275822, 11.838954060328811]}