{"rotation": [0.36579575587578067, -0.005893661188829233, 0.007480315990210679, -0.9306464283570556], "translation": [3165.4356779001027, 1727.116978261023, 11.756976132623846]}