{"rotation": [0.3653733157328779, -0.007211385422199266, 0.0046848601574920766, -0.9308213513644602], "translation": [3162.5621714111358, 1724.4298416216698, 11.788467985159832]}