{"rotation": [0.36557917688111774, -0.006304220712573732, 0.007948951901849275, -0.9307249520646762], "translation": [3165.4430857743446, 1727.1075855952104, 11.764185291235366]}