{"rotation": [0.3655023823523334, -0.009265907666494417, 0.00649693667906824, -0.9307416082155525], "translation": [3164.8281212160664, 1726.5199962070826, 11.755838551415993]}