{"rotation": [0.36831876853483975, -0.0031399119028156825, 0.0033559108901530183, -0.9296882077128434], "translation": [3157.587642068671, 1719.85081602713, 11.81922611239583]}