{"rotation": [0.3655890439204271, -0.00628634255786284, 0.007949125550281625, -0.9307211957753939], "translation": [3165.4433178428403, 1727.107401702701, 11.764017394562911]}