{"rotation": [0.3654589993746267, -0.006381198200778074, 0.008141727204440993, -0.9307699567367586], "translation": [3165.447400533185, 1727.1020824716827, 11.76859283336406]}