{"rotation": [0.3691346576819352, -0.011108350874379341, -0.0005230840816814273, -0.9293093862766779], "translation": [3157.2712252866613, 1719.5532361405797, 11.791265080052483]}