{"rotation": [0.36548394211316115, -0.006366904508534476, 0.008121067369233325, -0.9307604411711894], "translation": [3165.445862052028, 1727.1038659167948, 11.767472358504188]}