{"rotation": [0.4720973703393893, -0.006270166151040201, -0.004320709129814285, -0.8815135219653113], "translation": [3151.6459051729666, 1713.69626372149, 11.91665856931461]}