{"rotation": [0.3655916757392358, -0.00628662573738453, 0.007948796604809495, -0.930720162884393], "translation": [3165.443563871564, 1727.1070917103073, 11.763794501829478]}