{"rotation": [0.368131935966418, -0.0016336373681345728, 0.0040969153453080664, -0.929763101136639], "translation": [3157.6468202357864, 1719.9047475795446, 11.829719749929042]}