{"rotation": [0.36591688916890325, -0.005691173075633446, 0.007346658509734363, -0.9306011322681255], "translation": [3165.4551209531664, 1727.1081848579258, 11.769931832055391]}