{"rotation": [0.3650089322001122, -0.002284426682768898, 0.004366397021182872, -0.9309909749218401], "translation": [3160.15110531786, 1722.2166015455248, 11.835344272166727]}