{"rotation": [0.3682979565891656, -0.0029704366855917343, 0.003468438967630756, -0.9296965965352728], "translation": [3157.5972254449007, 1719.8581123932486, 11.820732700602324]}