{"rotation": [0.36548470365958474, -0.006356620845724448, 0.00812745191331314, -0.9307601566932729], "translation": [3165.4467648533746, 1727.1027089541822, 11.76793009313024]}