{"rotation": [0.3653585225913646, -0.007147152807455703, 0.004643731450067675, -0.93082785945352], "translation": [3162.4855943141847, 1724.359069220444, 11.79144521596814]}