{"rotation": [0.3656844016919458, -0.008723307351409833, 0.00630094899911939, -0.9306767002078472], "translation": [3164.325959526431, 1726.0551938223227, 11.75825195315526]}