{"rotation": [0.3654783546807624, -0.009178429795737714, 0.007200379461848135, -0.9307467341989082], "translation": [3165.32578734045, 1726.98153618991, 11.765061108924638]}