{"rotation": [0.36576504219034695, -0.005909460986771717, 0.00749246825410748, -0.9306583020108942], "translation": [3165.437321800296, 1727.1150189723187, 11.75727009214228]}