{"rotation": [0.368108402308805, -0.0013285402301929363, 0.0040994901174331135, -0.9297728934053159], "translation": [3157.663848683443, 1719.9220124528454, 11.824062143321417]}