{"rotation": [0.3656365039048731, -0.006107437195111484, 0.007803582790790138, -0.9307049749081374], "translation": [3165.441941473447, 1727.1094718139905, 11.76140471302913]}