{"rotation": [0.36563650431711925, -0.0061074363101741, 0.0078035825130691305, -0.9307049747543182], "translation": [3165.4419414945846, 1727.1094717882645, 11.761404704252868]}