{"rotation": [0.3658777768943032, -0.005867856951723839, 0.00742080867738561, -0.9306148248487396], "translation": [3165.4344364964927, 1727.1189538887725, 11.757238213235405]}