{"rotation": [0.3654710027966956, -0.005950965661064108, 0.0075861881982020605, -0.9307727874573365], "translation": [3165.461734954341, 1727.1017587606932, 11.768072325319396]}