{"rotation": [0.43783158412960194, -0.006395320834704172, -0.004032658363060678, -0.899025217375192], "translation": [3152.2644963507837, 1714.529445025891, 11.908092177951467]}