{"rotation": [0.3666477055451568, -0.0026066309061470983, 0.0035358827013237284, -0.9303494843483892], "translation": [3158.5089332003777, 1720.7060037941349, 11.837489652470678]}