{"rotation": [0.36564032480568365, -0.009251115284881975, 0.006434530159864125, -0.9306880071020588], "translation": [3164.4744759760097, 1726.1929041917024, 11.75690355610133]}