{"rotation": [0.36488058656347216, -0.0025823501177180096, 0.0043318071973204334, -0.9310406674594678], "translation": [3160.423809279088, 1722.4664590596299, 11.82544273444659]}