{"rotation": [0.3656812263996995, -0.005836037235820619, 0.007463840411307437, -0.930691932066948], "translation": [3165.459844969301, 1727.1042053402932, 11.76879836272182]}