{"rotation": [0.36562203058290094, -0.009341317526057024, 0.006511507885323114, -0.9306937577981133], "translation": [3164.566979327406, 1726.2782825608028, 11.756175998487025]}