{"rotation": [0.369860063677546, -0.011172201412662605, -0.00020364709355808695, -0.9290202762802854], "translation": [3156.9596639359447, 1719.2585372301123, 11.792121766797298]}