{"rotation": [0.4667847779612278, -0.006502618164461887, -0.004280356690051857, -0.8843366811160217], "translation": [3151.728950629202, 1713.8170889767075, 11.916546347333016]}