{"rotation": [0.3654670870227523, -0.006368652150605336, 0.008135185499438856, -0.9307669242779195], "translation": [3165.4467541080203, 1727.1028203481817, 11.768414491291711]}