{"rotation": [0.3658268501346142, -0.008606290051086127, 0.006050593921929558, -0.9306234672547942], "translation": [3163.765690259052, 1725.537797027643, 11.770283824265139]}