{"rotation": [0.3658579397797747, -0.00848996014327727, 0.006118823870366115, -0.9306118677898471], "translation": [3164.1140216918557, 1725.8599340770822, 11.761878452422799]}