{"rotation": [0.365828236830111, -0.002364722867225656, 0.0036062412924213216, -0.9306723936204804], "translation": [3159.2146923445544, 1721.3554865676472, 11.840448936510164]}