{"rotation": [0.4252608606060972, -0.005852902098582584, -0.004799579739171043, -0.9050391748470965], "translation": [3152.547675970145, 1714.8730253861327, 11.901170345163887]}