{"rotation": [0.3647542453739364, -0.0023713612453725077, 0.004133272617234271, -0.9310916352244852], "translation": [3160.948191360234, 1722.9478266020635, 11.819316754261424]}