{"rotation": [0.3656126605495021, -0.009313137501529439, 0.006551786385852967, -0.930697438489516], "translation": [3164.6109001390287, 1726.3190632470034, 11.755737183517297]}