{"rotation": [0.3653188166998193, -0.006928604498518674, 0.004657472486147922, -0.930845027141891], "translation": [3162.3240810308844, 1724.2104082969497, 11.792610232521833]}