{"rotation": [0.3659761391000029, -0.0057515501857496555, 0.007317444157363491, -0.9305776917006554], "translation": [3165.438384114555, 1727.1156051408766, 11.758961689090096]}