{"rotation": [0.383830682913699, -0.007641879882094953, -0.0010844144109387857, -0.9233712322631978], "translation": [3154.0605478161165, 1716.4841646517086, 11.861266991333318]}