{"rotation": [0.40789701798081035, -0.00613000102838874, -0.004112909738266529, -0.9129980995507271], "translation": [3153.036412990922, 1715.4251448405664, 11.884532005604653]}