{"rotation": [0.3654681172940049, -0.008579388684246231, 0.007379690221458191, -0.9307550641837065], "translation": [3165.367811881685, 1727.020665072667, 11.773086504189601]}