{"rotation": [0.36549812632062995, -0.008047994333201485, 0.007529097960456323, -0.9307468303073739], "translation": [3165.3956236552294, 1727.0499434053934, 11.75611165636384]}