{"rotation": [0.36607244085857454, -0.0056035235971119, 0.007227754483111878, -0.9305414166668101], "translation": [3165.4373273580463, 1727.1186219749623, 11.76065560410869]}