{"rotation": [0.36735868909631886, -0.004487495549229592, 0.0028645620333645912, -0.930064110808221], "translation": [3158.0900698879614, 1720.3203769102292, 11.821850294695304]}