{"rotation": [0.36542030642591306, -0.007327538406232161, 0.004766067864429902, -0.9308015854249544], "translation": [3162.713738078297, 1724.5689105178674, 11.783749618503588]}