{"rotation": [0.36547777819619476, -0.009385828628573912, 0.006824901235591488, -0.9307477212375288], "translation": [3165.100633125351, 1726.7721223642768, 11.756666375092816]}