{"rotation": [0.36530850064007525, -0.006864855395811469, 0.004563523438924197, -0.930850013361077], "translation": [3162.246417020247, 1724.138674136831, 11.796059313172387]}