{"rotation": [0.3678903248484758, -0.003940861555333688, 0.002943248808589004, -0.9298561801588112], "translation": [3157.733136181454, 1719.9858838368355, 11.819002993470678]}