{"rotation": [0.36543596537376727, -0.0053104976867421345, 0.00882395097674232, -0.9307795075713807], "translation": [3165.3879825590316, 1727.0401475686226, 11.781254079711292]}