{"rotation": [0.5764351524307298, -0.005775519735634739, -0.004595693090867376, -0.8171095630446134], "translation": [3150.466184064673, 1711.4633310572456, 11.949355739988736]}