{"rotation": [0.3764384840944364, -0.007933432830221486, -0.0004941880471893368, -0.9264075151435167], "translation": [3154.6635787680734, 1717.07100810164, 11.84747664623621]}