{"rotation": [0.3654451483294552, -0.007569827756182234, 0.0076785523939229775, -0.9307704234145701], "translation": [3165.383825975363, 1727.0357746313, 11.775035139797936]}