{"rotation": [0.36582891513105603, -0.008597266166282464, 0.006114962102172948, -0.9306223181865937], "translation": [3163.822133405724, 1725.590191697097, 11.765519475573662]}