{"rotation": [0.36824724004586, -0.0027567026954690072, 0.003579337578069788, -0.9297169241932502], "translation": [3157.603561784991, 1719.8662276888235, 11.820905156227562]}