{"rotation": [0.3647494052443861, -0.002414434664342093, 0.004244621842663608, -0.9310929196726453], "translation": [3160.8692130772656, 1722.875393251831, 11.819502591751156]}