{"rotation": [0.3656866938306925, -0.006064956343389746, 0.007683325373199798, -0.9306865341085255], "translation": [3165.440688521393, 1727.1105322553983, 11.759398811274831]}