{"rotation": [0.36564204925418026, -0.006105365817874993, 0.007767187463479701, -0.9307031143841417], "translation": [3165.4416616422345, 1727.1097089647099, 11.760884000239992]}