{"rotation": [0.36540812898046, -0.007295276635856494, 0.004699915112985038, -0.9308069558247493], "translation": [3162.640243505584, 1724.5020457739117, 11.78701822161124]}