{"rotation": [0.36833154764148, -0.003369375983350781, 0.003269125268077119, -0.9296826507671835], "translation": [3157.592138454909, 1719.85230359465, 11.823995032735116]}