{"rotation": [0.5563721773350728, -0.004774146953881772, -0.004893196927614109, -0.8309050874992405], "translation": [3150.6326019695457, 1711.8795351267136, 11.949801216723568]}