{"rotation": [0.3653085013718304, -0.0068648443401124444, 0.004563512994967688, -0.9308500132066381], "translation": [3162.246411558992, 1724.1386691232788, 11.796059353520908]}