{"rotation": [0.36546611265930407, -0.008306786152660476, 0.007423037867964933, -0.9307579794502552], "translation": [3165.422810498986, 1727.075241048261, 11.765444632851779]}