{"rotation": [0.3656366258749228, -0.005881131175019534, 0.00749107627962811, -0.930708952299846], "translation": [3165.4603662983595, 1727.1035394664832, 11.768522714834962]}