{"rotation": [0.36562977670376495, -0.009157247706018683, 0.00637279664715287, -0.9306935041488684], "translation": [3164.429302553823, 1726.1507936028936, 11.759449215092358]}