{"rotation": [0.36573950432451185, -0.005929372089286462, 0.007544210737077973, -0.9306677937951016], "translation": [3165.438301705273, 1727.1143249094894, 11.757536887662722]}