{"rotation": [0.589723281386912, -0.006859790300983213, -0.004385494431244084, -0.8075643392980358], "translation": [3150.3665428360223, 1711.17888135492, 11.946539816738724]}