{"rotation": [0.36582696654154384, -0.008606772320635968, 0.006050518587036131, -0.9306234175250808], "translation": [3163.765979734607, 1725.5380644748163, 11.770279740116777]}