{"rotation": [0.5058729392911204, -0.004846020672607753, -0.00483352666444298, -0.8625808497738559], "translation": [3151.1686818543285, 1712.9411793774655, 11.930043849831062]}