{"rotation": [0.5367142206595968, -0.0041915584762034375, -0.005491964759965295, -0.8437358084746536], "translation": [3150.8179991918028, 1712.2848195646736, 11.945690163797416]}