{"rotation": [0.3657292526588666, -0.008145135175404319, 0.005590130432559554, -0.9306688567714665], "translation": [3163.5092097748575, 1725.3021420004707, 11.77489732769524]}