{"rotation": [0.3656126603880251, -0.009313137763648055, 0.006551786443715917, -0.9306974385499199], "translation": [3164.6108989014733, 1726.3190620978553, 11.755737186167902]}