{"rotation": [0.3656393585314025, -0.006111878239218148, 0.0077915601421968, -0.9307039250092826], "translation": [3165.4423107339, 1727.108875639177, 11.76114911923131]}