{"rotation": [0.36670188920901825, -0.002454622750274169, 0.0034237866195141087, -0.9303289616919785], "translation": [3158.4010873168627, 1720.6072556007941, 11.83441601677109]}