{"rotation": [0.3654471379923836, -0.007802450768241199, 0.007621947029246255, -0.9307681865097606], "translation": [3165.381409705985, 1727.033473701631, 11.774909069557404]}