{"rotation": [0.3651060599520784, -0.005105999212936242, 0.004152909657824924, -0.9309426658498797], "translation": [3161.6733676650606, 1723.6119957950532, 11.80749130264678]}