{"rotation": [0.38098532978533456, -0.00767772431845336, -0.0009805250065969802, -0.9245486842824239], "translation": [3154.256834255603, 1716.6770083427166, 11.857125856172905]}