{"rotation": [0.37309792245907897, -0.009701280568271395, 0.0004097839584266543, -0.9277411586693576], "translation": [3155.2655972664834, 1717.6458702074278, 11.827373172216706]}