{"rotation": [0.3656371049244879, -0.0077972690180306585, 0.005271252374050537, -0.9307099032441357], "translation": [3163.158832177659, 1724.9790714900967, 11.77671862363482]}