{"rotation": [0.37965179816580835, -0.007713786936891436, -0.0008812393021207016, -0.9250968776608497], "translation": [3154.357807580409, 1716.7758720941301, 11.854432221088151]}