{"rotation": [0.36585270992926416, -0.008715827235524191, 0.006214634054980707, -0.9306112009408531], "translation": [3164.003524603553, 1725.7581634107955, 11.76528545723673]}