{"rotation": [0.36876402540385983, -0.010761494609476277, -0.00021852279282062907, -0.9294607232419779], "translation": [3157.395843605341, 1719.6708022473726, 11.789783430170628]}