{"rotation": [0.3656393584338898, -0.0061118793265893135, 0.00779156026566092, -0.9307039250394173], "translation": [3165.44231075648, 1727.1088756043353, 11.761149103504799]}