{"rotation": [0.3655438322905497, -0.0063135297484264805, 0.008019293311421838, -0.9307381677739661], "translation": [3165.4440555474293, 1727.1065124337124, 11.765490585955325]}