{"rotation": [0.3683198864392441, -0.003141433004489203, 0.003346203176347208, -0.9296877946796781], "translation": [3157.5869215570656, 1719.8502978962285, 11.819123787932126]}