{"rotation": [0.3665466241563827, -0.002718894861198772, 0.0036515692178851517, -0.9303885457014935], "translation": [3158.568078158402, 1720.7612274483795, 11.838557563539604]}