{"rotation": [0.3694543998042259, -0.011199430199278588, -0.0005460759985336027, -0.9291812100066997], "translation": [3157.1534730173985, 1719.4416665107874, 11.792823593216594]}