{"rotation": [0.3654371179004386, -0.0052324589225852475, 0.008817350673060347, -0.9307795595958007], "translation": [3165.393410507687, 1727.0455124112516, 11.784170163957087]}