{"rotation": [0.3655966245341559, -0.006294048400942073, 0.007946017127709055, -0.9307181925243345], "translation": [3165.4429176358003, 1727.1081826144543, 11.763806230672781]}