{"rotation": [0.3654579622447603, -0.006395141512162235, 0.00816355304231671, -0.9307700770859967], "translation": [3165.4478381845415, 1727.1014332091042, 11.768627031585932]}