{"rotation": [0.3656866939452622, -0.006064956333293012, 0.00768332520465378, -0.9306865340649659], "translation": [3165.4406885156964, 1727.1105322619815, 11.759398810020533]}