{"rotation": [0.36564204985043297, -0.006105366120616087, 0.007767186909571675, -0.9307031141525307], "translation": [3165.4416616312346, 1727.109708976799, 11.760884002936338]}