{"rotation": [0.3713040050173788, -0.012200709777617563, -0.0005052175813964504, -0.9284310546799758], "translation": [3156.237354154985, 1718.570940277133, 11.80080665397502]}