{"rotation": [0.3657292528582199, -0.008145135643909271, 0.005590132015184281, -0.9306688566795192], "translation": [3163.5092102751137, 1725.3021424652495, 11.774897321722193]}