{"rotation": [0.41786073393666323, -0.005767627010367221, -0.00483844332918907, -0.9084799012519389], "translation": [3152.7404715235093, 1715.0959403149861, 11.89287836313954]}