{"rotation": [0.3660249933963437, -0.0057212855311859585, 0.007321676344909813, -0.9305586301553372], "translation": [3165.4377424384106, 1727.1171671513096, 11.759289053758792]}