{"rotation": [0.3681850579348764, -0.0022352087832571894, 0.003873729455112067, -0.9297417712329029], "translation": [3157.6248843424846, 1719.8843179952987, 11.826682174189054]}