{"rotation": [0.36545477970420853, -0.006391217128001787, 0.008149111943836084, -0.9307714801762558], "translation": [3165.447405292379, 1727.1020407269368, 11.76878097760121]}