{"rotation": [0.3656908646803516, -0.008028335748262271, 0.005421247469667669, -0.9306859552987369], "translation": [3163.3710893356056, 1725.1744464465185, 11.774993631750588]}