{"rotation": [0.36547584967965047, -0.007293159471755373, 0.007834145372498063, -0.9307592810668823], "translation": [3165.3848019560182, 1727.0391704231092, 11.759543782811596]}