{"rotation": [0.3682980913870819, -0.005320556451977429, 0.0022409399448999347, -0.9296898330883463], "translation": [3157.577345859848, 1719.8388579817552, 11.807718121444605]}