{"rotation": [0.36499598789062604, -0.004384492428511648, 0.00411090564511584, -0.93098969140623], "translation": [3161.5295335763794, 1723.479790246684, 11.809867321557741]}