{"rotation": [0.36735907865879686, -0.004489541636346549, 0.002863401997767107, -0.9300639506355757], "translation": [3158.0899591536872, 1720.3202807717776, 11.821841502944617]}