{"rotation": [0.3654815153222997, -0.006348179749877254, 0.008120099212418986, -0.9307615304471707], "translation": [3165.4464136046345, 1727.1032184350638, 11.767499366919994]}