{"rotation": [0.3687677503317905, -0.010778759733488635, -0.00021847790591060414, -0.9294590453168137], "translation": [3157.401775648844, 1719.6762677627148, 11.791330228780929]}