{"rotation": [0.37313139036950393, -0.009647689572825312, 0.00039857700531389906, -0.9277282623393545], "translation": [3155.255290480348, 1717.6360567961233, 11.827619487429018]}