{"rotation": [0.3656741196823229, -0.006030562081775594, 0.007662918025071827, -0.9306918664106166], "translation": [3165.4399158353017, 1727.111843493259, 11.758654678204355]}