{"rotation": [0.37012554532763736, -0.011188594280853266, -7.346969323021323e-05, -0.9289143613144011], "translation": [3156.8503103535604, 1719.1538552931736, 11.79446647394789]}