{"rotation": [0.3654378565835065, -0.006463642098177059, 0.008179057491407387, -0.9307773618460171], "translation": [3165.447918322241, 1727.1005479609978, 11.769311620680648]}