{"rotation": [0.3656366248767546, -0.00588113092177924, 0.007491075893724391, -0.9307089526966907], "translation": [3165.4603663121493, 1727.103539451413, 11.768522711295814]}