{"rotation": [0.3654597443339729, -0.006720086007423455, 0.008090137914714047, -0.9307677290193944], "translation": [3165.4461404860963, 1727.0983023629708, 11.768611622808882]}