{"rotation": [0.36571112430922026, -0.005967230713173324, 0.007638611119147851, -0.9306779342684945], "translation": [3165.439756951793, 1727.1120757385615, 11.758298119191966]}