{"rotation": [0.36818505659912354, -0.002235195863177753, 0.0038737342701924424, -0.9297417717728711], "translation": [3157.624884676089, 1719.8843182652677, 11.82668222307787]}