{"rotation": [0.36571927208811356, -0.005918786011405328, 0.007589403435233653, -0.9306754444762088], "translation": [3165.4391649487306, 1727.113341327858, 11.758157391589885]}