{"rotation": [0.36544611658398973, -0.006389293076566789, 0.008173896700928749, -0.9307746774705387], "translation": [3165.447902906104, 1727.10142435716, 11.768907264993477]}