{"rotation": [0.36593446997072526, -0.005814332735336423, 0.007347612341200354, -0.9305934503396049], "translation": [3165.43661993444, 1727.117165537116, 11.758090437404274]}