{"rotation": [0.3667189028337634, -0.0025707291901571725, 0.0034238328285330615, -0.9303219416011824], "translation": [3158.3828529895695, 1720.5909485558327, 11.834607621521846]}