{"rotation": [0.3660952134819638, -0.002708195286290439, 0.0036341634212332537, -0.930566361524053], "translation": [3158.89078849896, 1721.0577902056011, 11.836773702794]}