{"rotation": [0.36582891490779135, -0.008597268666998432, 0.006114963089028411, -0.9306223182447728], "translation": [3163.822134874483, 1725.5901930567684, 11.765519467619445]}