{"rotation": [0.3658269851235735, -0.008727458422457679, 0.006246973813438031, -0.9306209882347675], "translation": [3163.9429708631587, 1725.701745449779, 11.764423512034938]}