{"rotation": [0.3654768691679592, -0.007383230300394565, 0.007806444213527336, -0.9307584033691336], "translation": [3165.441984392802, 1727.093636238479, 11.768510634539746]}