{"rotation": [0.37286348558604304, -0.010196204959272783, 0.000393349512886667, -0.9278301050285099], "translation": [3155.353706869639, 1717.7298058790605, 11.825901419680092]}