{"rotation": [0.3658728216591454, -0.0023328884769765745, 0.0036258354448156344, -0.93065487121696], "translation": [3159.1607723547945, 1721.306396090196, 11.838152087561907]}