{"rotation": [0.3694544000024919, -0.0111994303371793, -0.0005460760808247714, -0.9291812099261562], "translation": [3157.1534729213627, 1719.4416664213034, 11.792823590690267]}