{"rotation": [0.36832961079469206, -0.00562040331417195, 0.0021190125128597854, -0.9296758675282408], "translation": [3157.5714739938057, 1719.8336108809935, 11.80589263788983]}