{"rotation": [0.3647494040820201, -0.0024144420869488116, 0.00424462870632711, -0.9310929200774568], "translation": [3160.8692068854366, 1722.8753875727402, 11.819502583961134]}