{"rotation": [0.36606292403567964, -0.0026096037784350073, 0.003664169034638464, -0.930579227943464], "translation": [3158.930608305017, 1721.0940167045733, 11.834738021506254]}