{"rotation": [0.36759686232613237, -0.008036421214003142, 0.001336580124776096, -0.9299495557801098], "translation": [3157.868157807695, 1720.1128199321672, 11.806317115323603]}