{"rotation": [0.3654371209596452, -0.005232483868302472, 0.008817338733154741, -0.930779558367586], "translation": [3165.3934106050733, 1727.0455125316528, 11.784170124907543]}