{"rotation": [0.368247237706688, -0.002756691635374511, 0.0035793415616171198, -0.9297169251372198], "translation": [3157.603562088276, 1719.8662279881114, 11.82090520630948]}