{"rotation": [0.36830727281810866, -0.005407406094302822, 0.0022131854936622564, -0.9296857611895479], "translation": [3157.5751695807535, 1719.8362741525752, 11.807551477312954]}