{"rotation": [0.3654494699240658, -0.006399262200721143, 0.00818319382799582, -0.9307732106771656], "translation": [3165.447879114747, 1727.1013482707126, 11.769097002428667]}