{"rotation": [0.3647909765882529, -0.002701056610896786, 0.004237097458272486, -0.9310758802042413], "translation": [3160.573539728119, 1722.603425368073, 11.827092399034607]}