{"rotation": [0.3654131188524374, -0.005768523882787293, 0.008586216950163273, -0.9307879745577039], "translation": [3165.3888169210995, 1727.040732879141, 11.780655412752656]}