{"rotation": [0.36551080049605145, -0.006346857321416253, 0.008080220419017821, -0.9307503866025828], "translation": [3165.445187037835, 1727.1046143592473, 11.766972204587379]}