{"rotation": [0.6161579999961365, -0.007539381697704914, -0.004965012717872974, -0.7875708383460428], "translation": [3150.1949707752524, 1710.6023180311986, 11.949417131930453]}