{"rotation": [0.36544635956712773, -0.009458214556860224, 0.006989146854222721, -0.9307581062138433], "translation": [3165.233150287446, 1726.8955088533828, 11.758441138299517]}