{"rotation": [0.3684100003149807, -0.008260718834082706, 0.0011282323055580503, -0.9296260319527013], "translation": [3157.5297878634956, 1719.7956095314826, 11.797205636593587]}