{"rotation": [0.3654331077230764, -0.005133031572102744, 0.008912913987498322, -0.9307807774825315], "translation": [3165.391449989642, 1727.0432731146093, 11.7841450799266]}