{"rotation": [0.36546533456903024, -0.00936760371142297, 0.007057977370494218, -0.9307510527442289], "translation": [3165.3025170047003, 1726.9599493489259, 11.764364509460892]}