{"rotation": [0.36568440157014426, -0.008723307743651853, 0.006300948960494219, -0.9306767002522908], "translation": [3164.325959672432, 1726.055193957373, 11.758251948950518]}