{"rotation": [0.367169601790851, -0.003442139203641562, 0.00339357632283698, -0.9301414509837693], "translation": [3158.179713594482, 1720.4018667010253, 11.832325749125067]}