{"rotation": [0.47748677336442397, -0.006069945924377774, -0.004208563137084387, -0.8786078903668163], "translation": [3151.5616305762824, 1713.573319862063, 11.919059745966871]}