{"rotation": [0.3683298199431555, -0.0031631881194147627, 0.0033414261607234673, -0.9296838026193509], "translation": [3157.590361591767, 1719.8527400185803, 11.824249007565054]}