{"rotation": [0.3654815153150162, -0.006348179750240067, 0.008120099227380481, -0.9307615304498976], "translation": [3165.4464136045854, 1727.1032184351282, 11.767499367136704]}