{"rotation": [0.3809852295341003, -0.007677728011564116, -0.0009805173625802358, -0.9245487255710925], "translation": [3154.2568416095587, 1716.6770155240552, 11.857125665114367]}