{"rotation": [0.369972994966384, -0.011135429797045723, -9.300691306272101e-05, -0.9289757674711183], "translation": [3156.903836018162, 1719.2063743434296, 11.790664233024868]}