{"rotation": [0.36913466438908077, -0.011108351999934925, -0.000523088233496124, -0.929309383596715], "translation": [3157.2712228568575, 1719.5532339030028, 11.791265030637776]}