{"rotation": [0.36591689066438354, -0.005691171518211148, 0.007346657704280274, -0.9306011316959786], "translation": [3165.455120839361, 1727.1081849645523, 11.76993185615512]}