{"rotation": [0.3647419071099094, -0.0024415852181036645, 0.004362453303896225, -0.9310952415626559], "translation": [3160.7890368204417, 1722.8018683553548, 11.81840878672789]}