{"rotation": [0.3677511383559405, -0.007192329240023385, 0.0017195225911815553, -0.9298948402266094], "translation": [3157.7918855871194, 1720.0411933934392, 11.807174303909134]}