{"rotation": [0.36587000572260214, -0.0086257726580853, 0.0061375350609895385, -0.9306057519819922], "translation": [3164.0613637903934, 1725.8120652188559, 11.765122091757323]}