{"rotation": [0.36606781432000474, -0.005555324400071898, 0.007193254935021035, -0.9305437930442738], "translation": [3165.4470746555467, 1727.1126053675816, 11.76751766682277]}