{"rotation": [0.36545974584903734, -0.006720102355151685, 0.008090134071039467, -0.9307677283398936], "translation": [3165.4461403434584, 1727.0983022405046, 11.768611594805083]}