{"rotation": [0.3670052747229698, -0.0035898278517452744, 0.0032629982264384284, -0.9302062106350864], "translation": [3158.2909077718177, 1720.5038144953571, 11.832206067090233]}