{"rotation": [0.3660768286832417, -0.005684554145084594, 0.00729850803041287, -0.9305386467664426], "translation": [3165.436208820453, 1727.1191193312422, 11.759817256215324]}