{"rotation": [0.3655969543709586, -0.005885771071514209, 0.007510527069297049, -0.9307243505123922], "translation": [3165.4608710345574, 1727.1029602650704, 11.768375423947411]}