{"rotation": [0.368108401917939, -0.0013285441464105244, 0.004099490238878691, -0.9297728935539332], "translation": [3157.6638495868424, 1719.9220132603054, 11.824062181609504]}