{"rotation": [0.3658971414985628, -0.005716822651235695, 0.007380994335965825, -0.9306084679953045], "translation": [3165.455847659433, 1727.1076099567888, 11.769848945243382]}