{"rotation": [0.36565774479935337, -0.006195824469943598, 0.007829560182826894, -0.9306958275477183], "translation": [3165.4425101868433, 1727.1087486210495, 11.762096730723558]}