{"rotation": [0.365506297863097, -0.00633783692147563, 0.008067957871772106, -0.9307523226408565], "translation": [3165.444692283193, 1727.1052492247131, 11.766548668631751]}