{"rotation": [0.3656845164351574, -0.006082120429732604, 0.007716730718150653, -0.9306870012618028], "translation": [3165.4415863115264, 1727.109360309241, 11.759660165849038]}