{"rotation": [0.36544514924097105, -0.007569834697527922, 0.0076785507821084936, -0.9307704230135287], "translation": [3165.383825913603, 1727.0357745767499, 11.775035133682854]}