{"rotation": [0.602912401298038, -0.007497807906247925, -0.004704973725011282, -0.7977582857356491], "translation": [3150.2775850600956, 1710.8931217612662, 11.946256318725997]}