{"rotation": [0.3654541878483654, -0.006378171416661366, 0.008135316188732096, -0.9307719227307949], "translation": [3165.447400819588, 1727.1020108683203, 11.768334550628161]}