{"rotation": [0.36577523717896354, -0.0021976060640407713, 0.003705876229859701, -0.9306932431664201], "translation": [3159.2585629812897, 1721.3970688408026, 11.83846571815478]}