{"rotation": [0.36543065474119596, -0.009420700932070375, 0.006951652103498239, -0.9307649335371425], "translation": [3165.172187157564, 1726.83876831974, 11.757378195903199]}