{"rotation": [0.37083971041329516, -0.011529108098351636, -0.0002612867521567495, -0.9286252853418719], "translation": [3156.5300328265525, 1718.8513554434605, 11.794786268079216]}