{"rotation": [0.3654714970282334, -0.009011541050779797, 0.007247539174217578, -0.9307506917342315], "translation": [3165.3356244099573, 1726.9906850021669, 11.765366752504125]}