{"rotation": [0.3660304156750352, -0.005659911585525163, 0.007278405580632482, -0.9305572121120811], "translation": [3165.438714891072, 1727.1165463499274, 11.760239290212812]}