{"rotation": [0.3647909787491232, -0.002701052981878701, 0.00423709611230904, -0.9310758793742757], "translation": [3160.5735359416863, 1722.6034219034802, 11.827092416815145]}