{"rotation": [0.3681596251095328, -0.001937290091998637, 0.0039716878708153745, -0.9297520976269774], "translation": [3157.63603454521, 1719.8953812939894, 11.82867949266315]}