{"rotation": [0.3656613004315117, -0.006217543059876348, 0.007838764355482879, -0.9306942082652141], "translation": [3165.442133852808, 1727.1092449343148, 11.762285017457799]}