{"rotation": [0.36545796242153805, -0.006395141609391564, 0.008163554041384332, -0.9307700770071559], "translation": [3165.4478381838608, 1727.1014332116288, 11.768627041620451]}