{"rotation": [0.36732269508506715, -0.00396599474996711, 0.003139833814655802, -0.9300798084060864], "translation": [3158.1283656819764, 1720.3542670793847, 11.82795846417524]}