{"rotation": [0.36569271018731875, -0.00805195246730512, 0.00537798129201097, -0.9306852771450405], "translation": [3163.3055329938948, 1725.1148475765963, 11.778377020717674]}