{"rotation": [0.36585793980645814, -0.008489959825932009, 0.006118823526573122, -0.9306118677845124], "translation": [3164.1140218525425, 1725.8599342239218, 11.761878449007444]}