{"rotation": [0.36562977660021495, -0.00915725740612716, 0.00637280030711368, -0.9306935040690466], "translation": [3164.429305575561, 1726.1507963949484, 11.759449128385745]}