{"rotation": [0.3648190642712102, -0.003001907021667072, 0.004035766929875374, -0.931064848162468], "translation": [3161.262705709729, 1723.2356422777332, 11.814375643371068]}