{"rotation": [0.3654680596688049, -0.009472532479104222, 0.007006759338813833, -0.9307493077160569], "translation": [3165.289021640909, 1726.94733438838, 11.764246454270046]}