{"rotation": [0.3654434201100622, -0.008059832500237646, 0.007544011157071784, -0.9307680880294461], "translation": [3165.378034811438, 1727.0302442946152, 11.774664212135836]}