{"rotation": [0.3682683190591041, -0.005461018466215866, 0.0022281661595995794, -0.9297008431373281], "translation": [3157.581064749273, 1719.8428024828122, 11.808225315899008]}