{"rotation": [0.3738542612325861, -0.00879967258295537, 0.00015831790320918658, -0.9274457030231537], "translation": [3155.0629216874486, 1717.4526191152147, 11.836355828404729]}