{"rotation": [0.3683042820405312, -0.005334209400739847, 0.0022302409510016035, -0.9296873281195019], "translation": [3157.5794034195474, 1719.8400752972154, 11.808662689098316]}