{"rotation": [0.36572364107218164, -0.005919238094881034, 0.007547049205524262, -0.9306740691722165], "translation": [3165.4373973550073, 1727.1153744104572, 11.757542480043094]}