{"rotation": [0.3654306550742095, -0.009420699658330173, 0.006951651421706989, -0.9307649334243812], "translation": [3165.1721862307295, 1726.838767452084, 11.757378176911564]}