{"rotation": [0.42526100610006856, -0.0058529038841751615, -0.004799576928152659, -0.9050391064855655], "translation": [3152.547672330074, 1714.8730211027896, 11.901170446178243]}