{"rotation": [0.36570081667370086, -0.0059890743615287935, 0.007646804905331192, -0.9306817770039446], "translation": [3165.438949674927, 1727.112888601151, 11.758292027745673]}