{"rotation": [0.3734607966561147, -0.009250723309013276, 0.00028769813971598436, -0.9275997923183363], "translation": [3155.162252325049, 1717.5470388763408, 11.833999583775674]}