{"rotation": [0.36567646291766615, -0.0021313280675842104, 0.003872043416691369, -0.9307315344332502], "translation": [3159.474239310562, 1721.595910953552, 11.84002495168694]}