{"rotation": [0.36566666010003995, -0.0061049799522039224, 0.007761295631825726, -0.9306934969157035], "translation": [3165.4410551724845, 1727.1103344940962, 11.76050112074339]}