{"rotation": [0.36546150391400267, -0.009533395957239565, 0.006953633188767785, -0.9307516588778738], "translation": [3165.274024927871, 1726.9335537011943, 11.763907989819069]}