{"rotation": [0.3917120938730081, -0.007156589289989476, -0.001500045712062386, -0.9200587854078781], "translation": [3153.6445128093746, 1716.0652381319455, 11.873093978756344]}