{"rotation": [0.3657752365407995, -0.0021976071741792555, 0.0037058761029081294, -0.9306932434151116], "translation": [3159.2585622090983, 1721.3970681375054, 11.838465728880056]}