{"rotation": [0.3654954233736806, -0.007617086011155731, 0.004884674859371177, -0.9307691526071924], "translation": [3162.9422708498078, 1724.7790446859908, 11.781020528785463]}