{"rotation": [0.36923025579301266, -0.01110139456318103, -0.0005314651322873139, -0.9292714860526994], "translation": [3157.23277980162, 1719.5178800952096, 11.79020747232466]}