{"rotation": [0.36654662417240225, -0.0027188948553602014, 0.003651569208942695, -0.9303885456952345], "translation": [3158.568078143632, 1720.761227435242, 11.838557563759162]}