{"rotation": [0.36603032323946355, -0.005718664590838604, 0.007319988988002489, -0.9305565630877721], "translation": [3165.4361129562926, 1727.1188255069967, 11.759137708820505]}