{"rotation": [0.3682980664235374, -0.005320586926726192, 0.00224093792399049, -0.9296898428081591], "translation": [3157.5773446032076, 1719.838857156163, 11.80771749919992]}