{"rotation": [0.3684100087669213, -0.008260786485636643, 0.0011281949329102427, -0.929626028047402], "translation": [3157.529785840966, 1719.795607773202, 11.797205336409998]}