{"rotation": [0.569786764312762, -0.005264369426195078, -0.004749229057006965, -0.8217619937986312], "translation": [3150.5197539344254, 1711.6019838332436, 11.948501397616413]}