{"rotation": [0.3687640204667868, -0.010761488594332009, -0.00021851879083882022, -0.9294607252713497], "translation": [3157.3958448278186, 1719.670803344786, 11.789783446386428]}