{"rotation": [0.3655546877743834, -0.0063087514758133414, 0.007992130964522637, -0.9307341702890441], "translation": [3165.4440742518113, 1727.106411811933, 11.76523086522925]}