{"rotation": [0.44242064631999445, -0.006763739489541595, -0.0037734959088657712, -0.8967742103040999], "translation": [3152.174174648716, 1714.4147344600476, 11.909192331388814]}