{"rotation": [0.3699729962455322, -0.011135429938809066, -9.300733416730472e-05, -0.9289757669599445], "translation": [3156.903835638141, 1719.2063739883579, 11.79066423037729]}