{"rotation": [0.3654258030368177, -0.006717845817793154, 0.008098898678009827, -0.9307809951125284], "translation": [3165.390062585844, 1727.0415641133095, 11.778915467105106]}