{"rotation": [0.3660262475365094, -0.005609004229863648, 0.007225114306286367, -0.9305595751531185], "translation": [3165.44908735303, 1727.1105780351038, 11.767723734323539]}