{"rotation": [0.37106046656568187, -0.01195326607881236, -0.0003739439153163621, -0.9285316956076706], "translation": [3156.390270188198, 1718.7174648888047, 11.799194841778462]}