{"rotation": [0.36475424455672456, -0.002371362222888022, 0.004133276327360135, -0.9310916355256676], "translation": [3160.948189309367, 1722.9478247259694, 11.81931677838609]}