{"rotation": [0.3773730401703039, -0.00781843031384681, -0.000695417984445914, -0.9260280649601699], "translation": [3154.5615016199195, 1716.972863298885, 11.849010418524248]}