{"rotation": [0.36540812492347274, -0.007295260599931079, 0.004699905574936509, -0.9308069575912492], "translation": [3162.6402325737163, 1724.5020356553418, 11.787018396058087]}