{"rotation": [0.3656020731976377, -0.006273998210765215, 0.00791691772225318, -0.9307164355666121], "translation": [3165.4434041503873, 1727.1075365674972, 11.763374684610538]}