{"rotation": [0.3655078438308939, -0.009331403150147802, 0.006433527527800754, -0.9307392495951212], "translation": [3164.922709755494, 1726.6077660941296, 11.75635474457737]}