{"rotation": [0.5432008390683223, -0.004397523749328179, -0.005125936865795337, -0.8395756279166235], "translation": [3150.754476913807, 1712.1492565990814, 11.945318477406762]}