{"rotation": [0.36868101896317346, -0.010288220021261351, 0.0001072939527358692, -0.9294990302701116], "translation": [3157.446733068258, 1719.717136150789, 11.792700362304526]}