{"rotation": [0.3654785719460492, -0.0020194456091673476, 0.003959345952785491, -0.9308091420196378], "translation": [3159.64418363239, 1721.7512679969623, 11.837076781752112]}