{"rotation": [0.366030416015616, -0.005659911828162425, 0.007278405798932734, -0.930557211974932], "translation": [3165.4387148098626, 1727.1165464361068, 11.760239278701462]}