{"rotation": [0.36542030733674247, -0.0073275501697281685, 0.004766072439203124, -0.9308015849513446], "translation": [3162.7137466920103, 1724.5689184829075, 11.78374950715314]}