{"rotation": [0.36857212649839327, -0.009694852928533799, 0.00047501095131710413, -0.9295484773586274], "translation": [3157.490909572937, 1719.7583786044202, 11.7975470676936]}