{"rotation": [0.3661306824895514, -0.0027374438506576238, 0.0036039189331843785, -0.9305524388819917], "translation": [3158.85062896682, 1721.0213201789745, 11.837842035402968]}