{"rotation": [0.3665466225784592, -0.002718895436297993, 0.003651570098717147, -0.9303885463180129], "translation": [3158.568079613237, 1720.7612287424315, 11.838557541913275]}