{"rotation": [0.36504347669545817, -0.0021474803622614355, 0.004298114770913308, -0.9309780742099151], "translation": [3160.0842747697757, 1722.1541701580768, 11.833590200684522]}