{"rotation": [0.36539776789057377, -0.005993586796884321, 0.0076393940300286305, -0.9308008314332066], "translation": [3165.461957382076, 1727.1016444794675, 11.768087474028658]}