{"rotation": [0.36544947132242694, -0.006399263263499498, 0.008183193220330164, -0.9307732101261628], "translation": [3165.4478791173983, 1727.1013482597755, 11.7690970052259]}