{"rotation": [0.36605484140775507, -0.005565973111300043, 0.007206777418470347, -0.9305487281085866], "translation": [3165.4474535743648, 1727.1123260370491, 11.767782889846684]}