{"rotation": [0.36521317924137936, -0.005794422509583398, 0.0042647401075792775, -0.9308961114796857], "translation": [3161.8397067074334, 1723.7649453481752, 11.805454199449699]}