{"rotation": [0.43783146125376193, -0.006395310442614688, -0.0040326678201268885, -0.899025277248082], "translation": [3152.264498903562, 1714.5294481663423, 11.908092105897595]}