{"rotation": [0.3657295099605817, -0.005822674750705109, 0.007442001357431536, -0.930673217954904], "translation": [3165.459069188398, 1727.1048850392592, 11.769032509408849]}