{"rotation": [0.36544342010942943, -0.008059833047552511, 0.007544011021399798, -0.9307680880260548], "translation": [3165.3780348024015, 1727.0302442862805, 11.774664211052439]}