{"rotation": [0.36520582330971985, -0.0020429917617501834, 0.004225203845905256, -0.9309149695099933], "translation": [3159.8903654531364, 1721.9761806870638, 11.835028266645061]}