{"rotation": [0.3656845173441097, -0.006082119607002266, 0.007716727746835097, -0.9306870009346714], "translation": [3165.441586354891, 1727.109360259837, 11.759660154640788]}