{"rotation": [0.4078969244023147, -0.006130008050254621, -0.004112901402114056, -0.9129981413488709], "translation": [3153.0364159936457, 1715.425148078884, 11.884531906625076]}