{"rotation": [0.3965741445240389, -0.006905108858411381, -0.0019946481216161836, -0.9179745577877152], "translation": [3153.4381987579004, 1715.8534348873377, 11.876994433504171]}