{"rotation": [0.36550996069352476, -0.006332247752905036, 0.008065097867572101, -0.9307509470683338], "translation": [3165.4453725142303, 1727.1044393679842, 11.7665118139289]}