{"rotation": [0.4334750525793522, -0.0060768946207372, -0.004423293108469429, -0.90113422120191], "translation": [3152.3581441981664, 1714.6443312449371, 11.904789515489727]}