{"rotation": [0.3653365726875637, -0.007014030808866757, 0.004659661396664516, -0.9308374077057632], "translation": [3162.404147529094, 1724.2843126249638, 11.791027768954832]}