{"rotation": [0.3656155196184933, -0.006268906760361104, 0.007917991691631788, -0.9307111786315346], "translation": [3165.4424907068287, 1727.10860392868, 11.763208898477734]}