{"rotation": [0.36524801638570475, -0.006026667018280416, 0.004270444411508569, -0.9308809425031146], "translation": [3161.9212962965753, 1723.8400231411654, 11.802946622899324]}