{"rotation": [0.4470397862391455, -0.00690540362977877, -0.003758372468030932, -0.8944795243919005], "translation": [3152.0815225369893, 1714.2957279009763, 11.910588364044967]}