{"rotation": [0.36685467220944246, -0.003087471814462487, 0.003326366535391983, -0.9302671940263021], "translation": [3158.3328568664133, 1720.543478499234, 11.83281837749403]}