{"rotation": [0.3660835146046487, -0.00554952905401965, 0.007153439457007394, -0.9305379580468072], "translation": [3165.4428231323946, 1727.1147692881987, 11.763955429577956]}