{"rotation": [0.3658027715606796, -0.005891290825293136, 0.007476249982217698, -0.9306437184535984], "translation": [3165.4367746368557, 1727.1158270205685, 11.75707018935532]}