{"rotation": [0.36555469245519007, -0.006308760303961046, 0.007992133458421551, -0.9307341683693585], "translation": [3165.444074194413, 1727.1064118568806, 11.765230891034047]}