{"rotation": [0.36526873657796627, -0.0020317319846312127, 0.004134307549004457, -0.9308907184223986], "translation": [3159.827362844852, 1721.9186809319156, 11.835939155141261]}