{"rotation": [0.3657752365914475, -0.0021976070860730266, 0.003705876112983651, -0.9306932433953742], "translation": [3159.2585622703837, 1721.397068193323, 11.838465728028845]}