{"rotation": [0.36583294641682174, -0.0058791825866999015, 0.007451925174039736, -0.9306321288991154], "translation": [3165.4345969267165, 1727.1186359921544, 11.757161751827685]}