{"rotation": [0.3654547780891027, -0.006391220552768375, 0.008149114455610222, -0.9307714807648975], "translation": [3165.4474053072863, 1727.1020406935716, 11.768780976982361]}