{"rotation": [0.5831351217740434, -0.006343200473997658, -0.004436020934182891, -0.8123383010049382], "translation": [3150.415876501798, 1711.3216476918026, 11.946673447476392]}