{"rotation": [0.3726358654281042, -0.010759604343150026, 0.0002746559912580933, -0.9279152263408081], "translation": [3155.4512074940935, 1717.8226073597586, 11.824175946260432]}