{"rotation": [0.6029124850726939, -0.007497810361983614, -0.004704976601539111, -0.79775822238221], "translation": [3150.277584505289, 1710.89311993068, 11.946256334604799]}