{"rotation": [0.42147572018353824, -0.005811567126069329, -0.004818233660328061, -0.9068082639718837], "translation": [3152.643873422478, 1714.9853974539183, 11.897336331606054]}