{"rotation": [0.366647703404794, -0.002606634641110616, 0.003535885357685355, -0.9303494851713389], "translation": [3158.5089346152185, 1720.7060050526518, 11.83748962823047]}