{"rotation": [0.44703987447599874, -0.006905405670787211, -0.003758375924290034, -0.8944794802629162], "translation": [3152.0815208058552, 1714.295725656139, 11.910588398385187]}