{"rotation": [0.3654294418428764, -0.004980901928571281, 0.008954856877936594, -0.9307826406786267], "translation": [3165.3911412941793, 1727.0430354103398, 11.783756789107429]}