{"rotation": [0.3656823772582606, -0.006062468856107173, 0.0076925489961508445, -0.9306881701859424], "translation": [3165.4421860427674, 1727.1087387910247, 11.759540385028457]}