{"rotation": [0.3648805852143417, -0.0025823500551923257, 0.004331804166494253, -0.9310406680024752], "translation": [3160.4238107501133, 1722.4664603960516, 11.825442697116852]}