{"rotation": [0.36543684904302753, -0.005961596517532255, 0.007611657970937252, -0.9307859213543139], "translation": [3165.4618959177233, 1727.101638843051, 11.768074954476809]}