{"rotation": [0.3683198789938678, -0.0031414454853264154, 0.0033462082872872745, -0.9296877975687878], "translation": [3157.5869226188224, 1719.850298579347, 11.81912391610129]}