{"rotation": [0.3690403790984582, -0.011048979780266886, -0.0004795051331436169, -0.9293475607734217], "translation": [3157.3050154448856, 1719.5859289520088, 11.78982061806739]}