{"rotation": [0.36825878118544286, -0.005164120409406464, 0.0024239635591226808, -0.9297058278514088], "translation": [3157.590931246896, 1719.8520781740913, 11.815376033397285]}