{"rotation": [0.36597402639865356, -0.005757106722193641, 0.007324000625296536, -0.9305784366395923], "translation": [3165.436809377173, 1727.1171381329223, 11.758808615441106]}