{"rotation": [0.36625017737598814, -0.002848701964704709, 0.003662225684920873, -0.9305048525248035], "translation": [3158.748491167632, 1720.927062942953, 11.840859666701341]}