{"rotation": [0.3666811174605633, -0.0025429538470223352, 0.0034794388056725765, -0.9303367051714138], "translation": [3158.4812632526564, 1720.6812391920967, 11.838075111584452]}