{"rotation": [0.3683077538743998, -0.0029866543607235917, 0.0034153929229097553, -0.9296928597246008], "translation": [3157.587400141169, 1719.848204117997, 11.824575468923415]}