{"rotation": [0.3654429098196406, -0.007460206529545497, 0.004762333229513313, -0.930791676565332], "translation": [3162.7930885683877, 1724.642091377296, 11.784222819994275]}