{"rotation": [0.3680261494492777, -0.0021473944694634464, 0.0037309435978786307, -0.9298054753970854], "translation": [3157.6968663838147, 1719.9513997542, 11.82419337613031]}