{"rotation": [0.365408122255288, -0.002001147553399912, 0.0039962140809312, -0.9308366827061305], "translation": [3159.7033779610388, 1721.8051427374185, 11.835528814846983]}