{"rotation": [0.3649667793549013, -0.002529484862335749, 0.004521129992521343, -0.9310061283671729], "translation": [3160.2835815478406, 1722.3381268142514, 11.828709870149932]}