{"rotation": [0.36594808182760963, -0.005671092881489321, 0.00731804178996468, -0.9305892146251121], "translation": [3165.4545362047324, 1727.1086863809219, 11.769938512995244]}