{"rotation": [0.36560842805714067, -0.009289950164321787, 0.006590921702707969, -0.9306990565755613], "translation": [3164.654276177455, 1726.35949525589, 11.75580365574248]}