{"rotation": [0.36737287610068736, -0.0048277580956476, 0.0027190272188989295, -0.9300572399311032], "translation": [3158.073571119706, 1720.3033536265539, 11.820174039030848]}