{"rotation": [0.36559167572493806, -0.006286625862648878, 0.00794879672601816, -0.9307201628881279], "translation": [3165.443563872936, 1727.1070917082857, 11.763794500141866]}