{"rotation": [0.3704351178187324, -0.011260700666572605, -0.0002314366620216724, -0.9287900551492739], "translation": [3156.7316521134458, 1719.0428701201042, 11.795426450597281]}