{"rotation": [0.365336571003056, -0.007014029412829624, 0.00465966193336941, -0.9308374083747343], "translation": [3162.4041453516047, 1724.2843106133594, 11.791027804016654]}