{"rotation": [0.3660768134046499, -0.00568451561533499, 0.007298502474749913, -0.9305386530560362], "translation": [3165.436207998917, 1727.1191204087963, 11.759818066488249]}