{"rotation": [0.36545418839953686, -0.006378171274676069, 0.008135315953067273, -0.9307719225174181], "translation": [3165.447400818884, 1727.102010868316, 11.768334546185871]}