{"rotation": [0.3655523378853085, -0.005895730700746265, 0.007541463371121464, -0.9307415618507168], "translation": [3165.4612600511327, 1727.1024717471366, 11.768268475507385]}