{"rotation": [0.3695542951761787, -0.01118083980808289, -0.0005018800609181506, -0.9291417329204561], "translation": [3157.107409216518, 1719.398855499843, 11.791425483096248]}