{"rotation": [0.3647542470833335, -0.0023713592006611574, 0.0041332648566040206, -0.9310916345944888], "translation": [3160.948195650116, 1722.9478305263692, 11.819316703798789]}