{"rotation": [0.36725379512848844, -0.0037810793607503178, 0.0032418692271703143, -0.9301074366364909], "translation": [3158.1481900941476, 1720.3745755604855, 11.832250376290679]}