{"rotation": [0.36540812922991905, -0.0020011576037620056, 0.00399621073877336, -0.9308366799609193], "translation": [3159.7033705433087, 1721.8051360097331, 11.835528930020915]}