{"rotation": [0.3656812261508481, -0.0058360335670869165, 0.007463840541704925, -0.9306919321866846], "translation": [3165.4598449031855, 1727.1042054173274, 11.768798396631514]}