{"rotation": [0.3657816957257023, -0.008466008219597376, 0.006161868832702506, -0.9306417727296278], "translation": [3164.2216693654477, 1725.9596499760346, 11.759870206263992]}