{"rotation": [0.56309905076744, -0.004977587342180784, -0.00486015037800674, -0.8263601282657351], "translation": [3150.5766976491336, 1711.7437598492177, 11.949177661613462]}