{"rotation": [0.3660952171941279, -0.0027081980294084763, 0.003634161992494738, -0.9305663600612426], "translation": [3158.8907855361845, 1721.0577875299582, 11.836773737191242]}