{"rotation": [0.3683154273977293, -0.0030959564753651487, 0.003395158398269294, -0.9296895362935851], "translation": [3157.5914947756055, 1719.8536692447315, 11.819779052236756]}