{"rotation": [0.3682704507441324, -0.005609674295505146, 0.0022052430038250084, -0.9296991683153782], "translation": [3157.5901323929884, 1719.8504377201002, 11.814570622774092]}