{"rotation": [0.36945439442901556, -0.011199426460637082, -0.0005460737675285873, -0.9291812121903255], "translation": [3157.153475621048, 1719.4416689368127, 11.79282366170858]}