{"rotation": [0.36481906431107797, -0.0030019132083350113, 0.004035767087892335, -0.9310648481262149], "translation": [3161.262707216436, 1723.235643653579, 11.814375617547539]}