{"rotation": [0.3661098665900056, -0.005536748586118337, 0.007146932541076859, -0.9305277165973057], "translation": [3165.442538634874, 1727.1159689795531, 11.765316038576044]}