{"rotation": [0.3655396738694498, -0.009225784979069406, 0.006585058556368904, -0.9307267422411079], "translation": [3164.7749370826746, 1726.4713121995144, 11.75472513423593]}