{"rotation": [0.3675384089347189, -0.007072932764371486, 0.0017008976695612524, -0.9299798914637691], "translation": [3157.937174264981, 1720.1780572048815, 11.808206870395676]}