{"rotation": [0.3660262476992485, -0.005609001863645049, 0.007225113826556193, -0.930559575107094], "translation": [3165.449087284015, 1727.11057810657, 11.767723741218497]}