{"rotation": [0.37313144820613614, -0.009647596958795785, 0.00039855763786688514, -0.9277282400489497], "translation": [3155.255272669127, 1717.636039836299, 11.82761991197357]}