{"rotation": [0.3686810159412632, -0.01028818306645145, 0.00010731192845580116, -0.9294990318756977], "translation": [3157.446735894607, 1719.717138697518, 11.792700469652367]}