{"rotation": [0.36845582627503554, -0.008730412719244811, 0.0009018669218271501, -0.9296038245477414], "translation": [3157.51687015978, 1719.7843478527639, 11.795351104020602]}