{"rotation": [0.36474453391177464, -0.0024103499241393414, 0.004329296774477928, -0.9310944486915192], "translation": [3160.8110164567092, 1722.8219852629377, 11.818228744063704]}