{"rotation": [0.36563710122169085, -0.007797263199980367, 0.005271247617301948, -0.9307099047744933], "translation": [3163.158828144416, 1724.979067775916, 11.776718687226682]}