{"rotation": [0.3722687122456892, -0.011638384718120334, -0.0001093793887766171, -0.9280520146631], "translation": [3155.636842415116, 1717.9998172696278, 11.816236859169999]}