{"rotation": [0.4110696295021267, -0.00594677217009519, -0.0044094287537051555, -0.911573887592118], "translation": [3152.9370770071864, 1715.316806848681, 11.88840544105352]}