{"rotation": [0.36608351451879695, -0.005549528893906545, 0.007153439173879138, -0.9305379580837136], "translation": [3165.4428231671372, 1727.1147692522256, 11.763955432756228]}