{"rotation": [0.5058731586973411, -0.0048460194842464615, -0.0048335186418331, -0.8625807211515175], "translation": [3151.168679053077, 1712.9411746196258, 11.930044002343983]}