{"rotation": [0.36544514991434307, -0.0075698398253688775, 0.007678549591398692, -0.9307704227172638], "translation": [3165.383825867978, 1727.0357745364513, 11.775035129165431]}