{"rotation": [0.37072475358385226, -0.011398921330465628, -0.00025059024209794935, -0.9286727943022905], "translation": [3156.6009958422496, 1718.9180429594328, 11.79642764054606]}