{"rotation": [0.36593446994689693, -0.005814332679489582, 0.007347612329499085, -0.9305934503494161], "translation": [3165.436619925277, 1727.1171655470046, 11.758090436377028]}