{"rotation": [0.3655062965551309, -0.006337835951788304, 0.008067956063469387, -0.9307523231767724], "translation": [3165.444692270973, 1727.1052492436463, 11.766548662744626]}