{"rotation": [0.3731319586237848, -0.009646779624646405, 0.00039838671694022786, -0.9277280433319214], "translation": [3155.2551154822286, 1717.6358901629542, 11.827623658480762]}