{"rotation": [0.3693504669271391, -0.011146536242846637, -0.0005635740658337425, -0.9292231538735805], "translation": [3157.193713736035, 1719.4818396060002, 11.790440880424828]}