{"rotation": [0.36838048904748094, -0.007768987860696693, 0.001348418343003411, -0.9296416728421394], "translation": [3157.540786841671, 1719.8051386312468, 11.799211012955421]}