{"rotation": [0.36565876680009574, -0.008887649895766807, 0.0063236442887164915, -0.9306850635228188], "translation": [3164.37672968538, 1726.1023762581822, 11.757789304808986]}