{"rotation": [0.36566129905764705, -0.006217545576104223, 0.007838765190124122, -0.9306942087811534], "translation": [3165.4421338205475, 1727.1092449732705, 11.762285032112818]}