{"rotation": [0.39922283347053633, -0.0068300573552437325, -0.0023584937675762245, -0.9168254561580568], "translation": [3153.3379957061024, 1715.7483173670562, 11.87833708370718]}