{"rotation": [0.3655081822473105, -0.00915483345418314, 0.006490097321609297, -0.9307404774540802], "translation": [3164.8464407815623, 1726.5371599319033, 11.751844415653865]}