{"rotation": [0.36584071886374236, -0.005887233214788601, 0.007429773917859543, -0.9306291997169789], "translation": [3165.4366128850074, 1727.116627451657, 11.75729949245561]}