{"rotation": [0.36543855738627745, -0.006490136147356427, 0.008169968921021125, -0.930776982158484], "translation": [3165.4477359802922, 1727.100405109962, 11.769314301934726]}