{"rotation": [0.36499390622530203, -0.002427415335310576, 0.004451926343175935, -0.9309960990385622], "translation": [3160.217051467185, 1722.2770129832472, 11.832210106792456]}