{"rotation": [0.3668546725027635, -0.003087473364520896, 0.0033263662829888835, -0.9302671939063878], "translation": [3158.3328567355447, 1720.543478383169, 11.83281837329994]}