{"rotation": [0.5831353803096972, -0.006343222485988688, -0.004436020070255729, -0.8123381152485056], "translation": [3150.4158745304903, 1711.3216421824798, 11.946673462818156]}