{"rotation": [0.365828224280479, -0.002364711291601365, 0.003606237276788027, -0.9306723985984555], "translation": [3159.2147039033093, 1721.3554970126668, 11.84044866772414]}