{"rotation": [0.3685721250190912, -0.009694838218274241, 0.00047501848622131046, -0.9295484780947526], "translation": [3157.4909102529896, 1719.7583792090943, 11.797547105385565]}