{"rotation": [0.36594808280406715, -0.0056710927881219245, 0.007318040506866432, -0.9305892142517858], "translation": [3165.4545361638598, 1727.108686442577, 11.76993852081524]}