{"rotation": [0.4110697116334673, -0.005946770445996953, -0.004409435877710734, -0.9115738505321886], "translation": [3152.9370745333754, 1715.316804143714, 11.888405505902176]}