{"rotation": [0.3654928476974207, -0.007895801950278204, 0.007589472417440414, -0.9307497163588163], "translation": [3165.3915487590416, 1727.0460319133044, 11.756290408748491]}