{"rotation": [0.3657395041669109, -0.005929371873777167, 0.0075442104115771005, -0.9306677938610483], "translation": [3165.438301694104, 1727.1143249220033, 11.757536887537062]}