{"rotation": [0.36580744690341693, -0.008386008275430734, 0.005902491273426495, -0.9306340565721714], "translation": [3163.64073685048, 1725.423359619853, 11.773548318080742]}