{"rotation": [0.44703987000831, -0.0069054055674450145, -0.0037583757492895722, -0.8944794824972955], "translation": [3152.0815208935073, 1714.2957257698022, 11.910588396646428]}