{"rotation": [0.36829685105582527, -0.003005928329679331, 0.0033898137616026874, -0.9296972104184791], "translation": [3157.5820383532446, 1719.8442595434085, 11.819671851349346]}