{"rotation": [0.3683367055693665, -0.006782782384856325, 0.001724595253338744, -0.9296661180040057], "translation": [3157.557827138477, 1719.8214179164956, 11.80279422547017]}