{"rotation": [0.3656398561011118, -0.006178246082012567, 0.007816205024709259, -0.9307030846863676], "translation": [3165.441641212943, 1727.1095750482034, 11.76201206852758]}