{"rotation": [0.36734865838460157, -0.004280581454537412, 0.0029785929725193554, -0.9300686898231488], "translation": [3158.112525318006, 1720.3404177639404, 11.82720145068188]}