{"rotation": [0.372635870187628, -0.01075959405027702, 0.0002746582954464629, -0.9279152245481282], "translation": [3155.4512054244024, 1717.822605392172, 11.824175984683215]}