{"rotation": [0.3655273786243309, -0.009343299279375338, 0.006503082088976599, -0.9307309751791573], "translation": [3164.9858537126656, 1726.6664814265457, 11.755290952799047]}