{"rotation": [0.3654471379978617, -0.007802450946360816, 0.007621946979517598, -0.9307681865065237], "translation": [3165.381409703722, 1727.0334736994728, 11.774909069460803]}