{"rotation": [0.3656761397921372, -0.006055147388993936, 0.0076628031324494075, -0.930690914012258], "translation": [3165.441586633333, 1727.1096797796722, 11.759149628125561]}