{"rotation": [0.3655977993267845, -0.0077182107424477115, 0.005093578978147253, -0.9307269920892703], "translation": [3163.0881807518354, 1724.9141938017642, 11.778046456832174]}