{"rotation": [0.36555230742264283, -0.005895738633361827, 0.0075414755758195055, -0.9307415736659066], "translation": [3165.4612602944076, 1727.1024714247844, 11.768268404610449]}