{"rotation": [0.36530171315934507, -0.006649459010324142, 0.0044443443764675345, -0.9308548172839742], "translation": [3162.162885062158, 1724.0622409150862, 11.795429614078211]}