{"rotation": [0.3655191898364155, -0.006317712681198271, 0.008050529550182662, -0.9307475475883726], "translation": [3165.4450591769964, 1727.1050653845427, 11.766142595679424]}