{"rotation": [0.36583073305717195, -0.008684708387766346, 0.0061438903744165906, -0.9306206011055949], "translation": [3163.8838881031947, 1725.6475260769432, 11.76550771782879]}