{"rotation": [0.36868101922981267, -0.010288223281979873, 0.00010729236664293532, -0.9294990301284421], "translation": [3157.4467328188744, 1719.7171359260783, 11.792700352832671]}