{"rotation": [0.3664372061150723, -0.0028367328592745515, 0.0036926751974215737, -0.9304311318260753], "translation": [3158.634901538404, 1720.8239430684096, 11.841899541928557]}