{"rotation": [0.37346079918574343, -0.009250720198376906, 0.00028769715287704735, -0.9275997913312106], "translation": [3155.1622516609823, 1717.5470382454039, 11.833999602868053]}