{"rotation": [0.36572690235844874, -0.005919751752396373, 0.007615661312295063, -0.9306722254012205], "translation": [3165.4380840669755, 1727.1141811616005, 11.758145089585472]}