{"rotation": [0.36546708567168196, -0.00636865398023414, 0.008135186555040488, -0.9307669247866741], "translation": [3165.4467541323315, 1727.102820314518, 11.768414496466239]}