{"rotation": [0.36604778657324594, -0.00557930558578794, 0.0072096891768164565, -0.9305514008779856], "translation": [3165.4481092396586, 1727.1116584681645, 11.767761464278017]}