{"rotation": [0.3654591881443567, -0.006908415644905973, 0.008018664333961513, -0.9307671871184782], "translation": [3165.4446081413284, 1727.0967867731074, 11.768316944377194]}