{"rotation": [0.36549354135441386, -0.00946267084510707, 0.006695506697852455, -0.9307416931021978], "translation": [3165.0786858764764, 1726.7520822183192, 11.75949734753841]}