{"rotation": [0.37130401863328333, -0.012200717303946122, -0.0005052165666914985, -0.9284310491362643], "translation": [3156.2373427162597, 1718.570929491188, 11.800806636885799]}