{"rotation": [0.3656297767966028, -0.009157239009369702, 0.006372793365808695, -0.9306935042204326], "translation": [3164.4292998446776, 1726.1507910996709, 11.759449292829288]}