{"rotation": [0.367596865611716, -0.008036448764957373, 0.0013365745158457796, -0.9299495542513334], "translation": [3157.8681542829495, 1720.1128167708064, 11.806317009757613]}