{"rotation": [0.3965690255467944, -0.006905261459044802, -0.0019940283798186246, -0.9179767694184142], "translation": [3153.4384017237576, 1715.853644731463, 11.876990946528068]}