{"rotation": [0.36547857092295555, -0.002019441697012758, 0.003959345797148522, -0.9308091424305013], "translation": [3159.6441860812874, 1721.7512702189074, 11.83707665677087]}