{"rotation": [0.372635847031742, -0.010759644126838943, 0.00027464708518168916, -0.9279152332698168], "translation": [3155.4512154938006, 1717.822614964815, 11.824175797749199]}