{"rotation": [0.36606781263190513, -0.005555325860865555, 0.00719325861775419, -0.9305437936711685], "translation": [3165.447074713122, 1727.1126053382195, 11.76751785500502]}