{"rotation": [0.3655843599057628, -0.009339456270345098, 0.006638116180196401, -0.9307076800813703], "translation": [3164.6989522238196, 1726.4002929744247, 11.757717177181153]}