{"rotation": [0.3681888445300511, -0.002467908325612453, 0.00374518545584612, -0.9297402098317699], "translation": [3157.6116594194614, 1719.8728222116056, 11.822335555339942]}