{"rotation": [0.3655955102410719, -0.00630385463684838, 0.007954562216803584, -0.9307184908704816], "translation": [3165.4436547019995, 1727.1067838736258, 11.764378500415624]}