{"rotation": [0.36575215250321247, -0.005921201609130139, 0.007506671180611861, -0.9306631787056782], "translation": [3165.436577001358, 1727.1163071532908, 11.757254367409505]}