{"rotation": [0.36565539333752267, -0.006099706978030775, 0.007757538707088002, -0.9306979894096536], "translation": [3165.4420899383827, 1727.1091582631236, 11.760711373126194]}