{"rotation": [0.36550720568696193, -0.009460671380204764, 0.006631874403957794, -0.9307368030382354], "translation": [3165.050813000838, 1726.7261947613897, 11.759398618095737]}