{"rotation": [0.36543596539813195, -0.005310497169860536, 0.008823951163665187, -0.9307795075629919], "translation": [3165.387982558214, 1727.0401475678404, 11.781254080328823]}