{"rotation": [0.36597402634056275, -0.005757107168630148, 0.007324001308965398, -0.9305784366542953], "translation": [3165.436809453437, 1727.117138056958, 11.758808623508049]}