{"rotation": [0.37181547171694035, -0.012253175215079515, -0.00031155933461930594, -0.9282257363485666], "translation": [3155.9054133174536, 1718.2553486157506, 11.807136088524391]}