{"rotation": [0.3668546770492384, -0.0030874973904262346, 0.0033263623707408298, -0.9302671920477158], "translation": [3158.3328547070846, 1720.5434765841599, 11.832818308291548]}