{"rotation": [0.3654307152644638, -0.00739679957309145, 0.004768478232417052, -0.9307969388178738], "translation": [3162.738682957504, 1724.5919205617604, 11.784852554515698]}