{"rotation": [0.36587241735262355, -0.005868990278737147, 0.0074201280629084, -0.9306169302528221], "translation": [3165.434494119101, 1727.1188181834034, 11.75721971095356]}