{"rotation": [0.36500893378528665, -0.0022844189395734345, 0.0043663939341596954, -0.930990974333827], "translation": [3160.15110036239, 1722.2165970194233, 11.835344394971651]}