{"rotation": [0.36815962544984665, -0.001937292420972532, 0.003971686261933226, -0.9297520974942413], "translation": [3157.6360344649297, 1719.8953812245643, 11.828679483156389]}