{"rotation": [0.3655275921177953, -0.009350918154927008, 0.006597681622041357, -0.9307301490375396], "translation": [3165.01621458225, 1726.6942172503602, 11.755378122819497]}