{"rotation": [0.4517517504354758, -0.006967780497779603, -0.0038585284869785425, -0.8921081312101878], "translation": [3151.9903159985943, 1714.1762476263036, 11.912042136572795]}