{"rotation": [0.36556392405381916, -0.009244141579577281, 0.0066548608353315004, -0.9307165390730374], "translation": [3164.735150339134, 1726.434168174181, 11.754551618556157]}