{"rotation": [0.36831212100706934, -0.003095542925217193, 0.0033668906054370976, -0.9296909503598081], "translation": [3157.58411837528, 1719.845426479037, 11.819727919777023]}