{"rotation": [0.3675790694379393, -0.007770196782325154, 0.0014240033126242202, -0.929958721647186], "translation": [3157.893224072959, 1720.135446580235, 11.807238996299327]}