{"rotation": [0.36605961947047166, -0.005557165910859155, 0.007183651995571979, -0.9305470799718729], "translation": [3165.446337980942, 1727.1121551164738, 11.766267518673612]}