{"rotation": [0.36833670358009396, -0.0067828129698481055, 0.0017245882696390318, -0.9296661185819705], "translation": [3157.5578266720013, 1719.821417534541, 11.802794086772188]}