{"rotation": [0.4048260655674356, -0.006423329637633351, -0.0036114162982590335, -0.9143640167602164], "translation": [3153.1362486811763, 1715.5338127297464, 11.883827492655225]}