{"rotation": [0.36473085015569157, -0.002563863834205705, 0.0043430096953474134, -0.9310993350946677], "translation": [3160.717700772199, 1722.735762493655, 11.820261273110479]}