{"rotation": [0.3682587855049161, -0.005164496513749166, 0.0024238346688603587, -0.9297058243873176], "translation": [3157.590930470363, 1719.85207887023, 11.81537478912323]}