{"rotation": [0.36761966937789803, -0.00810730621313982, 0.0013399912034505813, -0.9299399199389313], "translation": [3157.8396536368464, 1720.0870578702359, 11.80381865933127]}