{"rotation": [0.3654645655290919, -0.006182098239301385, 0.008368404813902141, -0.9307671044922368], "translation": [3165.375428185857, 1727.0301082507995, 11.76294444923584]}