{"rotation": [0.3682592488561123, -0.005438184165234157, 0.0023060777345613854, -0.9297043797844556], "translation": [3157.5907726384926, 1719.850166008908, 11.815176009695708]}