{"rotation": [0.36597402650207533, -0.005757105927381827, 0.007323999408128852, -0.9305784366134158], "translation": [3165.4368092413956, 1727.1171382681644, 11.758808601079108]}