{"rotation": [0.3654465802191604, -0.006580301032915901, 0.008134098540386353, -0.9307735133131864], "translation": [3165.447322962629, 1727.0993475662406, 11.768809783160481]}