{"rotation": [0.49993501535542606, -0.004978174084530545, -0.004887344579268544, -0.8660348215096882], "translation": [3151.2437148871772, 1713.0706986488906, 11.929066245596479]}