{"rotation": [0.36543083443372554, -0.005582957520362222, 0.008685738890696737, -0.9307812276632569], "translation": [3165.3884478927853, 1727.0405109406304, 11.780926936137536]}