{"rotation": [0.37385420869929714, -0.008799716220508695, 0.00015833384668748637, -0.9274457237826125], "translation": [3155.062932526026, 1717.4526293924098, 11.836355577314315]}