{"rotation": [0.36542915993881225, -0.0066326147619132515, 0.008144616369163544, -0.930779889507736], "translation": [3165.389991580629, 1727.0415715977886, 11.77902922367207]}