{"rotation": [0.3655277006887078, -0.009348508762599883, 0.006614700934132128, -0.9307300098012817], "translation": [3165.0264844280755, 1726.7037661408228, 11.755544478555342]}