{"rotation": [0.36545532427820754, -0.009405242509637424, 0.006881043545034485, -0.9307559285923332], "translation": [3165.1260876152846, 1726.79585032644, 11.757061462173509]}