{"rotation": [0.3666876891145952, -0.002489989719939355, 0.0034422670393343883, -0.9303343965481565], "translation": [3158.4603168769713, 1720.6624589236324, 11.838451363502731]}