{"rotation": [0.5831353834819134, -0.0063432227560744625, -0.004436020059655393, -0.8123381129692849], "translation": [3150.4158745063, 1711.3216421148811, 11.946673463006432]}