{"rotation": [0.36670188959785427, -0.0024546243884129575, 0.003423786800212683, -0.9303289615337264], "translation": [3158.4010870195875, 1720.6072553372314, 11.834416013234009]}