{"rotation": [0.5897237069350182, -0.006859819602695785, -0.004385495733752936, -0.8075640282856886], "translation": [3150.3665397124987, 1711.1788721401813, 11.946539843527471]}