{"rotation": [0.3658351354097747, -0.005874353562285727, 0.007440230707767952, -0.93063139246264], "translation": [3165.4352997261212, 1727.1179751695877, 11.757226552828369]}