{"rotation": [0.48241342520549885, -0.005868295616130017, -0.004200888888727081, -0.8759139243216795], "translation": [3151.487152137591, 1713.461427172694, 11.921654025936245]}