{"rotation": [0.6095058083939985, -0.007615273051287757, -0.004935557701049132, -0.7927296622560003], "translation": [3150.2355652874035, 1710.7501453818575, 11.948409782718636]}