{"rotation": [0.622878589641773, -0.007410866592950234, -0.0047265642015388515, -0.7822691360478605], "translation": [3150.1586002293425, 1710.4552199464022, 11.949285919102355]}