{"rotation": [0.36605395948401787, -0.005670131378219167, 0.007284628385212524, -0.9305478400090541], "translation": [3165.437091709319, 1727.1182552379016, 11.760073386826722]}