{"rotation": [0.3654777782510366, -0.00938582905529564, 0.006824903528013056, -0.9307477211948811], "translation": [3165.1006345403116, 1726.7721236613233, 11.756666393742604]}