{"rotation": [0.3655791755232047, -0.0063042221290935925, 0.007948953240910436, -0.9307249525770194], "translation": [3165.4430857882726, 1727.1075855713823, 11.76418530225562]}