{"rotation": [0.3650919513077841, -0.002098635884241653, 0.004296516398021131, -0.9309591842634893], "translation": [3160.0184795461178, 1722.0941621459076, 11.83512018337392]}