{"rotation": [0.36795773270985904, -0.0029291798219864946, 0.0033965949832758303, -0.929831699818365], "translation": [3157.7146319888857, 1719.9697275468357, 11.821673656313735]}