{"rotation": [0.36545974468181935, -0.006720089760728406, 0.008090137032237741, -0.9307677288633867], "translation": [3165.4461404533486, 1727.0983023348535, 11.768611616379422]}