{"rotation": [0.36872176267053697, -0.010581665650594365, -8.678568679281213e-05, -0.9294795761895125], "translation": [3157.423440519249, 1719.6959739481251, 11.791947110117954]}