{"rotation": [0.3657008164916094, -0.00598907474742147, 0.007646804871159268, -0.9306817770732929], "translation": [3165.438949649507, 1727.112888628134, 11.758292028151411]}