{"rotation": [0.3655027140354402, -0.005926690052138423, 0.007550697067055558, -0.9307607787995553], "translation": [3165.4615523788793, 1727.1020033963844, 11.768134318188785]}