{"rotation": [0.3657248649066707, -0.005917320082550874, 0.00757355462674194, -0.9306733851262504], "translation": [3165.437052905724, 1727.1157673212458, 11.757652174423392]}