{"rotation": [0.3672537943482677, -0.003781072762587081, 0.003241872164415794, -0.930107436961147], "translation": [3158.148190479675, 1720.374575892108, 11.832250385055286]}