{"rotation": [0.3695542869055143, -0.0111808375529018, -0.0005018819461116929, -0.9291417362361271], "translation": [3157.1074125077785, 1719.3988585558063, 11.791425492032612]}