{"rotation": [0.37083969918315096, -0.011529082204742564, -0.00026128075885124385, -0.9286252901497091], "translation": [3156.5300406896067, 1718.8513628432736, 11.794786332303199]}