{"rotation": [0.37143284759148365, -0.012340320547666362, -0.0005447305518080372, -0.9283776491748864], "translation": [3156.160865946416, 1718.4988510868739, 11.804041396923404]}