{"rotation": [0.36542580302858074, -0.0067178454887283365, 0.008098898823457141, -0.9307809951168717], "translation": [3165.390062586279, 1727.0415641135623, 11.778915468143602]}