{"rotation": [0.36504523543230794, -0.004713786625320881, 0.004107011621574371, -0.9309687904325054], "translation": [3161.5914444311757, 1723.5366587239328, 11.80974581007752]}