{"rotation": [0.36756256984633673, -0.007415991844502328, 0.0015673515248667096, -0.9299679046731218], "translation": [3157.914186558036, 1720.1574771692522, 11.806670781252391]}