{"rotation": [0.36578772658128295, -0.005893875979511232, 0.007484492655099575, -0.9306495493353718], "translation": [3165.4348973580186, 1727.1178307946875, 11.756922395395978]}