{"rotation": [0.36757906774323745, -0.0077701622467738155, 0.0014240147908360986, -0.9299587225880226], "translation": [3157.8932268393883, 1720.1354490708663, 11.807239127812649]}