{"rotation": [0.5241124955037354, -0.004287947520289395, -0.005282991508704906, -0.8516218618398833], "translation": [3150.95333681717, 1712.5507792515207, 11.939667088365105]}