{"rotation": [0.3682717050695194, -0.004784209317537793, 0.0026031822015904747, -0.9297022566546884], "translation": [3157.591110588529, 1719.8513839732698, 11.816582085130475]}