{"rotation": [0.36549353968871523, -0.00946267449910412, 0.006695513974277164, -0.9307416936668078], "translation": [3165.07868906834, 1726.7520851865152, 11.759497354182468]}