{"rotation": [0.3656761397556277, -0.0060551473154471175, 0.007662803030317246, -0.9306909140279224], "translation": [3165.4415866171657, 1727.1096797959328, 11.759149631484885]}