{"rotation": [0.3654597290090342, -0.00787590877230581, 0.007593314462079513, -0.9307628581486982], "translation": [3165.4345299367596, 1727.0861838117694, 11.76717812608853]}