{"rotation": [0.3659812927236237, -0.005770893047321281, 0.007321752187842295, -0.9305755112373642], "translation": [3165.4353133929308, 1727.1185298277082, 11.758666733465722]}