{"rotation": [0.365729252671728, -0.008145135205630444, 0.005590130534664375, -0.9306688567655345], "translation": [3163.5092098071323, 1725.302142030456, 11.77489732730989]}