{"rotation": [0.36543892353107693, -0.00693981289070651, 0.007969312645687359, -0.9307753339133161], "translation": [3165.3894668446683, 1727.0410808900047, 11.777669307844093]}