{"rotation": [0.36587714902044366, -0.005867890093656594, 0.007418669932633899, -0.9306150885446418], "translation": [3165.435110769431, 1727.1182607720236, 11.757291095332258]}