{"rotation": [0.365829740687993, -0.00840901027920423, 0.006004342795246007, -0.9306244340451616], "translation": [3163.6994529909966, 1725.4777114767285, 11.768880992299476]}