{"rotation": [0.3654981249062914, -0.008048026851150001, 0.007529087491129773, -0.9307468306662877], "translation": [3165.3956246045027, 1727.0499443102235, 11.756111622654934]}