{"rotation": [0.3658184774782364, -0.005759103395512375, 0.007405147683976059, -0.9306389407559537], "translation": [3165.457335327706, 1727.1064229401907, 11.769614409889488]}