{"rotation": [0.3659193637602514, -0.0024690904431268965, 0.003562850018531326, -0.9306364644249773], "translation": [3159.1173514054185, 1721.2670103146852, 11.84220790313374]}