{"rotation": [0.3656613005395199, -0.00621754286205969, 0.007838764289866428, -0.9306942082246528], "translation": [3165.4421338553443, 1727.1092449312528, 11.762285016305682]}