{"rotation": [0.3719479965986049, -0.012149786515188785, -0.0003028585780949705, -0.92817400243198], "translation": [3155.81721712332, 1718.171700589437, 11.809175481281445]}