{"rotation": [0.39408288044286643, -0.007031595698911554, -0.001759282232736063, -0.9190463236038791], "translation": [3153.5427189259767, 1715.961388633165, 11.876205155151471]}