{"rotation": [0.3654834673375802, -0.006354447433434275, 0.008124397253390703, -0.9307606836722234], "translation": [3165.446319621112, 1727.1032638625943, 11.767731233527305]}