{"rotation": [0.36835996018452777, -0.007269053603870195, 0.0015412013431153105, -0.9296535512173216], "translation": [3157.5497938186595, 1719.8147053433102, 11.800635197886773]}