{"rotation": [0.3655072053500629, -0.009460672467873453, 0.006631872696373567, -0.9307368031716494], "translation": [3165.050811688926, 1726.7261935456897, 11.759398612822672]}