{"rotation": [0.3652929990615842, -0.0064442904993252505, 0.004323371094363394, -0.9308602496717401], "translation": [3162.0818092721624, 1723.9875179988715, 11.797407187338106]}