{"rotation": [0.3658579399020737, -0.00848995868877817, 0.0061188222946482376, -0.9306118677653966], "translation": [3164.114022428336, 1725.8599347500974, 11.761878436769047]}