{"rotation": [0.36654662320322084, -0.0027188952085937337, 0.003651569749961332, -0.9303885460739089], "translation": [3158.568079037212, 1720.7612282300663, 11.838557550475983]}