{"rotation": [0.3702743824663427, -0.011285928894645325, -0.0001602249902918424, -0.9288538549341905], "translation": [3156.795211430889, 1719.1023384571158, 11.797091009475064]}