{"rotation": [0.36547100752244766, -0.005950964304477078, 0.007586184574924307, -0.930772785639959], "translation": [3165.4617349369555, 1727.1017587773626, 11.768072327150193]}