{"rotation": [0.37156771670330213, -0.01234335630480473, -0.0004738620777916935, -0.9283236768033866], "translation": [3156.0763160787496, 1718.4190916735606, 11.803520115429233]}