{"rotation": [0.3650452294621123, -0.00471375159114022, 0.004107009557738628, -0.9309687929599915], "translation": [3161.591437303916, 1723.5366521813562, 11.809745945717875]}