{"rotation": [0.3660518745919784, -0.005576938570253101, 0.007169769506892592, -0.9305501153990042], "translation": [3165.4428022853444, 1727.1136881641255, 11.762636853496204]}