{"rotation": [0.36543720820688474, -0.007131697561359937, 0.007873125273355907, -0.9307753755048966], "translation": [3165.3870950508294, 1727.0388021121316, 11.776132990337139]}