{"rotation": [0.3675068362433887, -0.006834142383177037, 0.0018006798058681991, -0.9299939663054263], "translation": [3157.964540182134, 1720.2027167388094, 11.813501462137355]}