{"rotation": [0.5630986144809277, -0.004977569881266906, -0.004860152461824447, -0.8263604256532281], "translation": [3150.576701377342, 1711.7437688444688, 11.949177632739556]}