{"rotation": [0.36568843479696905, -0.006002054481009781, 0.007653179461399042, -0.9306865062102714], "translation": [3165.438473960765, 1727.1133998727842, 11.758336559011422]}