{"rotation": [0.36830775435709334, -0.0029866534774141006, 0.0034153932125024398, -0.9296928595351504], "translation": [3157.587400110175, 1719.8482040682643, 11.824575468121402]}