{"rotation": [0.36521318224496657, -0.005794435224460912, 0.004264743390407838, -0.9308961102071209], "translation": [3161.8397103322077, 1723.7649486913788, 11.805454181143027]}