{"rotation": [0.36479097960531714, -0.0027010515439658753, 0.004237095579002769, -0.9310758790454216], "translation": [3160.5735344414024, 1722.6034205307176, 11.827092423860249]}