{"rotation": [0.364730849903774, -0.002563863571379984, 0.004343009798392324, -0.9310993351935921], "translation": [3160.7177015539723, 1722.7357632117885, 11.820261260266337]}