{"rotation": [0.36566518035549056, -0.00623508515146115, 0.007839414183896831, -0.9306925610393553], "translation": [3165.44188885485, 1727.1096237418421, 11.762480621948146]}