{"rotation": [0.37181548174770696, -0.012253169193740776, -0.00031156244199261854, -0.9282257324090272], "translation": [3155.9054069536405, 1718.255342577986, 11.807136183900747]}