{"rotation": [0.3654341737129904, -0.009440295702926354, 0.006951922252493771, -0.9307633513824771], "translation": [3165.1944868250425, 1726.8595515672416, 11.758251592354549]}