{"rotation": [0.365834339909398, -0.005882789246955291, 0.007459586398716427, -0.9306314969441402], "translation": [3165.4341936951487, 1727.1190174038252, 11.757132399268466]}