{"rotation": [0.3655044912868713, -0.006326620174848974, 0.008060056493775183, -0.9307531768495909], "translation": [3165.4448404542786, 1727.1051276169803, 11.76632692797327]}