{"rotation": [0.5303542943145899, -0.00415071415577822, -0.005614213580617304, -0.8477473530952142], "translation": [3150.885749753364, 1712.4206479408003, 11.9439836574459]}