{"rotation": [0.3650089334692878, -0.0022844204831516156, 0.0043663945495466695, -0.9309909744510454], "translation": [3160.1511013502454, 1722.2165979216854, 11.835344370490937]}