{"rotation": [0.36997299875814454, -0.011135430217272767, -9.300816133701837e-05, -0.9289757659558533], "translation": [3156.903834891672, 1719.2063732908944, 11.790664225176688]}