{"rotation": [0.42526091003674255, -0.005852902705226233, -0.004799578784145578, -0.9050391516217072], "translation": [3152.547674733455, 1714.8730239308943, 11.901170379482854]}