{"rotation": [0.3656764609554127, -0.0021313238323665373, 0.003872052821370196, -0.9307315351747757], "translation": [3159.4742470491597, 1721.5959180313507, 11.840024832052581]}