{"rotation": [0.3684558330760778, -0.008730477385605154, 0.0009018319762347889, -0.9296038212786777], "translation": [3157.5168681130504, 1719.7843460588442, 11.795350846785281]}