{"rotation": [0.36499390699453044, -0.0024274266418933942, 0.004451930641977146, -0.9309960986869523], "translation": [3160.217055581055, 1722.2770167600845, 11.83221000550193]}