{"rotation": [0.3656556375892795, -0.007827007366298605, 0.005294135542216617, -0.9307022428165337], "translation": [3163.1798344477284, 1724.998557123279, 11.77648816862375]}