{"rotation": [0.36562203115344016, -0.009341319160563234, 0.006511508242246513, -0.930693757555075], "translation": [3164.566977527942, 1726.2782809162286, 11.756176048161956]}