{"rotation": [0.3651643086859129, -0.005399434526070753, 0.004248320196532485, -0.9309177329626103], "translation": [3161.7519719143893, 1723.6841776424621, 11.803825560064677]}