{"rotation": [0.3647820636315705, -0.0027687399171401265, 0.004000301289493185, -0.9310802208840855], "translation": [3161.186747460966, 1723.1660402887403, 11.817645488927537]}