{"rotation": [0.36546763858266695, -0.00810674553688616, 0.0075037876118958175, -0.9307584966021448], "translation": [3165.429736452159, 1727.081708634313, 11.766856746352083]}