{"rotation": [0.36475424565133846, -0.002371360913555315, 0.004133271357833747, -0.931091635122249], "translation": [3160.9481920563985, 1722.9478272389022, 11.819316746072305]}