{"rotation": [0.3654645694659181, -0.006182177812571734, 0.008368360489723557, -0.9307671028164344], "translation": [3165.3754272654332, 1727.0301074680658, 11.762942854093126]}