{"rotation": [0.36545477765222983, -0.006391221479139665, 0.00814911513502454, -0.9307714809241202], "translation": [3165.447405311319, 1727.102040684547, 11.768780976814964]}