{"rotation": [0.3649828425402119, -0.004277187729991018, 0.0041117237605551036, -0.93099534050612], "translation": [3161.507328855658, 1723.4594582226946, 11.810412945320042]}