{"rotation": [0.368258783078746, -0.0051642852621083, 0.002423907064406877, -0.9297058263330589], "translation": [3157.5909309065282, 1719.8520784792204, 11.815375488011544]}