{"rotation": [0.36833424007978666, -0.0036879468264318354, 0.00312884978677977, -0.9296808575699853], "translation": [3157.593952781444, 1719.8548029503302, 11.823206774123262]}