{"rotation": [0.3917121949413447, -0.007156583194149388, -0.001500054312733665, -0.920058742411743], "translation": [3153.6445083718995, 1716.0652336416745, 11.873094084826326]}