{"rotation": [0.36550271698340714, -0.0059266840798427945, 0.007550693222877293, -0.9307607777111254], "translation": [3165.461552362816, 1727.102003434287, 11.7681343340562]}