{"rotation": [0.47748688276866325, -0.006069942420335718, -0.004208561029571109, -0.8786078309444659], "translation": [3151.561628886708, 1713.5733173706283, 11.919059798230288]}