{"rotation": [0.3658027732196345, -0.005891291927629954, 0.007476249389365329, -0.930643717799307], "translation": [3165.436774729978, 1727.1158269183657, 11.757070195662543]}