{"rotation": [0.3683209219964176, -0.0030317493996502346, 0.0034000899846014752, -0.9296875530539189], "translation": [3157.5885962494885, 1719.8502758358954, 11.824546781545505]}