{"rotation": [0.36568440277800945, -0.00872330385391849, 0.0063009493435271634, -0.9306766998115582], "translation": [3164.3259582245796, 1726.055192618132, 11.75825199064745]}