{"rotation": [0.36668512205625625, -0.002479303860626857, 0.003436955058717829, -0.9303354565181742], "translation": [3158.4547519907273, 1720.6574640239965, 11.838537688819628]}