{"rotation": [0.36547149738113416, -0.009011552970827234, 0.007247534254614939, -0.9307506915185579], "translation": [3165.3356239271375, 1726.9906845471553, 11.76536672338278]}