{"rotation": [0.3660629235222664, -0.0026096029895656945, 0.0036641696799826888, -0.9305792281450971], "translation": [3158.9306088699923, 1721.0940172188525, 11.834738019338694]}