{"rotation": [0.3658407273158627, -0.00588723579884354, 0.007429772725934019, -0.9306291963875248], "translation": [3165.436613298469, 1727.1166270267795, 11.757299523520635]}