{"rotation": [0.3658027709085387, -0.005891290391960733, 0.007476250215270008, -0.9306437187108026], "translation": [3165.4367746002513, 1727.115827060745, 11.757070186875916]}