{"rotation": [0.36563276598267674, -0.006257393853626021, 0.007891258617146882, -0.9307047080032715], "translation": [3165.442858886214, 1727.1080966613756, 11.762786492428763]}