{"rotation": [0.3673949788221236, -0.005825283622021927, 0.00227290747906353, -0.9300439933135454], "translation": [3158.020869154569, 1720.255448094143, 11.81585273731082]}