{"rotation": [0.3656686182933751, -0.007967846632000695, 0.0053487657196904835, -0.9306956353828779], "translation": [3163.233795515806, 1725.0484663921834, 11.77828582351481]}