{"rotation": [0.5367134951173592, -0.004191533549057719, -0.005492014788967503, -0.8437362698017511], "translation": [3150.8180066554023, 1712.2848346133935, 11.945689844650468]}