{"rotation": [0.37286348018305443, -0.010196218345493318, 0.0003933482668069828, -0.927830107053211], "translation": [3155.3537092755264, 1717.7298081708102, 11.825901335250073]}