{"rotation": [0.3653085018843231, -0.006864836597131899, 0.004563505680427749, -0.9308500130984748], "translation": [3162.2464077341415, 1724.1386656119817, 11.79605938177937]}