{"rotation": [0.3683277424738361, -0.005857987252918278, 0.00201884538466118, -0.9296753639700178], "translation": [3157.5679227219966, 1719.8308503606625, 11.804474674352505]}