{"rotation": [0.3658343387311834, -0.005882790209507313, 0.007459589796494652, -0.9306314973739803], "translation": [3165.434193898144, 1727.1190171585536, 11.757132389653014]}