{"rotation": [0.365430655280639, -0.009420698868760223, 0.006951650999076158, -0.9307649333544824], "translation": [3165.1721856562026, 1726.83876691424, 11.757378165138917]}