{"rotation": [0.36552736968907, -0.009343297223483234, 0.006503068744046753, -0.930730978802196], "translation": [3164.9858481654037, 1726.6664762287548, 11.75529086854944]}