{"rotation": [0.3682980548355335, -0.0030326393331257693, 0.0033884245984310305, -0.9296966518611209], "translation": [3157.5873628174368, 1719.8501649494074, 11.824120850597346]}