{"rotation": [0.36543754120317745, -0.009473695811932713, 0.006949437006385613, -0.9307617084368767], "translation": [3165.2148701523483, 1726.878602618045, 11.758663382564047]}