{"rotation": [0.36559551231301385, -0.0063038530843190915, 0.007954567213264716, -0.9307184900244144], "translation": [3165.4436546739325, 1727.1067839191255, 11.764378536285367]}