{"rotation": [0.3654357101293613, -0.00499392091786138, 0.00892679629672913, -0.9307803794794948], "translation": [3165.391082298917, 1727.0431282895954, 11.782760191879035]}