{"rotation": [0.3656236815829149, -0.006257651121213371, 0.007905601339701869, -0.93070815336262], "translation": [3165.442611969346, 1727.108468305685, 11.763023978341264]}