{"rotation": [0.38951101057307663, -0.007329169008325241, -0.0013018556238165197, -0.9209917269421711], "translation": [3153.745023186787, 1716.1677812165262, 11.870469582091042]}