{"rotation": [0.3654203079893063, -0.007327558597687426, 0.004766075716800388, -0.9308015846120266], "translation": [3162.7137528633057, 1724.568924189461, 11.783749427375955]}