{"rotation": [0.3666851216753709, -0.002479306027549622, 0.0034369570444655576, -0.9303354566551867], "translation": [3158.454753296185, 1720.6574651900746, 11.838537666000592]}