{"rotation": [0.6029123428138403, -0.007497806191866356, -0.004704971716869179, -0.7977583299635166], "translation": [3150.2775854474135, 1710.8931230392222, 11.946256307640791]}