{"rotation": [0.3661309833571112, -0.00552715766976555, 0.0071484849850722175, -0.9305194531639124], "translation": [3165.441864136633, 1727.116703247987, 11.764925289996459]}