{"rotation": [0.3657248630795039, -0.005917320430249552, 0.0075735515333315885, -0.930673385867231], "translation": [3165.4370527888404, 1727.1157674462575, 11.757652131289834]}