{"rotation": [0.3655916752287544, -0.0062866302097857535, 0.007948800932407836, -0.9307201630177436], "translation": [3165.443563920557, 1727.1070916381514, 11.763794441574674]}