{"rotation": [0.3652131852653336, -0.005794448010371262, 0.004264746691576218, -0.9308961089274469], "translation": [3161.839713977234, 1723.7649520532602, 11.805454162733955]}