{"rotation": [0.37226871465937267, -0.01163837815464416, -0.00010937692176250156, -0.9280520137775022], "translation": [3155.63684112564, 1717.9998160472257, 11.816236889126083]}