{"rotation": [0.3661737013146229, -0.0027213838067635834, 0.003616249988550024, -0.9305355110213398], "translation": [3158.8105999008535, 1720.9830374284138, 11.835996790301262]}