{"rotation": [0.3661098643878049, -0.005536748361120235, 0.007146933358424001, -0.9305277174588079], "translation": [3165.4425387166657, 1727.1159688940363, 11.76531604345695]}