{"rotation": [0.3654714969492509, -0.009011538382959657, 0.007247540275271501, -0.9307506917825012], "translation": [3165.3356245180157, 1726.9906851040025, 11.765366759021779]}