{"rotation": [0.3649939064367632, -0.0024274184434946973, 0.004451927524918102, -0.9309960989419046], "translation": [3160.2170525980905, 1722.2770140215014, 11.832210078947657]}