{"rotation": [0.36563396626283795, -0.0020895545972316252, 0.003859943868301119, -0.9307483748628437], "translation": [3159.5316730609593, 1721.648284545662, 11.839844648572758]}