{"rotation": [0.3656020713378335, -0.006273998286420671, 0.007916920313112788, -0.930716436274628], "translation": [3165.443404126316, 1727.1075366052132, 11.763374711284486]}