{"rotation": [0.3705832964707031, -0.011308523974732745, -0.0002380897909615717, -0.9287303596715633], "translation": [3156.6684845733002, 1718.981226099972, 11.797374808067486]}