{"rotation": [0.37058329946998947, -0.011308527681703266, -0.00023808867073500854, -0.9287303584299337], "translation": [3156.668482754023, 1718.9812244045977, 11.797374804601269]}