{"rotation": [0.3651462851168299, -0.0020338050914084247, 0.004316110416817871, -0.9309379277336909], "translation": [3159.9507944743677, 1722.032500358503, 11.8344945884244]}