{"rotation": [0.3656260302525654, -0.006115738288697632, 0.007817814750055904, -0.9307089155689162], "translation": [3165.441758712001, 1727.1097583769313, 11.761602690835474]}