{"rotation": [0.3660835147645917, -0.005549529352312555, 0.007153439984479211, -0.9305379579780501], "translation": [3165.4428230676713, 1727.1147693552157, 11.763955423656826]}