{"rotation": [0.36542944280562445, -0.004980909046286054, 0.008954855586528998, -0.9307826402749828], "translation": [3165.391141307161, 1727.043035423596, 11.783756815998412]}