{"rotation": [0.3657314765261336, -0.005933432879992978, 0.007628788555417409, -0.9306702332391692], "translation": [3165.437312824535, 1727.114920228457, 11.758136719445716]}