{"rotation": [0.3655273808887463, -0.00934329980038909, 0.006503085470910874, -0.9307309742609899], "translation": [3164.985855118479, 1726.6664827437944, 11.75529097415001]}