{"rotation": [0.36608447963829843, -0.005544044203630714, 0.007179735050668772, -0.9305374085690626], "translation": [3165.4397680753623, 1727.1168372651377, 11.762475311894121]}