{"rotation": [0.36643720624705595, -0.0028367327696739416, 0.0036926751668712354, -0.9304311317744899], "translation": [3158.6349014832736, 1720.8239430192189, 11.841899543563658]}