{"rotation": [0.3654653349874386, -0.009367609876733123, 0.007057976106394354, -0.9307510525274727], "translation": [3165.30251656191, 1726.9599489366758, 11.764364501062564]}