{"rotation": [0.3697686759546145, -0.011226619180215211, -0.00034261331614978546, -0.9290559573678376], "translation": [3157.013960795095, 1719.309280967559, 11.7939940619491]}