{"rotation": [0.3684558297837812, -0.008730446081454173, 0.0009018488929453302, -0.9296038228611898], "translation": [3157.516869103844, 1719.7843469272573, 11.795350971309546]}