{"rotation": [0.5432010177306025, -0.004397529390429287, -0.005125930426110876, -0.8395755123328483], "translation": [3150.7544751893056, 1712.1492529691466, 11.94531854647558]}