{"rotation": [0.36558436046888665, -0.009339457423494346, 0.006638115224165414, -0.9307076798554209], "translation": [3164.698950643501, 1726.400291520239, 11.757717206053302]}