{"rotation": [0.3653585223695614, -0.007147145957322046, 0.004643733471621043, -0.9308278595830918], "translation": [3162.485588375664, 1724.3590637669136, 11.791445256326048]}