{"rotation": [0.36834758604814083, -0.006338084035813869, 0.0018562680603480773, -0.9296646916023813], "translation": [3157.5645611603536, 1719.8270022511085, 11.804909960669193]}