{"rotation": [0.47209691838680506, -0.006270182982402307, -0.0043207210505306504, -0.8815137638316562], "translation": [3151.645912312051, 1713.6962739445917, 11.916658350774435]}