{"rotation": [0.3655843631613224, -0.009339462936989182, 0.00663811065314225, -0.9307076787751005], "translation": [3164.698943087609, 1726.400284567417, 11.75771734409829]}