{"rotation": [0.3654451483540908, -0.007569827943786173, 0.007678552350360424, -0.9307704234037311], "translation": [3165.383825973694, 1727.0357746298264, 11.775035139632665]}