{"rotation": [0.3655081823845249, -0.009154832078927796, 0.006490107219056814, -0.9307404773447069], "translation": [3164.8464333297607, 1726.5371529466865, 11.751844801330785]}