{"rotation": [0.3655990000264997, -0.006284721433632977, 0.007938131092414404, -0.930717389721974], "translation": [3165.443148293131, 1727.1078806875094, 11.763599860889256]}