{"rotation": [0.3658728211648585, -0.0023328869054067432, 0.003625836208325752, -0.9306548714122462], "translation": [3159.1607738693738, 1721.3063974654065, 11.838152062598269]}