{"rotation": [0.3655042597674982, -0.006342355219712023, 0.008075898308171934, -0.9307530233572149], "translation": [3165.4459271783667, 1727.1037410257754, 11.766973524451181]}