{"rotation": [0.365292999407836, -0.006444311521826148, 0.0043233735998645054, -0.9308602493786876], "translation": [3162.0818179379644, 1723.9875259500432, 11.797407000718001]}