{"rotation": [0.482944365571557, -0.005842923022917956, -0.0042127318977617755, -0.8756214095733338], "translation": [3151.479226612219, 1713.4493633418563, 11.921876265185352]}