{"rotation": [0.36556741258018427, -0.006292608738657913, 0.007959669103591043, -0.9307295598628276], "translation": [3165.4442414574814, 1727.1061864184344, 11.764994520388601]}