{"rotation": [0.3764385133372007, -0.007933428194913005, -0.0004941978613672454, -0.9264075032954063], "translation": [3154.6635754800463, 1717.071004938928, 11.84747670461653]}