{"rotation": [0.3714328469339954, -0.012340320147158976, -0.0005447312106253357, -0.9283776494428768], "translation": [3156.1608664026076, 1718.498851515266, 11.804041394385944]}