{"rotation": [0.38951101771030994, -0.00732916810248237, -0.00130185634599915, -0.92099172392984], "translation": [3153.745022839228, 1716.1677808653803, 11.870469590886357]}