{"rotation": [0.36488058540480717, -0.0025823500640194804, 0.004331804594375596, -0.9310406679258152], "translation": [3160.423810542437, 1722.4664602073806, 11.825442702386933]}