{"rotation": [0.36811765690809833, -0.001437185580680053, 0.004118988577163351, -0.9297689815772515], "translation": [3157.6588285509624, 1719.915215692095, 11.830439512086109]}