{"rotation": [0.36829805518412057, -0.0030326384280482213, 0.0033884260241527717, -0.9296966517207848], "translation": [3157.587362819574, 1719.8501649784134, 11.824120856752044]}