{"rotation": [0.36475721757967927, -0.002659284133142904, 0.0043007885160613, -0.931088934339556], "translation": [3160.6453180328667, 1722.6692747994855, 11.823637508040473]}