{"rotation": [0.370274383425619, -0.011285929028235437, -0.0001602255202588226, -0.928853854550074], "translation": [3156.795211010786, 1719.1023380643796, 11.797091010226792]}