{"rotation": [0.3687217590740691, -0.010581648913799094, -8.677350056457464e-05, -0.9294795778078982], "translation": [3157.423442015253, 1719.6959753057151, 11.791947153996665]}