{"rotation": [0.364993907095664, -0.0024274281284162352, 0.004451931207158181, -0.9309960986407247], "translation": [3160.2170561219223, 1722.2770172566402, 11.832209992184833]}