{"rotation": [0.3652929996113279, -0.006444323876735558, 0.004323375072345795, -0.9308602492064607], "translation": [3162.08182303085, 1723.9875306229417, 11.797406891041279]}