{"rotation": [0.36834715488901243, -0.005964077023114243, 0.0019794595952721925, -0.929667082890506], "translation": [3157.5696048689365, 1719.832539649229, 11.805944310064874]}