{"rotation": [0.3655191900061016, -0.006317712783831474, 0.008050529834116511, -0.9307475475185817], "translation": [3165.4450591737495, 1727.1050653879045, 11.766142599655085]}