{"rotation": [0.3673728756216348, -0.00482776613934499, 0.0027190236075726034, -0.9300572400891336], "translation": [3158.073570712445, 1720.3033532663687, 11.82017400415367]}