{"rotation": [0.36737406351223206, -0.005505722445847094, 0.002433320149440972, -0.9300537959881192], "translation": [3158.0391090367457, 1720.2728938920932, 11.817436586250954]}