{"rotation": [0.3659194050358132, -0.0058387295036881936, 0.007390302789945297, -0.930598883343781], "translation": [3165.434472774219, 1727.1193761722232, 11.757791974042865]}