{"rotation": [0.3673728782085187, -0.004827722703379075, 0.0027190431087347556, -0.9300572392357693], "translation": [3158.073572911659, 1720.3033552113677, 11.820174192490528]}