{"rotation": [0.3654981256517194, -0.008048009712545373, 0.0075290930089947266, -0.930746830477122], "translation": [3165.3956241041856, 1727.0499438333325, 11.756111640421242]}