{"rotation": [0.3734607653971304, -0.009250761747591298, 0.0002877103342257155, -0.9275998045163887], "translation": [3155.162260531021, 1717.5470466729112, 11.833999347848012]}