{"rotation": [0.3654680592565115, -0.00947252526971268, 0.007006754786710395, -0.9307493079855889], "translation": [3165.2890200792763, 1726.94733292397, 11.764246474718492]}