{"rotation": [0.36578000608431027, -0.005781260020487791, 0.007424507719900251, -0.9306537706723456], "translation": [3165.458257732666, 1727.1056582689291, 11.769349635357054]}