{"rotation": [0.3653085014748573, -0.006864842783533882, 0.004563511524518938, -0.9308500131848939], "translation": [3162.2464107900796, 1724.1386684173992, 11.796059359201728]}