{"rotation": [0.3658724152464308, -0.005868990614996543, 0.007420127217261751, -0.9306169310854945], "translation": [3165.4344942472703, 1727.1188180256793, 11.757219711671832]}