{"rotation": [0.3696668018507297, -0.011191583728311826, -0.00046264056395050446, -0.929096867945864], "translation": [3157.0610274459987, 1719.355710731503, 11.791617903855785]}