{"rotation": [0.3662182707507569, -0.002738071802048098, 0.0036539017276748928, -0.9305177752914217], "translation": [3158.7724887245354, 1720.9485685695777, 11.837034814134032]}