{"rotation": [0.36566668701302507, -0.006230602555589217, 0.007849803503380536, -0.9306919115290898], "translation": [3165.4428465086835, 1727.1086583446497, 11.7624969874528]}