{"rotation": [0.3659480799224561, -0.005671093063657226, 0.00731804429340094, -0.9305892153535044], "translation": [3165.4545362844797, 1727.1086862606282, 11.769938497737769]}