{"rotation": [0.3648777414225975, -0.0034846235310777053, 0.003980364103239883, -0.931040411536898], "translation": [3161.348221177803, 1723.3139506535936, 11.815728142351675]}