{"rotation": [0.36545329626576445, -0.006383764182406478, 0.008145983057870664, -0.9307721411620418], "translation": [3165.447404009003, 1727.1020771672277, 11.768728527984699]}