{"rotation": [0.5118486622788292, -0.0047719968792686715, -0.004749964349675565, -0.8590492493494386], "translation": [3151.0947025801, 1712.8130887901998, 11.93479682051686]}