{"rotation": [0.365870005902594, -0.008625773168487161, 0.006137535259160959, -0.93060575190519], "translation": [3164.061363459551, 1725.8120649110474, 11.765122093646763]}