{"rotation": [0.36544768142636147, -0.00643292554467839, 0.008189663403196224, -0.9307736239399866], "translation": [3165.4480850805257, 1727.1007482563466, 11.769257351070959]}