{"rotation": [0.44242080458903077, -0.00676374483812791, -0.0037734959662703623, -0.8967741321819849], "translation": [3152.174171531455, 1714.4147305242614, 11.909192404889938]}