{"rotation": [0.3655890419130438, -0.006286344916747804, 0.007949121915963513, -0.9307211965790054], "translation": [3165.4433178061977, 1727.107401733165, 11.76401741716054]}