{"rotation": [0.36832980993032655, -0.0031630676094058265, 0.003341477534948332, -0.9296838068116876], "translation": [3157.5903605603794, 1719.8527384712884, 11.824249292655486]}