{"rotation": [0.36576525884870076, -0.008312344365193906, 0.005768464317304981, -0.9306521397224193], "translation": [3163.5782624850744, 1725.36532141628, 11.776438799238083]}