{"rotation": [0.36545477736098125, -0.006391222096720525, 0.008149115587967418, -0.9307714810302687], "translation": [3165.447405314007, 1727.10204067853, 11.768780976703361]}