{"rotation": [0.36923025923545133, -0.011101396077547383, -0.0005314658623815149, -0.9292714846663961], "translation": [3157.2327781607164, 1719.5178785826308, 11.790207459257896]}