{"rotation": [0.3773731058284344, -0.007818427224544025, -0.0006954257984505372, -0.9260280382235164], "translation": [3154.561495149256, 1716.9728570738728, 11.84901061583295]}