{"rotation": [0.36546226241543955, -0.009443101013865918, 0.006991659380818545, -0.9307519966631997], "translation": [3165.250870636527, 1726.9120630152256, 11.758790544181748]}