{"rotation": [0.3681596230160862, -0.0019372757652804371, 0.003971697767878293, -0.9297520984435063], "translation": [3157.636035039066, 1719.89538172105, 11.828679551144162]}