{"rotation": [0.6161577882863623, -0.007539385213364355, -0.004965018241088718, -0.7875710039091894], "translation": [3150.194972021191, 1710.6023225840768, 11.949417038802157]}