{"rotation": [0.36542553877646033, -0.006456053378102713, 0.008222637342121543, -0.9307818666152949], "translation": [3165.3898350826125, 1727.041431843396, 11.779255388726307]}