{"rotation": [0.369768677115209, -0.011226620304116322, -0.00034261015175467385, -0.9290559568935014], "translation": [3157.0139600176185, 1719.3092802469625, 11.793994062245732]}