{"rotation": [0.36986006592461423, -0.011172201669792468, -0.00020364493987253581, -0.9290202753830661], "translation": [3156.95966281742, 1719.2585361864872, 11.792121764446529]}