{"rotation": [0.36491590437043686, -0.0025944023751279387, 0.004440006668502489, -0.9310262822040019], "translation": [3160.3714935879552, 1722.418792547671, 11.826940740655278]}