{"rotation": [0.36835996269224663, -0.007269092528097271, 0.0015411869389818202, -0.9296535499432054], "translation": [3157.549793098966, 1719.814704743857, 11.800635023666409]}