{"rotation": [0.37156769979195375, -0.012343354185749649, -0.0004738871209994416, -0.928323683587658], "translation": [3156.076328777016, 1718.4191036205611, 11.803520004842573]}