{"rotation": [0.36876402381212586, -0.010761492670167468, -0.00021852150256419808, -0.9294607238962562], "translation": [3157.3958439994726, 1719.6708026011838, 11.789783435398656]}