{"rotation": [0.3656587688641417, -0.00888764077621799, 0.006323640403277588, -0.9306850628253595], "translation": [3164.376727061229, 1726.10237381522, 11.757789317170134]}