{"rotation": [0.42927569945983113, -0.005948632718207679, -0.004720114037644409, -0.9031415770218578], "translation": [3152.45562392449, 1714.7622313803822, 11.903707928290318]}