{"rotation": [0.36576525389223835, -0.00831233532490482, 0.0057684516956494234, -0.9306521418293883], "translation": [3163.5782569227804, 1725.365316244937, 11.776438904365056]}