{"rotation": [0.36597613898101544, -0.005751550210662989, 0.007317444306261078, -0.9305776917461258], "translation": [3165.4383841030813, 1727.1156051523233, 11.758961687832333]}