{"rotation": [0.3660181164170768, -0.0025974769321908545, 0.003657967775188416, -0.9305969110414227], "translation": [3158.976526897399, 1721.1376155772589, 11.838827305759532]}