{"rotation": [0.367751137871538, -0.007192388538779029, 0.0017195016699796727, -0.9298948399982137], "translation": [3157.791886768177, 1720.0411944496616, 11.807174050119901]}