{"rotation": [0.3660539566996639, -0.005670131422060637, 0.0072846294975961595, -0.9305478410953733], "translation": [3165.4370918450304, 1727.1182550965336, 11.760073404969875]}