{"rotation": [0.36547857079721224, -0.002019441216189289, 0.003959345778019956, -0.9308091424809984], "translation": [3159.6441863822697, 1721.7512704919955, 11.83707664141005]}