{"rotation": [0.36547343891677264, -0.0071501592004256835, 0.007899680848404188, -0.9307607832908786], "translation": [3165.4446158033293, 1727.096132194871, 11.768881770978489]}