{"rotation": [0.3655044856144718, -0.006326622706317447, 0.008060056526876273, -0.9307531790596344], "translation": [3165.4448404378654, 1727.1051276248593, 11.766326954158982]}