{"rotation": [0.36568237779246116, -0.006062469614350616, 0.00769254857038667, -0.9306881699746263], "translation": [3165.442186025041, 1727.1087388066555, 11.75954038640567]}