{"rotation": [0.3654749459056869, -0.008826773497627864, 0.0073147271678469395, -0.9307505824609066], "translation": [3165.344455161403, 1726.9990233918113, 11.76579794462206]}