{"rotation": [0.3677127655967546, -0.007895782323587395, 0.0014551705492413195, -0.9299047591648069], "translation": [3157.815097727045, 1720.0620476464762, 11.804946436820636]}