{"rotation": [0.3679577335252303, -0.002929171604107003, 0.0033965980569947403, -0.9298316995103623], "translation": [3157.714631819276, 1719.9697273989402, 11.821673677339348]}