{"rotation": [0.3657957561455317, -0.005893661684533748, 0.007480316019264241, -0.9306464282476558], "translation": [3165.4356779152026, 1727.1169782427799, 11.756976133080618]}