{"rotation": [0.36596952926411347, -0.0024393834834106473, 0.003599151171019673, -0.9306166768166537], "translation": [3159.065864432973, 1721.2189266619591, 11.836990521177173]}