{"rotation": [0.3660181086961619, -0.0025974680939343875, 0.003657969306752059, -0.9305969140968267], "translation": [3158.9765328314, 1721.1376210786957, 11.8388275197103]}