{"rotation": [0.36611707046133485, -0.0027226199707629808, 0.00362001612580155, -0.9305577754984125], "translation": [3158.8588437066246, 1721.0287847237369, 11.83723920185198]}