{"rotation": [0.3674300036363906, -0.00613612912272212, 0.002124994309097582, -0.9300285074912154], "translation": [3158.00201724678, 1720.2389091732678, 11.814475796032468]}