{"rotation": [0.4517518694465786, -0.006967781100807281, -0.0038585319994441135, -0.8921080709246284], "translation": [3151.99031376158, 1714.17624467722, 11.912042174976806]}