{"rotation": [0.36568237733017217, -0.006062468958178405, 0.007692548938836436, -0.930688170157496], "translation": [3165.4421860403822, 1727.1087387931293, 11.75954038521386]}