{"rotation": [0.5831350186769871, -0.006343191696209646, -0.0044360212786935995, -0.8123383750795663], "translation": [3150.415877287905, 1711.3216498887732, 11.946673441358538]}