{"rotation": [0.36569067211745193, -0.006104137851884941, 0.00773019351047919, -0.9306843266842211], "translation": [3165.44122799777, 1727.1100209809026, 11.75982905980546]}