{"rotation": [0.3654375433636182, -0.009473697441641256, 0.006949434854960804, -0.9307617075881154], "translation": [3165.214871301421, 1726.8786036902134, 11.75866340295299]}