{"rotation": [0.3764384308464168, -0.00793344127063392, -0.0004941701765967251, -0.9264075367176853], "translation": [3154.663584755228, 1717.0710138606069, 11.847476539931728]}