{"rotation": [0.5630985724681441, -0.004977568199845498, -0.004860152662488303, -0.8263604542905301], "translation": [3150.576701736355, 1711.7437697106766, 11.949177629959133]}