{"rotation": [0.3661736975007081, -0.0027213831757700447, 0.0036162470941554555, -0.9305355125352415], "translation": [3158.8106027727113, 1720.9830400114206, 11.835996732803965]}