{"rotation": [0.37117885524395167, -0.012062963899444903, -0.00044663556625803934, -0.9284829254425853], "translation": [3156.3123861701697, 1718.6438537755266, 11.797729184875838]}