{"rotation": [0.3651060540660724, -0.0051059481607733355, 0.004152904917631672, -0.9309426684594636], "translation": [3161.6733566587545, 1723.6119856965572, 11.807491607551757]}