{"rotation": [0.3658527101021142, -0.008715826336344303, 0.00621463341209988, -0.9306112008856149], "translation": [3164.003525427285, 1725.7581641791346, 11.76528546210519]}