{"rotation": [0.3694544005532306, -0.011199430720236828, -0.0005460763094113495, -0.9291812097024239], "translation": [3157.153472654594, 1719.4416661727344, 11.792823583672673]}