{"rotation": [0.3659870394309617, -0.0057746334019888965, 0.007338272415802293, -0.930573097792744], "translation": [3165.434178472236, 1727.1196103445084, 11.758512175466699]}