{"rotation": [0.3657312384874591, -0.008640507024746384, 0.006228347564344697, -0.9306595567227591], "translation": [3164.277269172989, 1726.0099858538454, 11.760902310044639]}