{"rotation": [0.3652131890911317, -0.0057944642058577025, 0.004264750873056167, -0.930896107306526], "translation": [3161.839718594266, 1723.764956311643, 11.805454139415666]}