{"rotation": [0.36568122620428245, -0.005836034354851822, 0.007463840513705464, -0.9306919321609742], "translation": [3165.4598449173814, 1727.1042054007867, 11.768798389350295]}