{"rotation": [0.36547777784753926, -0.009385825915704993, 0.006824886661599164, -0.9307477215086596], "translation": [3165.1006241297796, 1726.7721141183408, 11.756666256527714]}