{"rotation": [0.3658407249191042, -0.005887235066085914, 0.007429773063927036, -0.9306291973316546], "translation": [3165.4366131812267, 1727.1166271472616, 11.757299514711534]}