{"rotation": [0.5760987434984355, -0.005731581778062656, -0.004574998614940466, -0.817347206575956], "translation": [3150.4681836109917, 1711.4679786697877, 11.948201809119643]}