{"rotation": [0.3666877760419689, -0.002390742937285375, 0.003429295147299167, -0.9303346705268999], "translation": [3158.425956226882, 1720.6295259744843, 11.834519106696662]}