{"rotation": [0.3659344701468479, -0.00581433314811742, 0.007347612427687998, -0.9305934502670868], "translation": [3165.436620002152, 1727.1171654640284, 11.758090444996908]}