{"rotation": [0.3856762418554654, -0.007610754470684672, -0.0010589992616542847, -0.922602184804044], "translation": [3153.948162341669, 1716.3718137446733, 11.863074827009829]}