{"rotation": [0.36568520437875185, -0.006058338317085517, 0.007670042005525248, -0.9306872720151167], "translation": [3165.4409264742217, 1727.1103274177399, 11.759266313351091]}