{"rotation": [0.3655396756366644, -0.009225787268868276, 0.006585059726575419, -0.9307267415160635], "translation": [3164.774935707998, 1726.4713109193892, 11.75472511998635]}