{"rotation": [0.36572690262905794, -0.005919751469211533, 0.007615660794949757, -0.9306722253009138], "translation": [3165.438084102404, 1727.114181124896, 11.75814508918433]}