{"rotation": [0.3654597257531049, -0.00787593080273094, 0.007593305727713287, -0.9307628593119632], "translation": [3165.434529518046, 1727.0861834049992, 11.767178091908697]}