{"rotation": [0.36712739900823227, -0.003426499135707847, 0.003432280131119249, -0.9301580249904985], "translation": [3158.2062298083843, 1720.426747976823, 11.827680650060591]}