{"rotation": [0.372863434257647, -0.010196332128367775, 0.000393337675129661, -0.927830124263162], "translation": [3155.3537297255766, 1717.7298276506742, 11.825900617591737]}