{"rotation": [0.365491707983164, -0.007744593948704123, 0.0076495651128494924, -0.9307509424189178], "translation": [3165.388939948083, 1727.0435676966536, 11.756576188760269]}