{"rotation": [0.365527590802963, -0.009350918521909434, 0.006597680276553144, -0.9307301495597672], "translation": [3165.0162131716047, 1726.694215955821, 11.755378103909143]}