{"rotation": [0.3683475869965376, -0.006338136575737146, 0.0018562502229532557, -0.9296646909040298], "translation": [3157.5645603555295, 1719.8270016035865, 11.804909692074567]}