{"rotation": [0.36598483361394246, -0.005681526257258174, 0.007256654830386148, -0.9305751784700877], "translation": [3165.4519040404725, 1727.1086403577153, 11.768180498454907]}