{"rotation": [0.3656927127697396, -0.008051949332760159, 0.005377971880302582, -0.9306852762118385], "translation": [3163.30552747232, 1725.1148424715495, 11.778377078654305]}