{"rotation": [0.36520582453030687, -0.0020429923581053062, 0.004225201941894281, -0.9309149690384797], "translation": [3159.8903644232796, 1721.9761797502842, 11.835028283886954]}