{"rotation": [0.3719481736976784, -0.012149530833087759, -0.0003028657871678417, -0.9281739348073789], "translation": [3155.8171074244656, 1718.1715965060828, 11.80917763284065]}