{"rotation": [0.3654527852278148, -0.006054342545679282, 0.008448402182854356, -0.9307718470205946], "translation": [3165.3954666468276, 1727.047933171662, 11.779496042641888]}