{"rotation": [0.367562566569842, -0.007415949677232343, 0.0015673675659032588, -0.9299679062773557], "translation": [3157.9141897846453, 1720.157480048893, 11.80667098012082]}