{"rotation": [0.3660018013895607, -0.0025091117516347883, 0.0036384861693625095, -0.9306036466488887], "translation": [3159.020195050839, 1721.177403211671, 11.83771339946751]}