{"rotation": [0.3683342400761442, -0.0036879470857949814, 0.003128849673270202, -0.9296808575707816], "translation": [3157.5939527825535, 1719.8548029520343, 11.82320677347328]}