{"rotation": [0.4424207955450862, -0.006763744532494413, -0.0037734959629901034, -0.8967741366461064], "translation": [3152.1741717095824, 1714.414730749163, 11.909192400689873]}