{"rotation": [0.36568030544775815, -0.006039234181719421, 0.0076683537692245445, -0.9306893349601696], "translation": [3165.4394431553455, 1727.1123248800084, 11.758692344637108]}