{"rotation": [0.3658282283179631, -0.0023647150157263936, 0.0036062385687028378, -0.9306723969969348], "translation": [3159.2147001846115, 1721.3554936522821, 11.840448754198292]}