{"rotation": [0.3657192706844466, -0.005918784091645882, 0.0075894045766492675, -0.9306754450306964], "translation": [3165.4391650543907, 1727.113341223251, 11.758157395491523]}