{"rotation": [0.36568949590531136, -0.0021472205233904547, 0.0038738029949187576, -0.9307263699277569], "translation": [3159.4172954132055, 1721.5439301672118, 11.839559047835788]}