{"rotation": [0.36607257610040467, -0.0055536228548511875, 0.007166734904120797, -0.9305421345706026], "translation": [3165.4412410804757, 1727.1153166114905, 11.762532418670755]}