{"rotation": [0.367139531097671, -0.003485665562181523, 0.003375278193630847, -0.9301532251936164], "translation": [3158.1978220088395, 1720.4198363871512, 11.83398972819688]}