{"rotation": [0.37385425482608753, -0.008799677904608219, 0.00015831984753580993, -0.9274457055547952], "translation": [3155.0629230092263, 1717.4526203685311, 11.836355797784002]}