{"rotation": [0.3654389227619354, -0.00693980127458544, 0.007969317384514491, -0.9307753342613299], "translation": [3165.389466864654, 1727.0410809070365, 11.777669317871716]}