{"rotation": [0.3655158888203903, -0.00935751593339312, 0.006440646892008537, -0.9307357788239414], "translation": [3164.955868748926, 1726.6385667181428, 11.7563985272708]}