{"rotation": [0.36706887148153083, -0.0037199104938272502, 0.0032709306959741204, -0.9301805775587747], "translation": [3158.2699447280465, 1720.4852848466205, 11.83210152663726]}