{"rotation": [0.3658269655871898, -0.008606768366781183, 0.0060505192046642455, -0.9306234179327875], "translation": [3163.765977361361, 1725.538062282169, 11.770279773601905]}