{"rotation": [0.3654847036401241, -0.006356620849524426, 0.00812745190118453, -0.9307601567009947], "translation": [3165.446764853282, 1727.102708954303, 11.767930093731788]}