{"rotation": [0.36709436401753304, -0.0036314366190448857, 0.0033458347401108153, -0.9301706004623758], "translation": [3158.2446680003395, 1720.4626099292602, 11.828656667371137]}