{"rotation": [0.36559695557569205, -0.005885771682236107, 0.007510523626753961, -0.9307243500630796], "translation": [3165.460871010295, 1727.1029602880744, 11.768375426822024]}