{"rotation": [0.36562925609165, -0.006147095184191651, 0.007817339879848976, -0.9307074457142083], "translation": [3165.442626497666, 1727.1088522704456, 11.761788144240024]}