{"rotation": [0.3654476848900161, -0.006432920223969907, 0.00818966418596405, -0.9307736226099452], "translation": [3165.448085107161, 1727.1007482904365, 11.769257334632343]}