{"rotation": [0.365425537997711, -0.006456067253197297, 0.008222631117560962, -0.9307818668797809], "translation": [3165.3898350988175, 1727.041431854759, 11.779255370871176]}