{"rotation": [0.40444742801727596, -0.006439497685440172, -0.0035053657666857005, -0.9145318601615864], "translation": [3153.148358895402, 1715.5467791248263, 11.882706556928289]}