{"rotation": [0.3661102993976273, -0.0055451379527694175, 0.007183241012484388, -0.9305272167801547], "translation": [3165.4385588603636, 1727.1181030221055, 11.762207226321854]}