{"rotation": [0.3839903059512483, -0.007643829665543878, -0.0010820771949506388, -0.9233048499344381], "translation": [3154.0504651016204, 1716.474218992901, 11.86145442327559]}