{"rotation": [0.36477429213215473, -0.002535504373037833, 0.0040160059834055085, -0.9310838623416265], "translation": [3161.1068192457333, 1723.0929956279476, 11.819010691757482]}