{"rotation": [0.36543855752494514, -0.0064901307416615735, 0.008169971027112113, -0.9307769821232472], "translation": [3165.4477360087103, 1727.100405157255, 11.76931431731386]}