{"rotation": [0.3657012104585032, -0.00809666247016053, 0.0054410373156350555, -0.9306811827038085], "translation": [3163.441593349692, 1725.2395111952987, 11.775549207267497]}