{"rotation": [0.3666877761479626, -0.0023907427413402257, 0.003429295114454885, -0.9303346704857475], "translation": [3158.4259565571724, 1720.6295262701233, 11.834519105718039]}