{"rotation": [0.36827170516705954, -0.00478422048904687, 0.002603175709227649, -0.9297022565767417], "translation": [3157.591110586952, 1719.8513839979955, 11.816582045673476]}