{"rotation": [0.368258782872758, -0.005164267326383888, 0.002423913210946443, -0.9297058264982544], "translation": [3157.5909309435597, 1719.8520784460225, 11.815375547348696]}