{"rotation": [0.3658724119119863, -0.00586899114734972, 0.007420125878465927, -0.9306169324037501], "translation": [3165.4344944501854, 1727.1188177759764, 11.757219712808935]}