{"rotation": [0.4143970230166156, -0.00581370895383906, -0.00467580930652714, -0.9100656267052919], "translation": [3152.8364830016, 1715.205331849609, 11.89090791097462]}