{"rotation": [0.36592804853051725, -0.005823834921916246, 0.0073747338155470184, -0.930595701444295], "translation": [3165.4352779295996, 1727.1185931384734, 11.75796661403266]}