{"rotation": [0.36550818230449594, -0.00915483288103203, 0.0064901014464673135, -0.9307404774084979], "translation": [3164.8464376759516, 1726.5371570207456, 11.751844576388491]}