{"rotation": [0.3658297399274808, -0.008409007431456018, 0.00600434258708928, -0.9306244343711949], "translation": [3163.699451347923, 1725.4777099605697, 11.768881009554361]}