{"rotation": [0.36543417128599065, -0.0094402999102177, 0.006951919479291614, -0.9307633523134008], "translation": [3165.1944887416794, 1726.8595533442121, 11.758251641954335]}