{"rotation": [0.36601068124058167, -0.0025821964642296275, 0.0036545751631399687, -0.9305998912312436], "translation": [3158.9867461714757, 1721.1469439524071, 11.83884586507609]}