{"rotation": [0.36544658012270903, -0.006580305345510515, 0.008134097961696854, -0.9307735133256242], "translation": [3165.4473229263235, 1727.0993475344067, 11.768809779090144]}