{"rotation": [0.36558883698699896, -0.006297617134831405, 0.007955977659409964, -0.9307211422915027], "translation": [3165.4434888774354, 1727.1069964088197, 11.764627743864029]}