{"rotation": [0.36621827412461233, -0.002738074220559398, 0.0036539106287043397, -0.9305177739215251], "translation": [3158.7724850807176, 1720.9485653042864, 11.837035052858024]}