{"rotation": [0.36544947213954154, -0.006399263884520584, 0.008183192865248422, -0.9307732098041911], "translation": [3165.447879118946, 1727.1013482533851, 11.769097006860422]}