{"rotation": [0.3657314790454951, -0.005933430154607308, 0.00762878867102779, -0.9306702322655473], "translation": [3165.4373127161775, 1727.11492035771, 11.758136713504443]}