{"rotation": [0.36492961883095854, -0.0025913245992230665, 0.004478761505415495, -0.9310207296468165], "translation": [3160.3525033833644, 1722.4015016757273, 11.827335014218214]}