{"rotation": [0.36832318552610455, -0.003951893228375406, 0.0030055876283741315, -0.9296845594000271], "translation": [3157.5896520600318, 1719.8515191185738, 11.818129526469574]}