{"rotation": [0.36573148111442527, -0.005933427916487559, 0.007628788765968435, -0.9306702314659973], "translation": [3165.4373126271935, 1727.1149204638548, 11.758136708625422]}