{"rotation": [0.3655890405856389, -0.0062863464765870476, 0.007949119512729731, -0.9307211971104025], "translation": [3165.4433177819674, 1727.1074017533103, 11.764017432103486]}