{"rotation": [0.3654308347096194, -0.005582966504761407, 0.00868573360444498, -0.930781227550379], "translation": [3165.388447909193, 1727.040510953436, 11.780926922190092]}