{"rotation": [0.6095055891121017, -0.007615275230495698, -0.004935552396861494, -0.7927298308672454], "translation": [3150.2355666552066, 1710.7501501555253, 11.94840972265043]}