{"rotation": [0.47748663921397755, -0.006069950221000641, -0.004208565721297013, -0.878607963229918], "translation": [3151.561632648026, 1713.5733229170355, 11.919059681881961]}