{"rotation": [0.365574507361007, -0.00925333002954497, 0.006677658052199571, -0.9307121275314184], "translation": [3164.708563935772, 1726.4093457767763, 11.754902889742748]}