{"rotation": [0.377373117676518, -0.007818426667075851, -0.0006954272084964841, -0.9260280333988568], "translation": [3154.5614939816182, 1716.9728559505627, 11.849010651437489]}