{"rotation": [0.36935046641056185, -0.011146536107196897, -0.0005635735943627415, -0.9292231540808242], "translation": [3157.1937139944366, 1719.4818398463706, 11.790440882462097]}