{"rotation": [0.36545418803712276, -0.006378171368036264, 0.008135316108024968, -0.9307719226577206], "translation": [3165.447400819347, 1727.1020108683192, 11.768334549106827]}