{"rotation": [0.36832980262517606, -0.003162979687873046, 0.003341515016487244, -0.929683809870317], "translation": [3157.5903598079026, 1719.8527373424183, 11.824249500651087]}