{"rotation": [0.36548407143906975, -0.006366844424965308, 0.008120965389887326, -0.9307603916892497], "translation": [3165.445861319138, 1727.10386699179, 11.767471992442712]}