{"rotation": [0.4178608101455006, -0.005767627542435888, -0.004838442189419618, -0.9084798662019193], "translation": [3152.7404694436873, 1715.09593795832, 11.892878440164107]}