{"rotation": [0.3656420514404403, -0.006105366927925666, 0.007767185432483602, -0.9307031135349012], "translation": [3165.4416616019003, 1727.1097090090377, 11.760884010126604]}