{"rotation": [0.3656553933229312, -0.0060997059914473795, 0.007757538550543755, -0.9306979894231573], "translation": [3165.4420899288043, 1727.1091582792765, 11.76071138063329]}