{"rotation": [0.40482594082127865, -0.006423344918473595, -0.0036113877204675127, -0.9143640719959186], "translation": [3153.13625286361, 1715.5338172183533, 11.883827373901992]}