{"rotation": [0.3658297424242568, -0.008409016780667126, 0.006004343270471745, -0.9306244333008212], "translation": [3163.69945674216, 1725.477714938149, 11.76888095290621]}