{"rotation": [0.36746869480256483, -0.006504420130254024, 0.0019456638462488464, -0.9300111102836708], "translation": [3157.985203917441, 1720.2241820281454, 11.815050826688244]}