{"rotation": [0.36583434045831675, -0.005882788798511753, 0.007459584815724909, -0.9306314967438818], "translation": [3165.434193600574, 1727.1190175180957, 11.7571324037482]}