{"rotation": [0.3656938960102375, -0.005995885075940443, 0.007646510436300085, -0.93068445493688], "translation": [3165.43857708124, 1727.113308358734, 11.758311715688611]}