{"rotation": [0.3655438285244617, -0.0063135287959186605, 0.008019299787636021, -0.9307381692037444], "translation": [3165.4440556073446, 1727.10651237717, 11.765490629573728]}