{"rotation": [0.36542753666797917, -0.006171243747292741, 0.008355300606903447, -0.9307818327337253], "translation": [3165.389469272106, 1727.0411075654688, 11.779672376433961]}