{"rotation": [0.36582891420838054, -0.008597276500873965, 0.006114966180504195, -0.9306223184270278], "translation": [3163.822139475596, 1725.5901973161467, 11.765519442701466]}