{"rotation": [0.5831349615770749, -0.006343186834665473, -0.0044360214694994975, -0.8123384161055085], "translation": [3150.4158777232874, 1711.3216511055557, 11.946673437970217]}