{"rotation": [0.36575436635870084, -0.005923528025305674, 0.007517642842187458, -0.9306622052879208], "translation": [3165.4360593788883, 1727.1169332960096, 11.757239096586673]}