{"rotation": [0.36568842803031926, -0.006002053681614215, 0.007653182628755426, -0.9306865088481556], "translation": [3165.4384741788285, 1727.1133996402343, 11.758336596299177]}