{"rotation": [0.36543855757341753, -0.006490128852060277, 0.008169971763312064, -0.93077698211093], "translation": [3165.447736018645, 1727.1004051737862, 11.769314322689747]}