{"rotation": [0.3654294433695197, -0.004980913215233278, 0.008954854830133124, -0.9307826400385627], "translation": [3165.391141314762, 1727.0430354313603, 11.783756831748862]}