{"rotation": [0.36543570877824405, -0.0049939192654023, 0.00892679862043515, -0.93078037999654], "translation": [3165.3910822990483, 1727.043128282303, 11.782760239023466]}