{"rotation": [0.36544342010914826, -0.008059833290803564, 0.0075440109611011365, -0.9307680880245476], "translation": [3165.378034798385, 1727.0302442825769, 11.774664210570915]}