{"rotation": [0.36581851115916214, -0.005759092650510548, 0.007405135268545167, -0.9306389276818327], "translation": [3165.457334708957, 1727.1064234401208, 11.769614543823273]}