{"rotation": [0.36613097059408256, -0.00552715556905392, 0.007148474868829815, -0.9305194582759676], "translation": [3165.441864900892, 1727.1167023352157, 11.76492378400392]}