{"rotation": [0.36884578849779165, -0.010927131404422384, -0.0003308736533593276, -0.9294263137168747], "translation": [3157.36950886087, 1719.6449075381781, 11.79144594923067]}