{"rotation": [0.36861970651575626, -0.010069078110843023, 0.00026826638309236444, -0.9295257143658712], "translation": [3157.4724331467305, 1719.7418442950657, 11.796712221161426]}