{"rotation": [0.36548470437573527, -0.0063566207058853505, 0.008127452359645891, -0.9307601564091174], "translation": [3165.4467648568257, 1727.102708949697, 11.767930070991854]}