{"rotation": [0.3658184705803424, -0.005759105596101646, 0.007405150226671207, -0.9306389434335491], "translation": [3165.457335454428, 1727.1064228378043, 11.769614382459691]}