{"rotation": [0.36828379716312987, -0.005410033621267722, 0.0022048711914428283, -0.929695065506079], "translation": [3157.581022206882, 1719.8407917177788, 11.809332552718166]}