{"rotation": [0.36838048898943754, -0.007768984136977132, 0.001348419929949378, -0.9296416728939569], "translation": [3157.5407869233877, 1719.8051387020864, 11.799211029509692]}