{"rotation": [0.3670688732765979, -0.003719912125659544, 0.0032709314513171845, -0.9301805768412212], "translation": [3158.269944081121, 1720.485284279372, 11.832101528567943]}