{"rotation": [0.41440416044065026, -0.0058134822991709155, -0.004676398871547383, -0.910062375074715], "translation": [3152.8362733265144, 1715.2050977459814, 11.890914901217476]}