{"rotation": [0.3654680596570766, -0.00947253227402306, 0.007006759209322925, -0.9307493077237241], "translation": [3165.289021596486, 1726.9473343467228, 11.76424645485177]}