{"rotation": [0.36570081644252395, -0.005989074851444713, 0.007646804861947705, -0.9306817770919867], "translation": [3165.438949642654, 1727.1128886354081, 11.758292028260795]}