{"rotation": [0.3657500080484693, -0.0022454014687958153, 0.0037217943376996743, -0.9307029805645282], "translation": [3159.3135750320216, 1721.4472578686884, 11.839948961942481]}