{"rotation": [0.3683315485144938, -0.0033693859453139316, 0.003269120265781029, -0.9296826504027891], "translation": [3157.592138517995, 1719.8523036836018, 11.823995007362821]}