{"rotation": [0.3660304159353642, -0.005659911770989278, 0.007278405747494169, -0.9305572120072488], "translation": [3165.4387148289998, 1727.1165464158, 11.760239281413893]}