{"rotation": [0.36547686986366457, -0.00738330157233321, 0.00780642126765039, -0.9307584027230384], "translation": [3165.441983455154, 1727.0936353789416, 11.768510511299565]}