{"rotation": [0.36492962138347607, -0.0025913223029223856, 0.004478765098673393, -0.9310207286354188], "translation": [3160.352499413132, 1722.401498047502, 11.82733510334101]}