{"rotation": [0.36578169616610057, -0.008466007101762507, 0.006161868387259813, -0.9306417725696507], "translation": [3164.2216687515725, 1725.9596494079974, 11.759870207991225]}