{"rotation": [0.3654842054698121, -0.006361372048465848, 0.008130765894770112, -0.9307602909147584], "translation": [3165.446253850211, 1727.103325336414, 11.767983357171516]}