{"rotation": [0.36712739900872565, -0.003426499049217881, 0.003432280129891358, -0.9301580249906269], "translation": [3158.206229795869, 1720.4267479658413, 11.827680650224103]}