{"rotation": [0.36562925536300345, -0.0061470956096442405, 0.00781733908658708, -0.9307074460043108], "translation": [3165.4426265132392, 1727.108852244148, 11.761788132646876]}