{"rotation": [0.3682592480616239, -0.005438196197534104, 0.0023060699774166246, -0.9297043800480149], "translation": [3157.590772600286, 1719.85016602504, 11.815175964334273]}