{"rotation": [0.36600179770053554, -0.002509105148061566, 0.0036384829230280426, -0.9306036481302612], "translation": [3159.0201997942354, 1721.1774075148287, 11.83771329613955]}