{"rotation": [0.5697873173034147, -0.005264406983772998, -0.004749215436849692, -0.821761610208229], "translation": [3150.519749354101, 1711.6019723129225, 11.948501437622486]}