{"rotation": [0.4941949242766604, -0.005168459370290373, -0.004654585682952002, -0.8693232992845894], "translation": [3151.319969266879, 1713.1952570392862, 11.924043132668249]}