{"rotation": [0.3658724142473949, -0.005868990774495355, 0.007420126816143935, -0.9306169314804583], "translation": [3165.434494308067, 1727.1188179508656, 11.757219712012509]}