{"rotation": [0.3652480100228598, -0.006026643726497807, 0.004270447500779595, -0.9308809451363144], "translation": [3161.9212889061823, 1723.84001633609, 11.802946852203126]}