{"rotation": [0.3660997806121905, -0.005532215328154901, 0.007157106302844096, -0.9305316335615027], "translation": [3165.4440555168076, 1727.11429684176, 11.766070334097181]}