{"rotation": [0.36802615543846745, -0.002147364016276522, 0.003730953828291441, -0.9298054730557859], "translation": [3157.696865401246, 1719.9513988863966, 11.824193400874762]}