{"rotation": [0.36494347703936664, -0.003914366366043575, 0.004037097352378386, -0.9310126949442403], "translation": [3161.4297349708845, 1723.3887222279432, 11.814010694919519]}