{"rotation": [0.6029123459751483, -0.007497806284535632, -0.004704971825417404, -0.7977583275728212], "translation": [3150.277585426478, 1710.8931229701434, 11.946256308239999]}