{"rotation": [0.3656393585068159, -0.006111878513384381, 0.007791560173326641, -0.9307039250168806], "translation": [3165.442310739593, 1727.108875630391, 11.761149115266074]}