{"rotation": [0.36540812865889666, -0.0020011567809253435, 0.003996211012400318, -0.9308366801856736], "translation": [3159.703371150609, 1721.8051365605372, 11.83552892059146]}