{"rotation": [0.36815962537765895, -0.0019372919269477669, 0.003971686603211258, -0.9297520975223974], "translation": [3157.6360344819586, 1719.8953812392917, 11.828679485172973]}