{"rotation": [0.47209723954510124, -0.006270171022007628, -0.0043207125796492244, -0.8815135919610396], "translation": [3151.6459072390044, 1713.6962666800391, 11.916658506069503]}