{"rotation": [0.3647732003614398, -0.0023115392087455357, 0.004096314562172512, -0.9310845231726104], "translation": [3161.021838067521, 1723.0152702924906, 11.81619937591928]}