{"rotation": [0.36563397183669955, -0.0020895553883936917, 0.003859939574498175, -0.9307483726892462], "translation": [3159.5316690309055, 1721.6482808774895, 11.839844727696727]}