{"rotation": [0.3671395313478654, -0.0034856648745470397, 0.0033752779088217846, -0.9301532250984729], "translation": [3158.1978218153404, 1720.4198362192656, 11.833989736434742]}