{"rotation": [0.3658177913521821, -0.008514262924841472, 0.006099382438196353, -0.9306275562172714], "translation": [3164.1726472077194, 1725.9141790490967, 11.76377862153269]}