{"rotation": [0.55637294341881, -0.00477416937752763, -0.004893188411250617, -0.8309045744520945], "translation": [3150.632595095033, 1711.8795192198638, 11.949801334283697]}