{"rotation": [0.36692452264767617, -0.003327878278184806, 0.0032986117898930966, -0.9302389150461295], "translation": [3158.3103822563166, 1720.5235559806763, 11.832260450092699]}