{"rotation": [0.3660835144258888, -0.0055495287206334615, 0.007153438867480066, -0.9305379581236535], "translation": [3165.4428232047344, 1727.1147692132963, 11.763955436195701]}