{"rotation": [0.36516431402468785, -0.0053994638288871995, 0.004248327438516594, -0.9309177306653983], "translation": [3161.751979492781, 1723.6841846203158, 11.803825385366974]}