{"rotation": [0.36567254795848525, -0.006105794196318303, 0.007758108566833248, -0.9306912048033155], "translation": [3165.4413936555825, 1727.1099084858104, 11.760337999684598]}