{"rotation": [0.36986007075451965, -0.011172202222473898, -0.00020364031068635384, -0.9290202734545602], "translation": [3156.9596604132325, 1719.2585339432924, 11.792121759393757]}