{"rotation": [0.36579063881777896, -0.00829457587381782, 0.005815709870424628, -0.9306420289687425], "translation": [3163.5962027066594, 1725.382020319664, 11.774499203647187]}