{"rotation": [0.3654494662428379, -0.006399259402925113, 0.008183195427693963, -0.9307732121276971], "translation": [3165.4478791077677, 1727.1013482995038, 11.7690969950649]}