{"rotation": [0.3654615034278157, -0.009533394506071727, 0.006953632807936882, -0.9307516590864852], "translation": [3165.2740245380924, 1726.9335533358037, 11.76390799466371]}