{"rotation": [0.368268317542897, -0.005461020240932819, 0.0022281670354938597, -0.9297008437253965], "translation": [3157.581064782199, 1719.8428024890327, 11.808225330794933]}