{"rotation": [0.36649497641217177, -0.0027442796036299074, 0.0036879308299437455, -0.9304086738419265], "translation": [3158.599512855797, 1720.7893982378096, 11.838070140377738]}