{"rotation": [0.3655791774136326, -0.006304220157075745, 0.00794895137672725, -0.9307249518637573], "translation": [3165.443085768882, 1727.107585604555, 11.76418528691372]}