{"rotation": [0.3656761399389441, -0.006055147684729565, 0.0076628035431282075, -0.9306909139492711], "translation": [3165.441586698343, 1727.1096797142895, 11.759149614617545]}