{"rotation": [0.36577999693139807, -0.005781267824929901, 0.007424507608984354, -0.9306537742221686], "translation": [3165.4582579392995, 1727.1056580808738, 11.769349562374922]}