{"rotation": [0.3654676369635671, -0.00810671932691117, 0.00750379939847381, -0.930758497371154], "translation": [3165.429737127169, 1727.0817092653494, 11.766856773781843]}