{"rotation": [0.36831212023740745, -0.0030955388158066216, 0.0033668914290492943, -0.9296909506754222], "translation": [3157.5841182538593, 1719.8454264053983, 11.819727910453409]}