{"rotation": [0.3661098651743051, -0.005536748441476701, 0.007146933066514307, -0.9305277171511286], "translation": [3165.4425386874545, 1727.1159689245776, 11.765316041713762]}