{"rotation": [0.3656906726784414, -0.006104137658767288, 0.007730193278855426, -0.9306843264669838], "translation": [3165.4412279939493, 1727.1100209848048, 11.759829055324568]}