{"rotation": [0.3660834311566631, -0.005543019053621275, 0.007165479486407696, -0.9305379370429052], "translation": [3165.445107726948, 1727.1132942521813, 11.766286870445432]}