{"rotation": [0.36570081735139737, -0.00598907292533692, 0.007646805032510176, -0.9306817767458486], "translation": [3165.438949769536, 1727.112888500724, 11.758292026235601]}