{"rotation": [0.365457962356019, -0.0063951415733555185, 0.008163553671100528, -0.9307700770363766], "translation": [3165.4478381841127, 1727.1014332106936, 11.768627037901375]}