{"rotation": [0.36753841071417537, -0.00707295483748171, 0.0017008893356217879, -0.9299798906078738], "translation": [3157.9371728155115, 1720.1780559152185, 11.808206765092239]}