{"rotation": [0.3647912087288741, -0.002700666748222487, 0.004236952862434705, -0.9310757910415691], "translation": [3160.573132954679, 1722.603053169351, 11.82709430901305]}