{"rotation": [0.36591940631944136, -0.005838728656505936, 0.007390303464486467, -0.930598882839006], "translation": [3165.434472649456, 1727.1193763207707, 11.757792008900495]}