{"rotation": [0.494194927018198, -0.0051684592176915135, -0.004654585801641039, -0.8693232977263454], "translation": [3151.319969229168, 1713.1952569783487, 11.924043134481964]}