{"rotation": [0.3682587830232188, -0.005164280427260849, 0.0024239087213001513, -0.9297058263775899], "translation": [3157.5909309165104, 1719.8520784702719, 11.815375504006774]}