{"rotation": [0.4048260423588489, -0.006423332480580383, -0.0036114109814606174, -0.9143640270366276], "translation": [3153.136249459304, 1715.5338135648367, 11.883827470561604]}