{"rotation": [0.36668777595717383, -0.0023907430940414954, 0.0034292951735745954, -0.9303346705598219], "translation": [3158.4259559626507, 1720.6295257379725, 11.834519107479542]}