{"rotation": [0.3654541874708508, -0.00637817151391157, 0.008135316350146363, -0.9307719228769433], "translation": [3165.447400820071, 1727.102010868325, 11.76833455367083]}