{"rotation": [0.3658971377298571, -0.005716826380647462, 0.007380996027434871, -0.9306084694407604], "translation": [3165.455847736606, 1727.1076098802598, 11.769848922636783]}