{"rotation": [0.37130401766401555, -0.012200716768173582, -0.000505216638924734, -0.9284310495309014], "translation": [3156.237343530543, 1718.5709302590012, 11.80080663810229]}