{"rotation": [0.3656327683476055, -0.006257395905817135, 0.00789125681993484, -0.9307047070756364], "translation": [3165.4428589408694, 1727.1080965754713, 11.76278643545027]}