{"rotation": [0.367210082748577, -0.003561473947638156, 0.0033562076754349614, -0.9301251565790181], "translation": [3158.163822520311, 1720.3881352915425, 11.832455672516039]}