{"rotation": [0.36825924919399816, -0.0054381790480491216, 0.002306081033576972, -0.9297043796723671], "translation": [3157.5907726547407, 1719.850166002048, 11.815176028987356]}