{"rotation": [0.3655137676855268, -0.00933971272937149, 0.006424433357810444, -0.9307369027037097], "translation": [3164.9345104727213, 1726.6186950289598, 11.756294744289033]}