{"rotation": [0.5897236139448905, -0.0068598131997291275, -0.004385495449130732, -0.8075640962476652], "translation": [3150.3665403950454, 1711.1788741537719, 11.946539837673589]}