{"rotation": [0.36549542196386214, -0.007617084442541842, 0.0048846722286551405, -0.9307691531874444], "translation": [3162.9422687199235, 1724.7790427155192, 11.781020555415852]}