{"rotation": [0.365515888916336, -0.009357518394225856, 0.006440650940888148, -0.930735778733503], "translation": [3164.9558702034537, 1726.6385680839744, 11.756398535200795]}