{"rotation": [0.3682837973210912, -0.005410042570954196, 0.002204872516595503, -0.9296950653882828], "translation": [3157.5810223086023, 1719.840791764839, 11.809332595183069]}