{"rotation": [0.3704349109655481, -0.01126059982870109, -0.0002314473096116629, -0.928790138869695], "translation": [3156.731735928957, 1719.0429479131503, 11.795426519458356]}