{"rotation": [0.3687640179038254, -0.010761485471716127, -0.0002185167133072778, -0.9294607263248487], "translation": [3157.395845462438, 1719.6708039144821, 11.789783454804438]}