{"rotation": [0.3683042814646198, -0.005334209217869578, 0.0022302390670713565, -0.9296873283532232], "translation": [3157.5794035103063, 1719.8400753392536, 11.808662731270594]}