{"rotation": [0.3654777779835273, -0.009385826973820413, 0.006824892345974818, -0.930747721402909], "translation": [3165.1006276383723, 1726.772117334549, 11.756666302772317]}