{"rotation": [0.5962876851358357, -0.007228369614287313, -0.004475721625726248, -0.802725803213024], "translation": [3150.3194492648763, 1711.0337563801827, 11.946079931206151]}