{"rotation": [0.3680261575028264, -0.002147353519646134, 0.003730957354518834, -0.9298054722487845], "translation": [3157.6968650625736, 1719.9513985872818, 11.824193409403687]}