{"rotation": [0.3657882868456081, -0.0021834582351115094, 0.003703902690550172, -0.9306881555180283], "translation": [3159.271257722401, 1721.4086798151213, 11.83832628128243]}