{"rotation": [0.36551296197565, -0.009171428126119445, 0.006445225931553837, -0.9307387488423406], "translation": [3164.882366659946, 1726.5707056290223, 11.752025607009424]}