{"rotation": [0.36923025457920483, -0.011101394029213701, -0.0005314648748552552, -0.9292714865415114], "translation": [3157.232780380203, 1719.5178806285471, 11.790207476932022]}