{"rotation": [0.3681850568202747, -0.0022351980022637516, 0.0038737334729937035, -0.9297417716834724], "translation": [3157.6248846208564, 1719.8843182205712, 11.826682214983695]}