{"rotation": [0.49994501669165814, -0.004977975271791544, -0.004887299032288273, -0.8660290493716364], "translation": [3151.243583270772, 1713.0704816965404, 11.929073180796362]}