{"rotation": [0.3659480829579654, -0.0056710927734064135, 0.007318040304638991, -0.9305892141929464], "translation": [3165.4545361574196, 1727.108686452294, 11.769938522047708]}