{"rotation": [0.3682968526520166, -0.0030059332492213767, 0.00338981117293403, -0.9296972097796852], "translation": [3157.5820383082687, 1719.8442594691878, 11.819671768246117]}