{"rotation": [0.36559662507877005, -0.006294048235546062, 0.007946019768784673, -0.9307181922889742], "translation": [3165.442917657664, 1727.1081825800295, 11.763806242511507]}