{"rotation": [0.36546150296941093, -0.009533393137827766, 0.006953632448867747, -0.9307516592831758], "translation": [3165.2740241705865, 1726.9335529912923, 11.763907999231488]}