{"rotation": [0.36571556106784564, -0.0021694686996485382, 0.0038041954920044925, -0.9307163638268379], "translation": [3159.3641048254635, 1721.4933730038324, 11.837685169985448]}