{"rotation": [0.365802774306536, -0.005891292649850625, 0.007476249000944811, -0.9306437173706333], "translation": [3165.4367747909887, 1727.115826851405, 11.757070199794876]}