{"rotation": [0.38399021043772735, -0.007643828498879774, -0.001082078593528802, -0.9233048896652649], "translation": [3154.050471133996, 1716.4742249453334, 11.861454311112889]}