{"rotation": [0.4292757732301247, -0.005948635736826746, -0.00472010858905273, -0.9031415419664055], "translation": [3152.4556222150045, 1714.7622293402178, 11.903707974785844]}