{"rotation": [0.378432234847689, -0.007772542248844477, -0.0007933600450056011, -0.925596025161632], "translation": [3154.4598329908354, 1716.874722705709, 11.85159719250386]}