{"rotation": [0.44242077745719693, -0.006763743921227415, -0.0037734959564295835, -0.8967741455743494], "translation": [3152.1741720658424, 1714.4147311989677, 11.909192392289745]}