{"rotation": [0.36562581951201323, -0.006156143941356437, 0.007818668136641994, -0.9307087248041199], "translation": [3165.442284692457, 1727.1093559565031, 11.761993772371303]}