{"rotation": [0.36831988761730994, -0.0031414310296731876, 0.003346202367654159, -0.9296877942225404], "translation": [3157.586921389065, 1719.8502977881394, 11.819123767652197]}