{"rotation": [0.3656884299298956, -0.006002053906025539, 0.007653181739595323, -0.9306865081076322], "translation": [3165.4384741176127, 1727.113399705518, 11.75833658583154]}