{"rotation": [0.3656236845633311, -0.006257647667318885, 0.007905597147566397, -0.9307081522506107], "translation": [3165.4426120085022, 1727.108468261925, 11.763023956531221]}