{"rotation": [0.3809853287760939, -0.007677724355632328, -0.000980524929643792, -0.9245486846980817], "translation": [3154.256834329636, 1716.6770084150126, 11.857125854249475]}