{"rotation": [0.36544342011646014, -0.008059826966276223, 0.007544012528866309, -0.9307680880637359], "translation": [3165.378034902808, 1727.0302443788914, 11.774664223090275]}