{"rotation": [0.3649296195261122, -0.002591323973847561, 0.00447876248400488, -0.931020729371372], "translation": [3160.3525023021093, 1722.401500687615, 11.82733503848996]}