{"rotation": [0.36543596567223446, -0.005310491354942555, 0.008823953266547483, -0.9307795074686165], "translation": [3165.387982549004, 1727.040147559036, 11.781254087276094]}