{"rotation": [0.4110695642801773, -0.00594677353923199, -0.004409423096406582, -0.9115739170220565], "translation": [3152.937078971683, 1715.316808996743, 11.888405389556059]}