{"rotation": [0.3653017118502932, -0.006649444253570649, 0.004444336233829179, -0.9308548179419843], "translation": [3162.1628794362687, 1724.0622357309185, 11.795429722358136]}