{"rotation": [0.3660181102767115, -0.002597469903215148, 0.0036579689932254426, -0.9305969134713545], "translation": [3158.9765316166513, 1721.137619952496, 11.83882747591239]}