{"rotation": [0.36547457616310414, -0.009138064993130243, 0.007212599037591442, -0.9307485204724764], "translation": [3165.3292956863556, 1726.9848061030575, 11.765137646532828]}