{"rotation": [0.36834715733162765, -0.005964040091020404, 0.001979472853160667, -0.9296670821314077], "translation": [3157.569605371248, 1719.8325401326067, 11.805944473587346]}