{"rotation": [0.365668617935676, -0.007967845453785809, 0.005348765318435105, -0.9306956355358101], "translation": [3163.2337948538966, 1725.0484657795694, 11.778285820462584]}