{"rotation": [0.36559662373673335, -0.006294048643114501, 0.007946013260652657, -0.9307181928689485], "translation": [3165.442917603786, 1727.10818266486, 11.763806213338556]}