{"rotation": [0.3655108019531085, -0.00634685835735565, 0.008080218237226232, -0.9307503860422655], "translation": [3165.4451870070325, 1727.1046143895405, 11.766972190037498]}