{"rotation": [0.3657236404932366, -0.005919238176588477, 0.007547048088290253, -0.9306740694082627], "translation": [3165.4373974410373, 1727.1153743154284, 11.757542480606531]}