{"rotation": [0.36558435950453705, -0.00933945544872626, 0.006638116861368479, -0.9307076802423592], "translation": [3164.6989533497945, 1726.4002940105313, 11.757717156609775]}