{"rotation": [0.36602499328115307, -0.005721285598313218, 0.007321676563799429, -0.9305586301985111], "translation": [3165.4377424481654, 1727.1171671414525, 11.759289055128225]}