{"rotation": [0.3673226943900416, -0.003965983451822911, 0.003139840193141177, -0.9300798087072214], "translation": [3158.128366271048, 1720.3542675951933, 11.827958493522429]}