{"rotation": [0.37012555684097587, -0.011188594685937237, -7.347798198754232e-05, -0.9289143567213813], "translation": [3156.850306271537, 1719.153851466323, 11.794466562131205]}