{"rotation": [0.36789032339795086, -0.0039409435522209935, 0.0029432199331392945, -0.9298561804765803], "translation": [3157.7331374113633, 1719.9858849391499, 11.819002769428357]}