{"rotation": [0.36654662224204915, -0.0027188955589079796, 0.0036515702865087393, -0.9303885464494536], "translation": [3158.5680799234065, 1720.7612290183213, 11.83855753730258]}