{"rotation": [0.3656297766398892, -0.009157253689610503, 0.0063727989048298446, -0.9306935040996297], "translation": [3164.429304417807, 1726.150795325196, 11.759449161606671]}