{"rotation": [0.36587241650495667, -0.00586899041406947, 0.007420127722566011, -0.9306169305879428], "translation": [3165.434494170685, 1727.1188181199248, 11.75721971124264]}