{"rotation": [0.3661043189767135, -0.005538958887253419, 0.007144556760332232, -0.9305299043393181], "translation": [3165.4412733594713, 1727.1163792320674, 11.763899315664519]}