{"rotation": [0.36550271483053504, -0.005926688441353294, 0.007550696030243993, -0.9307607785059954], "translation": [3165.461552374547, 1727.102003406608, 11.768134322468397]}