{"rotation": [0.3660303232154345, -0.005718664918752907, 0.007319989725827546, -0.9305565630894048], "translation": [3165.4361130237953, 1727.1188254390768, 11.759137716948956]}