{"rotation": [0.36566665829261974, -0.006104979738100161, 0.0077612986348348945, -0.9306934976021949], "translation": [3165.441055203664, 1727.1103344670075, 11.76050113739814]}