{"rotation": [0.36592482499283385, -0.005832436110306561, 0.007386276531478764, -0.9305968235825779], "translation": [3165.434597747177, 1727.1192970929758, 11.75790588795622]}