{"rotation": [0.36581847515367133, -0.005759104137102899, 0.0074051485408550095, -0.9306389416582935], "translation": [3165.457335370412, 1727.106422905686, 11.769614400645747]}