{"rotation": [0.36568276358966306, -0.006099042920632311, 0.007740038901516518, -0.9306873856922537], "translation": [3165.4418834862854, 1727.1093118811418, 11.76017731340077]}