{"rotation": [0.36577524388475074, -0.0021975943987760566, 0.0037058775638587533, -0.9306932405531864], "translation": [3159.258571095439, 1721.397076231005, 11.838465605454433]}