{"rotation": [0.5174159390666084, -0.004612055884585639, -0.004860204838349922, -0.8557078083956384], "translation": [3151.0277249259884, 1712.6924470693439, 11.938279477172243]}