{"rotation": [0.36607257554099926, -0.005553623203244766, 0.007166734896993546, -0.9305421347886467], "translation": [3165.4412411201915, 1727.1153165703156, 11.762532422469231]}