{"rotation": [0.3659194038309756, -0.005838730298869494, 0.007390302156808186, -0.9305988838175724], "translation": [3165.434472891323, 1727.1193760327928, 11.757791941324843]}