{"rotation": [0.3654834674177627, -0.0063544476018223646, 0.00812439728254264, -0.930760683639334], "translation": [3165.4463196201286, 1727.1032638630245, 11.767731234627792]}