{"rotation": [0.3656944778001346, -0.008033986876136361, 0.005415907258290703, -0.9306845179274933], "translation": [3163.3919065269074, 1725.1936715568581, 11.774777305105728]}