{"rotation": [0.36834758680501684, -0.006338125965733224, 0.0018562538250679395, -0.9296646910450563], "translation": [3157.564560518056, 1719.8270017343484, 11.804909746315017]}