{"rotation": [0.3655115991561389, -0.00926005542933885, 0.006510555549224611, -0.9307379518007247], "translation": [3164.815224226019, 1726.507957878078, 11.75583704787553]}