{"rotation": [0.36556741348820737, -0.006292609483689474, 0.007959668875375405, -0.9307295595030933], "translation": [3165.444241464819, 1727.1061864031428, 11.76499449969075]}