{"rotation": [0.36540940215425477, -0.005974271293309541, 0.007632609425832816, -0.9307964440054209], "translation": [3165.4619565811827, 1727.1016284710374, 11.76808449589154]}