{"rotation": [0.3671395288209011, -0.00348567181965532, 0.0033752807853933108, -0.9301532260594231], "translation": [3158.197823769692, 1720.4198379149032, 11.833989653232354]}