{"rotation": [0.36589713449093747, -0.00571682958579687, 0.007380997481125521, -0.9306084706830211], "translation": [3165.4558478029285, 1727.1076098144883, 11.769848903208128]}