{"rotation": [0.3666851215316406, -0.0024793068452563256, 0.003436957793804323, -0.9303354567068896], "translation": [3158.4547537888106, 1720.6574656301043, 11.83853765738963]}