{"rotation": [0.36832318284375304, -0.00395191627173889, 0.003005575605549149, -0.9296845604036392], "translation": [3157.589652110666, 1719.85151912124, 11.818129455753128]}