{"rotation": [0.36835996254241443, -0.007269090202435904, 0.0015411877996061474, -0.9296535500193318], "translation": [3157.5497931419663, 1719.814704779674, 11.800635034075809]}