{"rotation": [0.3659695240930358, -0.0024393769055282856, 0.003599147045644556, -0.9306166788834023], "translation": [3159.0658680051, 1721.2189298867675, 11.836990469851727]}