{"rotation": [0.37012555664844504, -0.011188594679163257, -7.347784337955825e-05, -0.9289143567981876], "translation": [3156.850306339797, 1719.1538515303162, 11.794466560656588]}