{"rotation": [0.36559662526030806, -0.0062940481804140596, 0.007946020649143213, -0.9307181922105209], "translation": [3165.4429176649537, 1727.1081825685544, 11.763806246457726]}