{"rotation": [0.5897236170970983, -0.006859813416778846, -0.0043854954587789425, -0.8075640939438695], "translation": [3150.366540371908, 1711.178874085515, 11.94653983787204]}