{"rotation": [0.3660140430087135, -0.005650094187396591, 0.007244337719882675, -0.9305639775572068], "translation": [3165.4509743242083, 1727.1096704964118, 11.76823362804414]}