{"rotation": [0.3688457869677997, -0.010927129396567812, -0.00033087094603849, -0.9294263143486268], "translation": [3157.369509366566, 1719.6449080014127, 11.791445953631053]}