{"rotation": [0.37210136414273376, -0.011974545171959405, -0.0002569522612965351, -0.9281148199692627], "translation": [3155.7291014045145, 1718.0872774361474, 11.813963250654986]}