{"rotation": [0.37116747684908474, -0.012045994508373695, -0.0004414926445108561, -0.9284876968651945], "translation": [3156.321810293231, 1718.652734748292, 11.797781577131751]}