{"rotation": [0.5630993383932771, -0.0049775988534491765, -0.004860149004229879, -0.8263599322101506], "translation": [3150.576695191283, 1711.7437539190146, 11.949177680648988]}