{"rotation": [0.36546764022059325, -0.008106772051628294, 0.007503775688264588, -0.930758495824193], "translation": [3165.4297357693026, 1727.0817079959404, 11.766856718603401]}