{"rotation": [0.5897232104622117, -0.006859785417364266, -0.004385494214159152, -0.8075643911334052], "translation": [3150.366543356611, 1711.1788828907092, 11.946539812273992]}