{"rotation": [0.3734608068649734, -0.009250710755373627, 0.0002876941571159865, -0.9275997883345788], "translation": [3155.162249645064, 1717.547036330061, 11.83399966082708]}