{"rotation": [0.37043489780867445, -0.011260593414919919, -0.00023144798685039187, -0.9287901441947207], "translation": [3156.7317412600337, 1719.0429528611667, 11.795426523838943]}