{"rotation": [0.36544768000877714, -0.006432927722307062, 0.008189663082829554, -0.9307736244843382], "translation": [3165.448085069624, 1727.1007482423959, 11.769257357798889]}