{"rotation": [0.36562978388829204, -0.009156574682014595, 0.0063725427075714955, -0.9306935096869076], "translation": [3164.4290928960827, 1726.1505998813027, 11.759455230916801]}