{"rotation": [0.36575001321770645, -0.0022453974195832324, 0.0037217868294175524, -0.9307029785729023], "translation": [3159.3135658285505, 1721.4472494890224, 11.83994894661778]}