{"rotation": [0.3654331083834878, -0.005133039074866577, 0.008912910773867645, -0.9307807772126447], "translation": [3165.3914499997177, 1727.0432731272035, 11.784145076886404]}