{"rotation": [0.3660952184604849, -0.002708198965187873, 0.0036341615050989886, -0.9305663595622237], "translation": [3158.8907845254716, 1721.0577866171984, 11.836773748925422]}