{"rotation": [0.36562603419494516, -0.006115737315729645, 0.007817810910233577, -0.9307089140588123], "translation": [3165.4417586593154, 1727.109758416143, 11.76160265967093]}