{"rotation": [0.3917121876011863, -0.007156583636864031, -0.0015000536881039088, -0.9200587455343676], "translation": [3153.6445086941726, 1716.065233967784, 11.873094077122921]}