{"rotation": [0.36561551561099914, -0.0062689093875915375, 0.007917997273738509, -0.9307111801406313], "translation": [3165.442490818614, 1727.1086038069886, 11.763208951413368]}