{"rotation": [0.36546533488054594, -0.009367608301653885, 0.007057976429339574, -0.9307510525828484], "translation": [3165.3025166750326, 1726.9599490419957, 11.76436450320811]}