{"rotation": [0.3654476789962168, -0.0064329292777561145, 0.008189662853996218, -0.9307736248731607], "translation": [3165.4480850618365, 1727.1007482324296, 11.769257362604527]}