{"rotation": [0.37072475025196, -0.011398916591480557, -0.0002505877971459317, -0.9286727956912049], "translation": [3156.6009978044026, 1718.918044804243, 11.796427649681592]}