{"rotation": [0.36945439262259244, -0.01119942520420838, -0.0005460730177646062, -0.9291812129241669], "translation": [3157.1534764960456, 1719.441669752116, 11.792823684726372]}