{"rotation": [0.36829560185677807, -0.0030390082191745294, 0.0033783920217903872, -0.9296976393157855], "translation": [3157.5873477801815, 1719.8499608364032, 11.824077543368126]}