{"rotation": [0.36546150318703735, -0.00953339378739813, 0.006953632619334912, -0.9307516591897974], "translation": [3165.2740243450594, 1726.9335531548477, 11.763907997062926]}