{"rotation": [0.3681596393614667, -0.0019373876266023278, 0.003971620492781093, -0.9297520920681386], "translation": [3157.6360311831136, 1719.8953783866084, 11.828679094531916]}