{"rotation": [0.3654783553502028, -0.00917843632120133, 0.0072003722495863455, -0.9307467339274825], "translation": [3165.3257863088497, 1726.9815352418373, 11.765061076619231]}