{"rotation": [0.36893477316547557, -0.011010394944498198, -0.0004285153933164696, -0.9293899723620128], "translation": [3157.3393407714243, 1719.6173539219099, 11.79131022185964]}