{"rotation": [0.36548470378997083, -0.0063566208202646135, 0.008127451994574807, -0.9307601566415381], "translation": [3165.4467648540026, 1727.102708953365, 11.76793008909959]}