{"rotation": [0.3647731772846337, -0.0023115222256035553, 0.004096348577190976, -0.931084532105978], "translation": [3161.0217887223284, 1723.0152251155866, 11.816199793167797]}