{"rotation": [0.36829795650889674, -0.002970434552063888, 0.003468440102964642, -0.9296965965696524], "translation": [3157.597225527055, 1719.8581124564876, 11.820732715530118]}