{"rotation": [0.3657652631031144, -0.008312352124988782, 0.005768475151190627, -0.9306521379138877], "translation": [3163.578267259507, 1725.3653258551371, 11.776438709001612]}