{"rotation": [0.3680785166289599, -0.0015934635953165027, 0.003985713462172402, -0.9297848033594615], "translation": [3157.678849883594, 1719.9353861422496, 11.824027137079312]}