{"rotation": [0.5962879983429007, -0.007228383694324727, -0.0044757322932871485, -0.802725570367497], "translation": [3150.3194470873714, 1711.033749572079, 11.946079967774498]}