{"rotation": [0.6029120614573842, -0.0074977979443004135, -0.004704962056077102, -0.7977585427353596], "translation": [3150.2775873107325, 1710.8931291872243, 11.946256254312102]}