{"rotation": [0.3654785680480053, -0.0020194307036398066, 0.003959345359799946, -0.9308091435850502], "translation": [3159.6441929628218, 1721.7512764626947, 11.837076305566724]}