{"rotation": [0.3656374472802874, -0.009354437297842636, 0.006443375411907156, -0.9306880436335782], "translation": [3164.5239302476984, 1726.238813899191, 11.758382430491471]}