{"rotation": [0.36553405525836014, -0.0063227950302341416, 0.008034417254033756, -0.930741814279756], "translation": [3165.444473112333, 1727.1059211866145, 11.765818684515944]}