{"rotation": [0.3663173863463157, -0.002746762655710278, 0.003764366359198991, -0.9304782949114025], "translation": [3158.697165906135, 1720.879866884419, 11.836175148646765]}