{"rotation": [0.3657500127029276, -0.00224539782282432, 0.003721787577130295, -0.9307029787712384], "translation": [3159.313566745078, 1721.447250323512, 11.839948948143887]}