{"rotation": [0.3655888396676104, -0.006297618160428946, 0.007955978250734854, -0.9307211412265597], "translation": [3165.4434888910173, 1727.1069963868126, 11.764627715198014]}