{"rotation": [0.36578000440470365, -0.005781261452643148, 0.007424507699546611, -0.9306537713237564], "translation": [3165.4582577705837, 1727.10565823442, 11.769349621964452]}