{"rotation": [0.36923025927524833, -0.011101396095054509, -0.0005314658708219089, -0.9292714846503695], "translation": [3157.2327781417466, 1719.5178785651449, 11.790207459106835]}