{"rotation": [0.36572486245559327, -0.005917320548975932, 0.007573550477045128, -0.9306733861202489], "translation": [3165.437052748929, 1727.1157674889437, 11.757652116561305]}