{"rotation": [0.36605187458178773, -0.005576938584608694, 0.007169769500374632, -0.9305501154029773], "translation": [3165.4428022862567, 1727.113688163146, 11.762636853571733]}