{"rotation": [0.3656751988605928, -0.006046178963189695, 0.007670184240274856, -0.9306912812162427], "translation": [3165.439170255476, 1727.1125831679506, 11.758706827338987]}