{"rotation": [0.3654661198656893, -0.00830673466909941, 0.007423053817139649, -0.9307579769529148], "translation": [3165.4228144610097, 1727.0752447404525, 11.76544651263166]}