{"rotation": [0.3686810178492145, -0.010288206398703979, 0.00010730057907968802, -0.9294990308619749], "translation": [3157.4467341101285, 1719.7171370895835, 11.792700401875843]}