{"rotation": [0.37156771694682555, -0.012343356335319121, -0.00047386171716950093, -0.928323676705693], "translation": [3156.076315895895, 1718.4190915015238, 11.803520117021662]}