{"rotation": [0.3693504694702889, -0.01114653691066074, -0.0005635763869217546, -0.9292231528533028], "translation": [3157.1937124638966, 1719.4818384226426, 11.7904408703954]}