{"rotation": [0.3655044303472056, -0.006337692278880597, 0.008071311028014654, -0.9307530279249335], "translation": [3165.4452286982587, 1727.1045493675956, 11.766726719524438]}