{"rotation": [0.36795772341462424, -0.0029292735058126774, 0.003396559942880244, -0.9298317033295915], "translation": [3157.7146339224514, 1719.9697292328465, 11.821673416621262]}