{"rotation": [0.36613094893697684, -0.0027373805507388085, 0.0036037990714026078, -0.930552334697239], "translation": [3158.8503880139415, 1721.021102235693, 11.837846198423234]}