{"rotation": [0.3659480850117102, -0.005671092577030424, 0.007318037605948652, -0.9305892134077436], "translation": [3165.4545360714537, 1727.1086865819693, 11.76993853849517]}