{"rotation": [0.3663173912689518, -0.002746762880413712, 0.0037643667240141714, -0.9304782929712845], "translation": [3158.6971626329246, 1720.8798639443396, 11.836175197606435]}