{"rotation": [0.36474940375953446, -0.002414444146269576, 0.0042446306105752155, -0.9310929201897674], "translation": [3160.869205167583, 1722.8753859971398, 11.819502581799897]}