{"rotation": [0.36563662100342803, -0.005881129939096796, 0.007491074396250182, -0.9307089542366211], "translation": [3165.4603663656612, 1727.1035393929374, 11.768522697562371]}