{"rotation": [0.37083970836702174, -0.011529103380210293, -0.00026128566010108256, -0.9286252862179204], "translation": [3156.530034259301, 1718.8513567918008, 11.794786279781544]}