{"rotation": [0.3656441875176434, -0.006112167392179854, 0.0077752344398750155, -0.9307021624954663], "translation": [3165.4412478192658, 1727.109879056519, 11.760904173808957]}