{"rotation": [0.3658184644783591, -0.005759107542776769, 0.007405152475978452, -0.9306389458021912], "translation": [3165.4573355665257, 1727.1064227472314, 11.769614358194866]}