{"rotation": [0.3654463541319748, -0.009458212544263411, 0.006989151326055298, -0.930758108334736], "translation": [3165.233147588056, 1726.89550634764, 11.758441126839115]}