{"rotation": [0.3656220321247154, -0.009341321943115467, 0.00651150884986611, -0.930693757141331], "translation": [3164.566974464563, 1726.2782781165383, 11.756176132727733]}