{"rotation": [0.36544290954268227, -0.007460205745934846, 0.004762333244234039, -0.9307916766802753], "translation": [3162.793087682128, 1724.6420905601603, 11.784222832828622]}