{"rotation": [0.3653188196498769, -0.006928620863001079, 0.0046574800535547365, -0.9308450258244432], "translation": [3162.3240962909044, 1724.2104223785534, 11.792609807420357]}