{"rotation": [0.36564162454441995, -0.006252577426953093, 0.007878361297660737, -0.9307013694517168], "translation": [3165.442369748805, 1727.109305454967, 11.762886805525776]}