{"rotation": [0.3654288615983245, -0.007350615291552603, 0.00777556840141349, -0.9307777694497346], "translation": [3165.3859255715697, 1727.037611683752, 11.775863595884221]}