{"rotation": [0.37181547383044633, -0.012253173946369347, -0.0003115599893501375, -0.9282257355184965], "translation": [3155.9054119765847, 1718.255347343579, 11.8071361086204]}