{"rotation": [0.3654461148625421, -0.00638929426319785, 0.008173897944419532, -0.9307746781273577], "translation": [3165.4479029063327, 1727.101424354355, 11.768907277828903]}