{"rotation": [0.36587714694398765, -0.005867890142996593, 0.007418670475757054, -0.9306150893563727], "translation": [3165.4351106267045, 1727.1182609172613, 11.757291080352179]}