{"rotation": [0.3658184717931589, -0.005759105209184851, 0.00740514977960393, -0.9306389429627632], "translation": [3165.4573354321487, 1727.1064228558062, 11.769614387282509]}