{"rotation": [0.3856764324714015, -0.007610747758025054, -0.0010590079899554178, -0.9226021051660209], "translation": [3153.9481517060044, 1716.3718031579099, 11.863075204558212]}