{"rotation": [0.3647909772100128, -0.0027010555666981866, 0.0042370970709905515, -0.9310758799654304], "translation": [3160.5735386386264, 1722.603424371186, 11.827092404150712]}