{"rotation": [0.3658637194476102, -0.005750526362326969, 0.007399680334530395, -0.9306212521587197], "translation": [3165.45645297607, 1727.1071098381278, 11.76976617778321]}