{"rotation": [0.3667251130669558, -0.002702939629382852, 0.003382901873848925, -0.9303192686053], "translation": [3158.3820959170857, 1720.590443953805, 11.83755200116387]}