{"rotation": [0.365969519692802, -0.0024393713081998147, 0.0035991435352321897, -0.930616680642064], "translation": [3159.0658710447365, 1721.2189326308596, 11.836990426177314]}