{"rotation": [0.36560207104591497, -0.0062739982982957035, 0.00791692071977936, -0.9307164363857595], "translation": [3165.443404122536, 1727.1075366111336, 11.7633747154713]}