{"rotation": [0.3658579399443225, -0.008489958186314848, 0.0061188217503093355, -0.93061186775695], "translation": [3164.114022682756, 1725.859934982594, 11.76187843136134]}