{"rotation": [0.3655273806194645, -0.009343299738430696, 0.006503085068734906, -0.9307309743701774], "translation": [3164.985854951301, 1726.666482587149, 11.755290971610991]}