{"rotation": [0.36533207442136456, -0.001972103541526544, 0.004079683277799744, -0.9308662322755923], "translation": [3159.7633744979016, 1721.8603009752148, 11.835480507343599]}