{"rotation": [0.3654471377915191, -0.007802444237188522, 0.007621948852630314, -0.9307681866284429], "translation": [3165.381409788901, 1727.033473780752, 11.77490907310053]}