{"rotation": [0.36548346747972194, -0.0063544477319404345, 0.008124397305069137, -0.9307606836139194], "translation": [3165.446319619368, 1727.1032638633576, 11.767731235478148]}