{"rotation": [0.36546612105780363, -0.008306726152444745, 0.007423056455527714, -0.9307579765397926], "translation": [3165.4228151164243, 1727.0752453512323, 11.765446823593807]}