{"rotation": [0.365690865757511, -0.008028332870703894, 0.00542125080953682, -0.9306859548808607], "translation": [3163.3710848821156, 1725.174442389033, 11.774993769426281]}