{"rotation": [0.36585789816466957, -0.008490455069649431, 0.006119360044183305, -0.9306118761094178], "translation": [3164.113771087513, 1725.859705068234, 11.761883779071715]}