{"rotation": [0.36568669430082335, -0.006064956301958317, 0.00768332468157993, -0.9306865339297808], "translation": [3165.440688498011, 1727.1105322824098, 11.759398806127944]}