{"rotation": [0.36553400044755735, -0.006334462250491405, 0.008043607213902472, -0.9307416770983186], "translation": [3165.444315401383, 1727.1060581337747, 11.766039625053407]}