{"rotation": [0.36550443289454443, -0.006337693166012623, 0.00807131014690657, -0.9307530269261999], "translation": [3165.4452286825795, 1727.1045493814033, 11.766726738291226]}