{"rotation": [0.3648190642154975, -0.0030018983761952085, 0.004035766709056803, -0.9310648482131295], "translation": [3161.2627036042036, 1723.2356403550766, 11.814375679457768]}