{"rotation": [0.3683298098743648, -0.0031630669358761114, 0.0033414778220785648, -0.9296838068351185], "translation": [3157.590360554616, 1719.8527384626402, 11.824249294248848]}