{"rotation": [0.36559695270515424, -0.005885770227059239, 0.007510531829356629, -0.9307243511336639], "translation": [3165.4608710681046, 1727.1029602332605, 11.768375419972623]}