{"rotation": [0.3655843609053076, -0.009339458317185013, 0.006638114483241397, -0.9307076796803102], "translation": [3164.698949418756, 1726.4002903932458, 11.757717228429204]}