{"rotation": [0.5497687564206205, -0.004607565256116915, -0.0049553654324802415, -0.8352894882372014], "translation": [3150.6926983046365, 1712.0158640415964, 11.948222235802234]}