{"rotation": [0.3647820638518064, -0.002768742814801891, 0.004000301811967554, -0.9310802207869392], "translation": [3161.1867485950615, 1723.1660413251734, 11.817645468453954]}