{"rotation": [0.36824724124638747, -0.002756708371813801, 0.0035793355336036967, -0.929716923708779], "translation": [3157.6035616293375, 1719.8662275352217, 11.820905130524151]}