{"rotation": [0.3654954228360379, -0.007617085412955519, 0.004884673856132009, -0.9307691528284748], "translation": [3162.9422700375635, 1724.7790439345401, 11.781020538941126]}