{"rotation": [0.4616423804513645, -0.006769041041368005, -0.00415300721947203, -0.8870305773678904], "translation": [3151.8160283211723, 1713.9382379021029, 11.914458160055787]}