{"rotation": [0.36540812489286784, -0.0020011513541216396, 0.003996212817035253, -0.9308366816679805], "translation": [3159.7033751558934, 1721.805140193226, 11.835528858402007]}