{"rotation": [0.6095055635025342, -0.007615275485001696, -0.004935551777394304, -0.7927298505590656], "translation": [3150.2355668149503, 1710.7501507130346, 11.94840971563515]}