{"rotation": [0.3657012080724037, -0.008096656592495251, 0.005441027794539375, -0.9306811837481977], "translation": [3163.4415860056806, 1725.2395044011846, 11.775549216758854]}