{"rotation": [0.3660874846718723, -0.005534186370803437, 0.007149048982717494, -0.9305365212856923], "translation": [3165.443627156151, 1727.1140118493006, 11.765324386621153]}