{"rotation": [0.3656827634491917, -0.006099042816847966, 0.0077400380066602855, -0.9306873857555695], "translation": [3165.4418835071788, 1727.1093118549793, 11.760177306233585]}