{"rotation": [0.36570928525087365, -0.00868359820674779, 0.006262684328867252, -0.9306675521304457], "translation": [3164.294319301733, 1726.025844430572, 11.760749736379605]}