{"rotation": [0.3681084025361909, -0.001328537951937078, 0.004099490046782262, -0.9297728933188579], "translation": [3157.6638481578934, 1719.9220119831068, 11.824062121047342]}