{"rotation": [0.5697871714421372, -0.0052643970772816625, -0.004749219029413122, -0.821761711387183], "translation": [3150.519750562244, 1711.601975351616, 11.948501427070104]}