{"rotation": [0.36516430099919445, -0.005399392336151777, 0.004248309769592011, -0.930917736270113], "translation": [3161.7519610030936, 1723.684167595815, 11.803825811591869]}