{"rotation": [0.3658771497755185, -0.0058678900757147745, 0.007418669735134568, -0.9306150882494669], "translation": [3165.435110821332, 1727.1182607192086, 11.757291100779577]}