{"rotation": [0.3655099606730956, -0.006332248080033441, 0.008065095606909305, -0.9307509470937199], "translation": [3165.445372526782, 1727.1044393491127, 11.76651178666165]}