{"rotation": [0.365752143906544, -0.005921206441064947, 0.007506678689039339, -0.9306631819928779], "translation": [3165.4365766037113, 1727.116307596337, 11.757254337831364]}