{"rotation": [0.36568520488252215, -0.006058340799686701, 0.007670043644428946, -0.9306872717875082], "translation": [3165.440926386196, 1727.1103275011494, 11.759266324874822]}