{"rotation": [0.367374062961403, -0.005505684245187865, 0.0024333367156752373, -0.9300537963884947], "translation": [3158.0391112679768, 1720.2728959281053, 11.817436777425408]}