{"rotation": [0.3661736953390757, -0.0027213828181385288, 0.0036162454536842674, -0.9305355133932836], "translation": [3158.8106044004107, 1720.9830414754063, 11.835996700215912]}