{"rotation": [0.3655108003542573, -0.00634685722060336, 0.008080220631339823, -0.9307503866571104], "translation": [3165.4451870408334, 1727.104614356299, 11.766972206003288]}