{"rotation": [0.36721008646659237, -0.003561486467598259, 0.0033562011286745216, -0.9301251550868425], "translation": [3158.163821483887, 1720.3881344051822, 11.832455665350308]}