{"rotation": [0.6228783641463538, -0.007410870148214184, -0.004726580528737568, -0.7822693154652774], "translation": [3150.1586014797695, 1710.4552247961908, 11.949285782752476]}