{"rotation": [0.36832318303176825, -0.00395191465654986, 0.003005576448270527, -0.9296845603332926], "translation": [3157.5896521071163, 1719.8515191210524, 11.818129460709882]}