{"rotation": [0.37313142254352516, -0.009647638052438042, 0.0003985662313698659, -0.9277282499393956], "translation": [3155.2552805721184, 1717.63604736152, 11.827619723600009]}