{"rotation": [0.49994531171947726, -0.004977969407016119, -0.004887297688690669, -0.8660288790979199], "translation": [3151.243579388303, 1713.070475296631, 11.929073385376066]}