{"rotation": [0.3656908615518374, -0.008028344105876686, 0.0054212377693124165, -0.9306859565124216], "translation": [3163.371102270377, 1725.1744582311267, 11.77499323188329]}