{"rotation": [0.3660768130017304, -0.005684514599247271, 0.007298502328238687, -0.9305386532219023], "translation": [3165.4362079772523, 1727.1191204372133, 11.759818087856372]}