{"rotation": [0.3683804892542605, -0.007769001126447636, 0.0013484126895084011, -0.9296416726575395], "translation": [3157.540786550561, 1719.8051383788809, 11.799210953980808]}