{"rotation": [0.4292756605808912, -0.005948631127313829, -0.00472011690919947, -0.9031415954970261], "translation": [3152.455624825433, 1714.7622324556025, 11.903707903785941]}