{"rotation": [0.36617369988595777, -0.002721383570397925, 0.003616248904330559, -0.9305355115884365], "translation": [3158.8106009766316, 1720.9830383959895, 11.835996768763186]}