{"rotation": [0.36542275732713114, -0.0058789953460573075, 0.0085246186759858, -0.9307840655692311], "translation": [3165.388983692769, 1727.0409135384677, 11.780484060871563]}