{"rotation": [0.36568669469589116, -0.006064956267141989, 0.007683324100386763, -0.9306865337795751], "translation": [3165.44068847836, 1727.1105323051083, 11.75939880180282]}