{"rotation": [0.3654688328664576, -0.007533892453706866, 0.004787960061763213, -0.930780773386608], "translation": [3162.8686704432334, 1724.711916940871, 11.782803419016561]}