{"rotation": [0.36504522747760576, -0.004713739945700278, 0.004107008871715013, -0.9309687938001333], "translation": [3161.5914349348004, 1723.536650006589, 11.809745990804876]}