{"rotation": [0.3693504645230679, -0.011146535611553616, -0.0005635718716802314, -0.9292231548380614], "translation": [3157.1937149385994, 1719.4818407246444, 11.790440889905836]}