{"rotation": [0.36573950603360644, -0.005929374426365037, 0.007544214266954109, -0.9306677930799474], "translation": [3165.4383018264057, 1727.1143247737846, 11.757536889025555]}