{"rotation": [0.5241129294785721, -0.004287929034536305, -0.005283026485397686, -0.851621594635281], "translation": [3150.953332023758, 1712.550770163466, 11.939667337308467]}