{"rotation": [0.37643724978752774, -0.007933628481741496, -0.0004937738009929563, -0.9264080152389387], "translation": [3154.663717552466, 1717.0711415962232, 11.847474182057537]}