{"rotation": [0.3656725483207732, -0.006105793719978811, 0.007758108372752672, -0.9306912046657138], "translation": [3165.4413936663636, 1727.10990847408, 11.760337997049316]}