{"rotation": [0.3654275361907666, -0.006171237251075606, 0.008355305165376555, -0.9307818329232315], "translation": [3165.389469259454, 1727.0411075573238, 11.779672386849883]}