{"rotation": [0.36547324523857105, -0.00929403525261488, 0.007125090460578994, -0.930748172713457], "translation": [3165.3144079745434, 1726.971186362614, 11.76430850397145]}