{"rotation": [0.36545796218913096, -0.006395141481565594, 0.0081635527279248, -0.9307700771108066], "translation": [3165.447838184754, 1727.1014332083096, 11.76862702842822]}