{"rotation": [0.36757907030749126, -0.007770214502531622, 0.0014239974231486918, -0.9299587211644417], "translation": [3157.8932226535, 1720.1354453022902, 11.807238928819912]}