{"rotation": [0.36884579222580033, -0.010927136296800423, -0.00033088025007066484, -0.9294263121775352], "translation": [3157.369507628688, 1719.6449064094534, 11.791445938508547]}