{"rotation": [0.36550777104416904, -0.009331295026593965, 0.006433700439137941, -0.9307392780677677], "translation": [3164.922569042595, 1726.6076368241788, 11.756356333616553]}