{"rotation": [0.36913466816185014, -0.01110835263305994, -0.0005230905688918906, -0.9293093820892357], "translation": [3157.271221490091, 1719.5532326443654, 11.791265002842062]}