{"rotation": [0.3655072061603935, -0.00946066985174402, 0.006631876803562998, -0.9307368028507534], "translation": [3165.050814844418, 1726.7261964697673, 11.759398625505856]}