{"rotation": [0.36643720992374185, -0.00283673027365694, 0.0036926743158260753, -0.9304311303374664], "translation": [3158.6348999474726, 1720.823941648873, 11.841899589112924]}