{"rotation": [0.36545918757871176, -0.00690839383587107, 0.008018673391108597, -0.9307671874244189], "translation": [3165.4446082656164, 1727.0967869266399, 11.768316928515148]}