{"rotation": [0.3648268166317168, -0.002582655703114192, 0.004232688478489885, -0.9310621934672951], "translation": [3160.496582144325, 1722.532802708681, 11.823790723428129]}