{"rotation": [0.3704349074972605, -0.011260598137962215, -0.000231447488138778, -0.9287901402734267], "translation": [3156.731737334283, 1719.0429492174983, 11.795426520613113]}