{"rotation": [0.3653977721293311, -0.005993582876463122, 0.007639392760655992, -0.9308008298048905], "translation": [3165.461957382071, 1727.1016444801144, 11.768087474060207]}