{"rotation": [0.3824199676461452, -0.007660978713633507, -0.0010616367792256713, -0.9239562493311139], "translation": [3154.1540152301914, 1716.5762417544393, 11.859506503816615]}