{"rotation": [0.3658269854144157, -0.008727458668722985, 0.0062469746273216475, -0.9306209881126646], "translation": [3163.942973890503, 1725.7017482411638, 11.764423472359073]}