{"rotation": [0.36509194811569945, -0.0020986376510548073, 0.004296518435657216, -0.9309591855019345], "translation": [3160.018484713797, 1722.0941668545279, 11.835120151375227]}