{"rotation": [0.3652929992500903, -0.006444301944376993, 0.00432337245840614, -0.9308602495121968], "translation": [3162.081813989992, 1723.9875223276413, 11.797407085738595]}