{"rotation": [0.3666477047361202, -0.002606632317927566, 0.0035358837054030035, -0.9303494846594562], "translation": [3158.5089337351733, 1720.7060042698427, 11.83748964330811]}