{"rotation": [0.3654972860034054, -0.006359846560216803, 0.008108531257628868, -0.9307553588332003], "translation": [3165.4458074816403, 1727.1039373552946, 11.767391311052736]}