{"rotation": [0.3655546925659784, -0.006308760512911287, 0.007992133517448746, -0.9307341683239222], "translation": [3165.444074193055, 1727.1064118579447, 11.765230891644794]}