{"rotation": [0.3660303232123885, -0.00571866496031951, 0.0073199898193546655, -0.9305565630896118], "translation": [3165.4361130323514, 1727.1188254304668, 11.75913771797931]}