{"rotation": [0.36568669558084305, -0.006064956189153413, 0.007683322798514068, -0.9306865334431144], "translation": [3165.4406884343434, 1727.1105323559507, 11.759398792114585]}