{"rotation": [0.3756413508573831, -0.008066625978755128, -0.0002174688605401703, -0.9267299810509283], "translation": [3154.7645400091897, 1717.1678148132903, 11.845113220771164]}