{"rotation": [0.3965690417796973, -0.0069052609751304676, -0.0019940303450933583, -0.9179767624051172], "translation": [3153.4384010801264, 1715.8536440660262, 11.876990957585578]}