{"rotation": [0.5367136977741865, -0.004191540511650974, -0.005492000814982224, -0.8437361409449916], "translation": [3150.8180045706854, 1712.2848304100212, 11.94568993379385]}