{"rotation": [0.36830727505429406, -0.005407419144503269, 0.0022131796907960445, -0.9296857602415628], "translation": [3157.5751693605175, 1719.8362740001946, 11.807551372636565]}