{"rotation": [0.365724894693946, -0.005917314414214352, 0.0075736050568755405, -0.930673373046456], "translation": [3165.437054811197, 1727.1157652832549, 11.757652877605501]}