{"rotation": [0.3655843618098253, -0.009339460169430991, 0.006638112947616623, -0.930707679317379], "translation": [3164.6989468803704, 1726.4002880574612, 11.757717274805097]}