{"rotation": [0.36578169605365846, -0.008466007387167154, 0.006161868500989862, -0.930641772610496], "translation": [3164.221668908307, 1725.9596495530275, 11.759870207550232]}