{"rotation": [0.3654714970500796, -0.009011541788687497, 0.007247538869670748, -0.9307506917208803], "translation": [3165.335624380069, 1726.9906849739991, 11.765366750701357]}