{"rotation": [0.3656652161434408, -0.006235056732347493, 0.007839434656422182, -0.930692546996366], "translation": [3165.44188987851, 1727.109622962336, 11.7624809967015]}