{"rotation": [0.3667018896512239, -0.002454624613255536, 0.0034237868250144472, -0.9303289615120055], "translation": [3158.401086978786, 1720.6072553010565, 11.834416012748521]}