{"rotation": [0.3656220315575721, -0.009341320318338462, 0.006511508495067255, -0.9306937573829227], "translation": [3164.5669762533184, 1726.2782797513223, 11.756176083348436]}