{"rotation": [0.38242015484305875, -0.007660978407940561, -0.0010616365978131017, -0.9239561718541515], "translation": [3154.154002660247, 1716.5762294489703, 11.859506797323787]}