{"rotation": [0.36575001032207566, -0.002245399687814347, 0.0037217910353017293, -0.9307029796885433], "translation": [3159.313570984022, 1721.4472541830262, 11.83994895520216]}