{"rotation": [0.3660629252958754, -0.002609605714750591, 0.0036641674506117283, -0.9305792274485466], "translation": [3158.93060691826, 1721.0940154422485, 11.83473802682664]}