{"rotation": [0.3656651801516473, -0.006235085313332511, 0.007839414067288141, -0.9306925611193422], "translation": [3165.4418888490195, 1727.1096237462818, 11.762480619813587]}