{"rotation": [0.3654688345223445, -0.007533883737048697, 0.004787961096802324, -0.9307807728016578], "translation": [3162.868662902201, 1724.711910016509, 11.782803580084257]}