{"rotation": [0.36562925673211627, -0.006147094810226954, 0.007817340577111023, -0.9307074454592139], "translation": [3165.44262648398, 1727.1088522935597, 11.761788154430157]}