{"rotation": [0.3654368443986894, -0.005961597881912359, 0.007611661166171086, -0.9307859231428642], "translation": [3165.4618959312975, 1727.101638839416, 11.76807495609023]}