{"rotation": [0.36516430322135496, -0.0053994045328738085, 0.004248312783925713, -0.9309177353139442], "translation": [3161.75196415745, 1723.6841705002096, 11.803825738877768]}