{"rotation": [0.3673949833354156, -0.005825325226575318, 0.0022728898948519882, -0.9300439913130455], "translation": [3158.0208667221186, 1720.2554459775351, 11.815852547023143]}