{"rotation": [0.49944472789923705, -0.004959828664523602, -0.004838205910560077, -0.8663180453140998], "translation": [3151.2489071544364, 1713.0788715626404, 11.927299702004936]}