{"rotation": [0.44242072432402124, -0.006763742125630591, -0.0037734959371580495, -0.896774171801061], "translation": [3152.174173112352, 1714.414732520268, 11.909192367614349]}