{"rotation": [0.3650089337127623, -0.0022844192938372794, 0.00436639407539605, -0.9309909743607296], "translation": [3160.1511005891107, 1722.216597226499, 11.835344389353123]}