{"rotation": [0.369134668433095, -0.011108352678578728, -0.0005230907367961608, -0.9293093819808548], "translation": [3157.2712213918267, 1719.5532325538757, 11.791265000843678]}