{"rotation": [0.36931781702168087, -0.0111315506298929, -0.0005318962695401672, -0.9292363293034086], "translation": [3157.1997059038504, 1719.4874024750504, 11.790027813047589]}