{"rotation": [0.36966680005428454, -0.011191583738036455, -0.0004626409105071552, -0.9290968686603395], "translation": [3157.0610281549943, 1719.3557113920933, 11.791617905393712]}