{"rotation": [0.3683154274838677, -0.003095955526171149, 0.0033951593989643464, -0.9296895362589661], "translation": [3157.5914948426293, 1719.8536692950884, 11.819779063067491]}