{"rotation": [0.36660284280418803, -0.002686575965699535, 0.0035964470535700325, -0.9303667037926816], "translation": [3158.538562537833, 1720.7347549553008, 11.839532388406218]}