{"rotation": [0.4214758042824254, -0.005811567207895235, -0.004818233331996021, -0.9068082248847489], "translation": [3152.6438712484614, 1714.9853949420624, 11.89733641110966]}