{"rotation": [0.3647419066689088, -0.002441581795933973, 0.004362450150326709, -0.93109524175916], "translation": [3160.7890392485533, 1722.801870577332, 11.81840876379672]}