{"rotation": [0.3656398548576003, -0.006178245462947745, 0.007816203895433704, -0.9307030851884921], "translation": [3165.4416412064256, 1727.1095750518161, 11.76201206438718]}