{"rotation": [0.3656420491930262, -0.006105365786824627, 0.007767187520290782, -0.9307031144078968], "translation": [3165.4416616433637, 1727.10970896347, 11.760883999963433]}