{"rotation": [0.3662533616393742, -0.002859245851029003, 0.0036824752630847234, -0.9305034869235891], "translation": [3158.7399932851868, 1720.919397129147, 11.841067499847943]}