{"rotation": [0.5432006414330279, -0.004397517509171851, -0.005125943989339826, -0.8395757557747376], "translation": [3150.7544788214436, 1712.1492606144948, 11.945318401003252]}