{"rotation": [0.4774862419722992, -0.006069962944009275, -0.004208573373576535, -0.8786081789894677], "translation": [3151.561638782804, 1713.573331963313, 11.919059492115668]}