{"rotation": [0.36571112347456813, -0.0059672340420220595, 0.007638613356472959, -0.9306779345567656], "translation": [3165.4397568780673, 1727.112075810236, 11.75829811643402]}