{"rotation": [0.43783152541017506, -0.006395315868572929, -0.004032662882366665, -0.8990252459870177], "translation": [3152.2644975706958, 1714.5294465266384, 11.90809214351862]}