{"rotation": [0.3668546747148924, -0.0030874850545447308, 0.0033263643794488366, -0.930267193002034], "translation": [3158.332855748579, 1720.5434775078438, 11.832818341669496]}