{"rotation": [0.36826832281803445, -0.005461014066396753, 0.002228163988111676, -0.9297008416794086], "translation": [3157.581064667649, 1719.8428024673942, 11.808225278969513]}