{"rotation": [0.40789702175413667, -0.006130000745248986, -0.004112910074401711, -0.9129980978653178], "translation": [3153.0364128698443, 1715.4251447099884, 11.884532009595775]}