{"rotation": [0.36830427942158234, -0.005334208569139852, 0.002230232383855115, -0.9296873291823461], "translation": [3157.5794038322742, 1719.8400754883871, 11.808662880876147]}