{"rotation": [0.36834715543629654, -0.005964068748234728, 0.001979462565789658, -0.9296670827204251], "translation": [3157.5696049814824, 1719.8325397575325, 11.805944346703159]}