{"rotation": [0.36553967161134227, -0.009225782053215292, 0.006585057061105021, -0.9307267431675533], "translation": [3164.7749388392044, 1726.4713138352301, 11.754725152443747]}