{"rotation": [0.3661097282057913, -0.005536761464169785, 0.007181493364805632, -0.9305275048802275], "translation": [3165.438859405616, 1727.1177939878396, 11.762418651659917]}