{"rotation": [0.365479075824446, -0.008130476509683099, 0.007484952076727931, -0.9307539502890351], "translation": [3165.402741291449, 1727.0565863201025, 11.75631460804319]}