{"rotation": [0.3660768124311728, -0.005684513160407729, 0.007298502120770233, -0.9305386534567783], "translation": [3165.436207946573, 1727.1191204774532, 11.759818118114868]}