{"rotation": [0.3656756450255578, -0.006014564726822774, 0.007662475537982013, -0.9306913742562133], "translation": [3165.440470304491, 1727.1110362276413, 11.75856122216217]}