{"rotation": [0.3656623341611209, -0.00623775491250363, 0.007865999650287201, -0.9306934370881714], "translation": [3165.4425423243792, 1727.109098651634, 11.762712289091992]}