{"rotation": [0.3654749457625334, -0.008826772607699256, 0.00731472748121548, -0.9307505825230951], "translation": [3165.3444552174255, 1726.9990234441689, 11.765797946864328]}