{"rotation": [0.39922283477807263, -0.006830057273219857, -0.0023584940307815345, -0.9168254555886366], "translation": [3153.337995656869, 1715.7483173153905, 11.878337084528765]}