{"rotation": [0.365430833561476, -0.005582929115838647, 0.008685755603384979, -0.9307812280201244], "translation": [3165.3884478409136, 1727.0405109001435, 11.780926980232898]}