{"rotation": [0.3738542992056497, -0.00879964104006757, 0.00015830637865502822, -0.9274456880174219], "translation": [3155.062913852912, 1717.4526116864668, 11.836356009901811]}