{"rotation": [0.3660671325888867, -0.005586617265876575, 0.007198401133918548, -0.930543834092081], "translation": [3165.4383095626963, 1727.1176156902245, 11.760835251853273]}