{"rotation": [0.36568440195584917, -0.008723306501552125, 0.006300949082807261, -0.9306767001115527], "translation": [3164.325959210092, 1726.055193529716, 11.758251962265504]}