{"rotation": [0.3654372077626254, -0.0071317044654712535, 0.007873122489876845, -0.9307753756499645], "translation": [3165.3870950187584, 1727.0388020775254, 11.77613298276518]}