{"rotation": [0.3654681177850393, -0.008579380072857943, 0.007379692421595265, -0.9307550640528306], "translation": [3165.3678122549723, 1727.0206654219505, 11.773086645990942]}