{"rotation": [0.3656612996668134, -0.0062175444604182775, 0.007838764820047346, -0.9306942085523878], "translation": [3165.4421338348516, 1727.1092449559974, 11.762285025614839]}