{"rotation": [0.3657236411673773, -0.005919238081445918, 0.007547049389230525, -0.9306740691334036], "translation": [3165.4373973408615, 1727.1153744260828, 11.757542479950436]}