{"rotation": [0.3658269851551271, -0.00872745844917514, 0.006246973901736726, -0.9306209882215205], "translation": [3163.9429711915964, 1725.7017457526179, 11.764423507730477]}