{"rotation": [0.36582696645036356, -0.008606771942879139, 0.006050518646045186, -0.9306234175640337], "translation": [3163.7659795078634, 1725.538064265328, 11.770279743316017]}