{"rotation": [0.3674300092636224, -0.0061362012238086175, 0.0021249622706400397, -0.9300285048655357], "translation": [3158.0020129009267, 1720.2389053759598, 11.814475465951348]}