{"rotation": [0.36568237695520445, -0.006062468425949833, 0.007692549237690136, -0.9306881703058237], "translation": [3165.4421860528246, 1727.108738782158, 11.75954038424716]}