{"rotation": [0.3683599917202294, -0.00726954309438524, 0.0015410202043420705, -0.9296535351945914], "translation": [3157.549784768169, 1719.8146978049008, 11.800633006989134]}