{"rotation": [0.36829806732956866, -0.005320585820670363, 0.0022409379973377286, -0.9296898424553866], "translation": [3157.5773446488165, 1719.8388571861274, 11.807717521783774]}