{"rotation": [0.45666801720442013, -0.006964880388752778, -0.003988787948009843, -0.8896009791330378], "translation": [3151.904581384801, 1714.0593365714462, 11.912951001448494]}