{"rotation": [0.5303549948335057, -0.0041507227457260164, -0.00561420705260455, -0.847746914848418], "translation": [3150.885742186353, 1712.4206331542096, 11.943983915086243]}