{"rotation": [0.3655314836640263, -0.0063131419113239655, 0.00802139890685303, -0.930743002041466], "translation": [3165.4446467431912, 1727.1056980571273, 11.765560177962419]}