{"rotation": [0.36711410984448445, -0.0035476704849413667, 0.0033963839573431702, -0.9301629475329773], "translation": [3158.2245999387783, 1720.442977363195, 11.82749411432834]}