{"rotation": [0.39656515462022673, -0.00690537685393966, -0.001993559737363828, -0.9179784418117423], "translation": [3153.43855520602, 1715.853803411944, 11.87698830974826]}