{"rotation": [0.3654597300244142, -0.007875901901992818, 0.007593317185941145, -0.9307628577859273], "translation": [3165.4345300673385, 1727.0861839386225, 11.767178136747715]}