{"rotation": [0.36737322900617597, -0.005163614314227865, 0.0025801777389360863, -0.9300556920849553], "translation": [3158.056514668374, 1720.2883082826131, 11.81878650947139]}