{"rotation": [0.48294478503959765, -0.005842902973156199, -0.00421274125525506, -0.875621178306589], "translation": [3151.479220355411, 1713.449353805462, 11.92187644060817]}