{"rotation": [0.36609978083168054, -0.005532216316465039, 0.007157105823889851, -0.9305316334729565], "translation": [3165.444055528133, 1727.1142968306806, 11.76607036201681]}