{"rotation": [0.3656366296506024, -0.005881132132928471, 0.007491077739350869, -0.9307089507987373], "translation": [3165.4603662461964, 1727.1035395234846, 11.768522728222177]}