{"rotation": [0.36546909150982954, -0.006734475920136622, 0.00810019086026239, -0.9307638674191689], "translation": [3165.3794682735897, 1727.0340556311878, 11.76096484715485]}