{"rotation": [0.372417519741939, -0.011222121603221528, 7.329783739526888e-05, -0.9279974405155502], "translation": [3155.5510949152904, 1717.9185035379646, 11.817913371950517]}