{"rotation": [0.36561266024448996, -0.009313137996642377, 0.00655178649514965, -0.9306974386036122], "translation": [3164.6108978014236, 1726.3190610763909, 11.755737188523991]}