{"rotation": [0.36876401067357617, -0.010761476662652385, -0.0002185108524814572, -0.9294607292968247], "translation": [3157.395847252733, 1719.6708055216216, 11.789783478552259]}