{"rotation": [0.36547584862234567, -0.007293222936847979, 0.00783411891594219, -0.9307592812074348], "translation": [3165.38480257152, 1727.0391710212036, 11.75954361604001]}