{"rotation": [0.36746869380025526, -0.006504406203843993, 0.0019456707949243313, -0.930011110762569], "translation": [3157.985204715317, 1720.2241827321027, 11.815050879691277]}