{"rotation": [0.36986007313072977, -0.01117220249438134, -0.00020363803322577135, -0.9290202725057765], "translation": [3156.959659230424, 1719.2585328396895, 11.792121756907877]}