{"rotation": [0.36547324530732694, -0.009294021088373223, 0.007125091546382808, -0.9307481728195844], "translation": [3165.3144090267588, 1726.9711873332426, 11.764308527837082]}