{"rotation": [0.36545278603596293, -0.006054366740003438, 0.008448390457917138, -0.9307718466523366], "translation": [3165.3954667167536, 1727.0479332497184, 11.779495899042955]}