{"rotation": [0.3654434201026096, -0.008059838946390513, 0.007544009559157279, -0.9307680879895041], "translation": [3165.3780347050056, 1727.0302441964475, 11.77466419937573]}