{"rotation": [0.3647419070526803, -0.0024415847740053087, 0.0043624528946543785, -0.9310952415881564], "translation": [3160.7890371355393, 1722.801868643702, 11.81840878375209]}