{"rotation": [0.36545419107989113, -0.0063781705841996295, 0.008135314807026003, -0.930771921479764], "translation": [3165.4474008154584, 1727.1020108682908, 11.768334524582938]}