{"rotation": [0.36524801657185174, -0.0060266676996889494, 0.00427044432113096, -0.9308809424260794], "translation": [3161.9212965127826, 1723.840023340249, 11.802946616190967]}