{"rotation": [0.36597402638757265, -0.0057571068073520495, 0.007324000755707359, -0.9305784366423968], "translation": [3165.436809391719, 1727.117138118432, 11.758808616979884]}