{"rotation": [0.3655639233151904, -0.009244142254412061, 0.006654856942576784, -0.9307165393842852], "translation": [3164.735153148263, 1726.434170800285, 11.754551630459698]}