{"rotation": [0.3738542905859973, -0.008799648200109587, 0.000158308994658119, -0.9274456914236311], "translation": [3155.0629156313025, 1717.4526133727463, 11.83635596870315]}