{"rotation": [0.3656365045059694, -0.006107435904783789, 0.007803582385844981, -0.9307049746838536], "translation": [3165.4419415042685, 1727.1094717764786, 11.761404700232449]}