{"rotation": [0.36576525679871913, -0.008312340626150827, 0.005768459097016847, -0.9306521405938569], "translation": [3163.578260184522, 1725.3653192774243, 11.776438842718395]}