{"rotation": [0.36829807143055215, -0.0053205808143124015, 0.002240938329330495, -0.9296898408586266], "translation": [3157.5773448552563, 1719.8388573217544, 11.807717624005443]}