{"rotation": [0.3654388888630331, -0.0055850342228485755, 0.008658561811480123, -0.9307783061538544], "translation": [3165.394105613654, 1727.0464017695501, 11.78214836894921]}