{"rotation": [0.36549354050435684, -0.009462672709853499, 0.006695510411234487, -0.9307416933903355], "translation": [3165.078687505381, 1726.7520837330796, 11.759497350929081]}