{"rotation": [0.3656553933315144, -0.006099706571790554, 0.007757538642628606, -0.930697989415214], "translation": [3165.4420899344377, 1727.1091582697745, 11.760711376217353]}