{"rotation": [0.36585271057000124, -0.008715823902357367, 0.006214631671887987, -0.9306112007360909], "translation": [3164.0035276570447, 1725.7581662589512, 11.765285475283475]}