{"rotation": [0.3658407260390848, -0.005887235408496021, 0.007429772905986374, -0.9306291968904724], "translation": [3165.436613236012, 1727.1166270909616, 11.757299518827926]}