{"rotation": [0.36544290728085593, -0.007460199346447855, 0.0047623333644533, -0.9307916776189787], "translation": [3162.7930804443363, 1724.6420838868814, 11.784222937642616]}