{"rotation": [0.3660584160927594, -0.005576757851346112, 0.0071845389435561974, -0.9305474293015356], "translation": [3165.43979305272, 1727.1160886138837, 11.760962594380885]}