{"rotation": [0.3660393004141301, -0.0057229209346915735, 0.007313998388512803, -0.9305530528432446], "translation": [3165.435286408585, 1727.1195869030907, 11.759057057007734]}