{"rotation": [0.3648190641424064, -0.003001887033970653, 0.0040357664193590445, -0.9310648482795935], "translation": [3161.2627008419076, 1723.2356378326901, 11.814375726800805]}