{"rotation": [0.36546829062435454, -0.0076344843725008, 0.007703330406176094, -0.930760603967063], "translation": [3165.4385862152826, 1727.0903951433813, 11.768048509360632]}