{"rotation": [0.3656613020689164, -0.006217540060975828, 0.007838763360737492, -0.9306942076503052], "translation": [3165.442133891257, 1727.1092448878862, 11.76228499999162]}