{"rotation": [0.36562925531659285, -0.006147095636743131, 0.007817339036060845, -0.9307074460227885], "translation": [3165.442626514229, 1727.1088522424732, 11.761788131908474]}