{"rotation": [0.39922267721993754, -0.006830067157096693, -0.002358462314541434, -0.9168255242037527], "translation": [3153.3380015893995, 1715.7483235410978, 11.878336985528648]}