{"rotation": [0.365950175944629, -0.005684473051107568, 0.007270318385900253, -0.9305886835561639], "translation": [3165.45285074849, 1727.107664773047, 11.768134497580386]}