{"rotation": [0.36587965341106776, -0.005864748685759932, 0.007407876100697219, -0.9306142097100852], "translation": [3165.4365096776523, 1727.1168342173885, 11.757427633638311]}