{"rotation": [0.3697686765809671, -0.01122661978676502, -0.0003426116083809949, -0.9290559571118466], "translation": [3157.013960375505, 1719.3092805786664, 11.793994062109181]}