{"rotation": [0.3654590004897318, -0.006381197925601411, 0.008141726604432138, -0.930769956306057], "translation": [3165.447400532152, 1727.1020824719217, 11.76859282645087]}