{"rotation": [0.36587714824177264, -0.0058678901121590925, 0.0074186701363050805, -0.9306150888490409], "translation": [3165.435110715908, 1727.1182608264871, 11.757291089714737]}