{"rotation": [0.3656236818011605, -0.0062576508682966134, 0.007905601032726276, -0.9307081532811914], "translation": [3165.4426119722134, 1727.1084683024812, 11.763023976744194]}