{"rotation": [0.36557888486288953, -0.006292033534672872, 0.007955106967082537, -0.9307250966475261], "translation": [3165.4434305944656, 1727.1071205887536, 11.764885622966483]}