{"rotation": [0.37226869903394805, -0.011638420644516213, -0.00010939289243282641, -0.9280520195105811], "translation": [3155.6368494732997, 1717.9998239606718, 11.816236695199462]}