{"rotation": [0.3686197059511705, -0.010069073689753256, 0.00026826915347637876, -0.9295257146368594], "translation": [3157.4724334145794, 1719.7418445352662, 11.796712230265149]}