{"rotation": [0.36832981008960197, -0.0031630695263750144, 0.003341476717731514, -0.9296838067449997], "translation": [3157.5903605767876, 1719.8527384959011, 11.82424928812051]}