{"rotation": [0.36583073337787453, -0.00868471040583361, 0.006143893266236728, -0.9306206009416009], "translation": [3163.8838898125255, 1725.6475276730114, 11.765507710272741]}