{"rotation": [0.36802615194689736, -0.0021473817698365594, 0.0037309478641784424, -0.9298054744207138], "translation": [3157.6968659740633, 1719.9513993923076, 11.824193386449279]}