{"rotation": [0.3654357111555264, -0.004993922172893594, 0.008926794531889113, -0.9307803790868022], "translation": [3165.391082298818, 1727.043128295134, 11.782760156073131]}