{"rotation": [0.36568440326521556, -0.008723302284950411, 0.006300949498027845, -0.9306766996337836], "translation": [3164.325957640571, 1726.0551920779342, 11.7582520074664]}