{"rotation": [0.36605961970719725, -0.005557165813906308, 0.007183651672679802, -0.9305470798818212], "translation": [3165.4463379712306, 1727.112155125651, 11.766267518119934]}