{"rotation": [0.3721013463202414, -0.01197456848736125, -0.000256959318524084, -0.9281148268119166], "translation": [3155.729110534339, 1718.0872860781658, 11.813963012797556]}