{"rotation": [0.3654294441488872, -0.004980918977192856, 0.00895485378470793, -0.9307826397118033], "translation": [3165.3911413252704, 1727.0430354420914, 11.783756853517758]}