{"rotation": [0.3655426297750639, -0.00765276089596318, 0.004980481218326812, -0.930749813792425], "translation": [3163.0153949647683, 1724.8467129999747, 11.779226921461936]}