{"rotation": [0.3663173865381068, -0.002746762664464957, 0.003764366373412569, -0.9304782948358136], "translation": [3158.6971657786085, 1720.8798667698713, 11.83617515055428]}