{"rotation": [0.3659848301266149, -0.005681529854742432, 0.007256659289471892, -0.9305751797848785], "translation": [3165.4519041915883, 1727.108640196268, 11.76818048352947]}