{"rotation": [0.3654258235111507, -0.0067186637632354095, 0.008098537144459995, -0.9307809843161569], "translation": [3165.3900615060875, 1727.0415634837018, 11.77891288576145]}