{"rotation": [0.36692452207771514, -0.0033278753866098627, 0.003298611843740129, -0.9302389152810991], "translation": [3158.310382559622, 1720.5235562484809, 11.832260457444752]}