{"rotation": [0.36543855728994645, -0.006490139902640019, 0.008169967457940215, -0.9307769821829625], "translation": [3165.447735960546, 1727.1004050771087, 11.769314291251023]}