{"rotation": [0.36830428170270607, -0.005334209293469576, 0.002230239845902854, -0.9296873282566009], "translation": [3157.5794034727846, 1719.8400753218752, 11.80866271383626]}