{"rotation": [0.5178942991169297, -0.004591826160786265, -0.004892008386709249, -0.8554183060518623], "translation": [3151.022116367693, 1712.6821916721976, 11.938570919571484]}