{"rotation": [0.3658407230524699, -0.005887234495402402, 0.007429773327161471, -0.930629198066958], "translation": [3165.436613089913, 1727.1166272410956, 11.757299507850897]}