{"rotation": [0.5497692580660858, -0.004607576326241205, -0.004955360722530456, -0.8352891580320991], "translation": [3150.692693642764, 1712.0158537277232, 11.948222351380165]}