{"rotation": [0.36832092141921896, -0.003031754609082592, 0.0034000904330580358, -0.9296875532639635], "translation": [3157.588596365333, 1719.8502760125334, 11.824546775530212]}