{"rotation": [0.3656420496746149, -0.006105366031346278, 0.007767187072903529, -0.9307031142208263], "translation": [3165.441661634479, 1727.1097089732343, 11.760884002141255]}