{"rotation": [0.376438349883237, -0.007933454104211783, -0.0004941430045071381, -0.9264075695210253], "translation": [3154.6635938586514, 1717.0710226170693, 11.847476378296578]}