{"rotation": [0.3675968642986395, -0.008036437754276721, 0.0013365767574429301, -0.9299495548623058], "translation": [3157.8681556916063, 1720.112818034238, 11.806317051946793]}