{"rotation": [0.36775685578635187, -0.006258883117148097, 0.002069857263157474, -0.9298986165680495], "translation": [3157.773586265843, 1720.024725328152, 11.812607301309557]}