{"rotation": [0.3647731778459614, -0.002311522638707008, 0.004096347749798633, -0.9310845318886799], "translation": [3161.021789922617, 1723.0152262144845, 11.816199783018552]}