{"rotation": [0.36555231171440544, -0.0058957375157674755, 0.007541473856348611, -0.9307415720013119], "translation": [3165.4612602601323, 1727.1024714701991, 11.768268414598852]}