{"rotation": [0.36539777000995244, -0.005993584836673721, 0.007639393395342311, -0.9308008306190485], "translation": [3165.4619573820733, 1727.101644479791, 11.768087474044435]}