{"rotation": [0.36587965292625135, -0.005864747929994445, 0.007407877329443138, -0.9306142098956771], "translation": [3165.4365095942567, 1727.116834307871, 11.757427627490642]}