{"rotation": [0.36761967019384206, -0.00810730739111433, 0.0013399916638703155, -0.9299399196054429], "translation": [3157.839653147981, 1720.0870574324722, 11.803818651043759]}