{"rotation": [0.3655546907171983, -0.006308757026054132, 0.00799213253243246, -0.9307341690821412], "translation": [3165.444074215725, 1727.1064118401923, 11.765230881452684]}