{"rotation": [0.36561551817818344, -0.006268907704598485, 0.007917993697863812, -0.9307111791739102], "translation": [3165.4424907470047, 1727.1086038849432, 11.763208917503013]}