{"rotation": [0.36568949620322755, -0.002147217410025037, 0.0038738012795984512, -0.9307263698250254], "translation": [3159.4172988056584, 1721.5439332585265, 11.839559001587272]}