{"rotation": [0.36829805557720807, -0.0030326374074288592, 0.003388427631881544, -0.9296966515625331], "translation": [3157.5873628219815, 1719.8501650111227, 11.824120863692466]}