{"rotation": [0.36575001528397133, -0.0022453958010183123, 0.0037217838281816823, -0.9307029777768028], "translation": [3159.3135621497076, 1721.4472461394744, 11.839948940492127]}