{"rotation": [0.36546533486527555, -0.009367608076642569, 0.007057976475474606, -0.9307510525907592], "translation": [3165.302516691192, 1726.9599490570406, 11.764364503514605]}