{"rotation": [0.3656393584993149, -0.006111878597028318, 0.007791560182823881, -0.9307039250191986], "translation": [3165.442310741328, 1727.1088756277104, 11.761149114056346]}