{"rotation": [0.3647494046383965, -0.0024144385340547415, 0.004244625420975982, -0.9310929198836904], "translation": [3160.8692098492083, 1722.875390291085, 11.819502587689884]}