{"rotation": [0.3686810175470234, -0.010288202703222988, 0.00010730237665168076, -0.9294990310225336], "translation": [3157.4467343927645, 1719.7171373442566, 11.792700412610614]}