{"rotation": [0.36580277551356877, -0.005891293451895687, 0.007476248569593607, -0.9306437168945799], "translation": [3165.4367748587424, 1727.1158267770447, 11.757070204383943]}