{"rotation": [0.36543720762379434, -0.007131706623006041, 0.007873121620039638, -0.9307753756952981], "translation": [3165.3870950087353, 1727.038802066711, 11.776132980398957]}