{"rotation": [0.36558904155497, -0.006286345337521877, 0.007949121267679741, -0.9307211967223523], "translation": [3165.4433177996616, 1727.1074017385997, 11.764017421191458]}