{"rotation": [0.421475772632307, -0.005811567177100546, -0.004818233455561845, -0.9068082395949618], "translation": [3152.643872066639, 1714.9853958873846, 11.897336381188945]}