{"rotation": [0.37226871554862445, -0.01163837573652136, -0.00010937601286256628, -0.9280520134512293], "translation": [3155.6368406505694, 1717.999815596867, 11.81623690016254]}