{"rotation": [0.36813193303924824, -0.001633618589222322, 0.004096927456913781, -0.9297631022752539], "translation": [3157.6468209762174, 1719.9047482272967, 11.829719822619547]}