{"rotation": [0.36813193523722987, -0.001633632690113727, 0.004096918362434045, -0.9297631014202798], "translation": [3157.6468204202374, 1719.904747740907, 11.829719768036993]}