{"rotation": [0.36545532223901, -0.009405243199812258, 0.006881043839136204, -0.9307559293838625], "translation": [3165.126088951974, 1726.7958515605762, 11.757061485983689]}