{"rotation": [0.36575214720443205, -0.005921204587418993, 0.007506675808626675, -0.9306631807318294], "translation": [3165.4365767562585, 1727.1163074263745, 11.75725434917825]}