{"rotation": [0.3683342399996536, -0.003687952532421023, 0.003128847289569258, -0.9296808575875029], "translation": [3157.5939528058693, 1719.854802987833, 11.823206759823606]}