{"rotation": [0.36601811192719685, -0.0025974717925525814, 0.003657968665825967, -0.9305969128182066], "translation": [3158.9765303481504, 1721.1376187764643, 11.838827430176533]}