{"rotation": [0.3655499415076064, -0.0063138871511007385, 0.008007458753781302, -0.9307358678471219], "translation": [3165.4439946808757, 1727.1065692561667, 11.765397997978605]}