{"rotation": [0.3654275361998563, -0.006171237374813075, 0.008355305078548494, -0.9307818329196218], "translation": [3165.3894692596946, 1727.0411075574782, 11.779672386651475]}