{"rotation": [0.36818505495375903, -0.002235179948377914, 0.003873740201351048, -0.929741772437997], "translation": [3157.6248850870156, 1719.8843185978121, 11.826682283298563]}