{"rotation": [0.3682968504913186, -0.0030059265898412903, 0.0033898146771074575, -0.929697210644394], "translation": [3157.582038369152, 1719.8442595696588, 11.81967188073951]}