{"rotation": [0.36611025587934826, -0.005545187588092259, 0.007183264955594109, -0.930527233421542], "translation": [3165.438559579268, 1727.1181019047128, 11.762205427490366]}