{"rotation": [0.3660724414133994, -0.005603522144457494, 0.007227752358397604, -0.9305414164737944], "translation": [3165.437327317466, 1727.118622022384, 11.760655624119131]}