{"rotation": [0.36544713780064936, -0.007802444534054552, 0.00762194876974922, -0.9307681866230482], "translation": [3165.3814097851314, 1727.0334737771561, 11.77490907293949]}