{"rotation": [0.5563723235585613, -0.0047741512339140755, -0.004893195302084471, -0.830904989573284], "translation": [3150.6326006573972, 1711.8795320905515, 11.949801239162372]}