{"rotation": [0.44703982198065617, -0.006905404456516376, -0.003758373868034621, -0.89447950651687], "translation": [3152.0815218357707, 1714.2957269916758, 11.910588377954916]}