{"rotation": [0.36562595878181403, -0.006115755927473096, 0.007817884361558777, -0.9307089429453358], "translation": [3165.441759667139, 1727.1097576660563, 11.761603255812064]}