{"rotation": [0.5563721312428827, -0.004774145604741124, -0.004893197440009292, -0.8309051183671999], "translation": [3150.6326023831607, 1711.8795360837646, 11.949801209650445]}