{"rotation": [0.6029119729407308, -0.007497795349560372, -0.004704959016726663, -0.7977586096747953], "translation": [3150.277587896946, 1710.8931311214278, 11.946256237534554]}