{"rotation": [0.3707247399762922, -0.011398901976291302, -0.0002505802568317313, -0.928672799974663], "translation": [3156.6010038557547, 1718.9180504936996, 11.79642767785608]}