{"rotation": [0.36549170795285046, -0.007744591003222241, 0.0076495662966916105, -0.9307509424456005], "translation": [3165.388939905533, 1727.0435676560605, 11.756576195010227]}