{"rotation": [0.3660584163080638, -0.005576757428458576, 0.007184538942021998, -0.9305474292193854], "translation": [3165.439793016365, 1727.1160886536102, 11.760962589740958]}