{"rotation": [0.3875049523528497, -0.0075536638559709065, -0.001147027593652804, -0.921835960674168], "translation": [3153.84764603142, 1716.271247992062, 11.867434544671651]}