{"rotation": [0.36520582896390974, -0.002042994524277593, 0.004225195025854418, -0.930914967325776], "translation": [3159.890360682481, 1721.976176347574, 11.835028346515626]}