{"rotation": [0.3655523039825959, -0.005895739529165543, 0.0075414769540551934, -0.9307415750001563], "translation": [3165.4612603218798, 1727.102471388382, 11.768268396604304]}