{"rotation": [0.40193641648310735, -0.0067197976371204185, -0.002923612637705592, -0.9156382549421899], "translation": [3153.238007141051, 1715.6426382788495, 11.881681064095485]}