{"rotation": [0.4424205400536338, -0.00676373589834781, -0.0037734958703226264, -0.8967742627575042], "translation": [3152.1741767417348, 1714.414737102649, 11.90919228203805]}