{"rotation": [0.3721013611723184, -0.011974549057859711, -0.0002569534375011259, -0.928114821109705], "translation": [3155.7291029261514, 1718.0872788764837, 11.813963211012165]}