{"rotation": [0.36548151533443907, -0.006348179749272565, 0.008120099187483154, -0.9307615304426256], "translation": [3165.446413604715, 1727.1032184349579, 11.767499366558804]}