{"rotation": [0.3674300055624498, -0.006136153801098297, 0.0021249833431448424, -0.9300285065925123], "translation": [3158.002015759305, 1720.238907873545, 11.814475683053958]}