{"rotation": [0.365657745063822, -0.006195824688285176, 0.007829560148368555, -0.9306958274426486], "translation": [3165.4425101776787, 1727.1087486342044, 11.762096736081658]}