{"rotation": [0.3656236825036384, -0.006257650054220795, 0.007905600044648577, -0.9307081530190932], "translation": [3165.4426119814434, 1727.1084682921664, 11.7630239716036]}