{"rotation": [0.36547686956302927, -0.007383270773548734, 0.007806431183265605, -0.9307584030022367], "translation": [3165.441983860341, 1727.093635750374, 11.768510564555381]}