{"rotation": [0.36573148365669006, -0.0059334251663256555, 0.00762878888262982, -0.9306702304835243], "translation": [3165.4373125178504, 1727.1149205942834, 11.758136702630148]}