{"rotation": [0.3654527881371468, -0.006054429645246221, 0.00844835997308035, -0.9307718456948629], "translation": [3165.3954668985657, 1727.0479334526672, 11.77949552568573]}