{"rotation": [0.3715551116425112, -0.012341776852785142, -0.0004925281627851506, -0.9283287332472512], "translation": [3156.085780916869, 1718.4279963044985, 11.803437618924232]}