{"rotation": [0.3655129621052937, -0.009171428107211483, 0.006445226204184958, -0.9307387487897263], "translation": [3164.882366468128, 1726.5707054510847, 11.752025603663133]}