{"rotation": [0.3678269632589558, -0.005100260215612131, 0.0025365727395539315, -0.9298768081010327], "translation": [3157.752826448364, 1720.0035000873718, 11.816147130091473]}