{"rotation": [0.36832960995071773, -0.005620370467191668, 0.002119023410836612, -0.9296758680363538], "translation": [3157.5714744806287, 1719.8336112372551, 11.805892853997825]}