{"rotation": [0.365826967064311, -0.008606774486441773, 0.006050518248717546, -0.930623417301751], "translation": [3163.7659810346013, 1725.538065675885, 11.770279721774585]}