{"rotation": [0.3699729812155416, -0.011135428273089809, -9.30023861884604e-05, -0.928975772966236], "translation": [3156.9038401033854, 1719.2063781604568, 11.790664261486388]}