{"rotation": [0.3657652567285143, -0.008312340498101407, 0.005768458918239855, -0.9306521406237006], "translation": [3163.5782601057344, 1725.3653192041754, 11.776438844207442]}