{"rotation": [0.36596339450430926, -0.005662971208355767, 0.007296277262977765, -0.930583413229614], "translation": [3165.4542339059035, 1727.1097437395783, 11.769973664039838]}