{"rotation": [0.37737303597410743, -0.007818430511283454, -0.0006954174850546404, -0.9260280666689031], "translation": [3154.561502033457, 1716.9728636967247, 11.849010405914292]}