{"rotation": [0.36831988696937373, -0.0031414321158219956, 0.0033462028124353355, -0.9296877944739661], "translation": [3157.586921481464, 1719.8502978475879, 11.819123778806162]}