{"rotation": [0.3660140443781751, -0.005650092043182119, 0.007244337090653769, -0.9305639770364807], "translation": [3165.4509742509663, 1727.109670575856, 11.768233637266459]}