{"rotation": [0.36706887179430764, -0.0037199107781616656, 0.0032709308275869274, -0.9301805774337464], "translation": [3158.269944615323, 1720.4852847477812, 11.832101526973672]}