{"rotation": [0.36608351468344424, -0.0055495292009727715, 0.007153439716864834, -0.9305379580129343], "translation": [3165.4428231005104, 1727.1147693212147, 11.763955426660937]}