{"rotation": [0.3719481646985997, -0.01214954382527077, -0.0003028654208473484, -0.9281739382436452], "translation": [3155.8171129986845, 1718.171601794956, 11.809177523513432]}