{"rotation": [0.3656927106532601, -0.008051951901745019, 0.005377979593873981, -0.9306852769766646], "translation": [3163.305531997649, 1725.1148466555028, 11.77837703117108]}