{"rotation": [0.365045232347151, -0.004713768521065512, 0.004107010555067075, -0.9309687917386087], "translation": [3161.591440748095, 1723.5366553429926, 11.809745880171068]}