{"rotation": [0.37095689656530073, -0.01175794453429141, -0.00030116566161457394, -0.9285755978541615], "translation": [3156.4626731395824, 1718.7857778607688, 11.79861848586623]}