{"rotation": [0.4662373636538756, -0.006528851394357759, -0.004277290474841619, -0.8846252311678364], "translation": [3151.7380771004237, 1713.829840689804, 11.916323586891574]}