{"rotation": [0.36548390387238533, -0.006368485018472639, 0.008137172405110337, -0.9307603047154622], "translation": [3165.446673993682, 1727.1027882185115, 11.768153078305582]}