{"rotation": [0.36559780160633937, -0.007718218270759741, 0.005093591192383638, -0.9307269910645664], "translation": [3163.0881861698263, 1724.9141988319084, 11.778046407891823]}