{"rotation": [0.36551160084413864, -0.00926005477921539, 0.006510559448701152, -0.9307379511170187], "translation": [3164.81522150692, 1726.5079553353432, 11.755837043811326]}