{"rotation": [0.36524801567496146, -0.006026664416538741, 0.004270444756586717, -0.9308809427972486], "translation": [3161.9212954710533, 1723.8400223810245, 11.802946648513068]}