{"rotation": [0.36558884300993444, -0.00629761943919666, 0.007955978988029116, -0.9307211398987338], "translation": [3165.4434889079507, 1727.1069963593714, 11.764627679455762]}