{"rotation": [0.3653320787007979, -0.0019721077603096857, 0.004079676926519574, -0.9308662306149638], "translation": [3159.7633697213655, 1721.8602966076094, 11.835480521937724]}