{"rotation": [0.3682839805589822, -0.004382219802249322, 0.002817568830248752, -0.9296987507354858], "translation": [3157.590881723595, 1719.850395251018, 11.817903928519035]}