{"rotation": [0.3657192684026059, -0.005918780970830903, 0.007589406432166612, -0.9306754459320873], "translation": [3165.4391652261565, 1727.113341053197, 11.758157401834156]}