{"rotation": [0.3673732267905881, -0.005163558653946794, 0.0025802057156548456, -0.9300556931915224], "translation": [3158.0565177379913, 1720.2883109792804, 11.818786763379062]}