{"rotation": [0.37027437274126523, -0.011285927540317986, -0.00016021961752315093, -0.9288538588283366], "translation": [3156.795215689862, 1719.1023424386465, 11.797091001854213]}