{"rotation": [0.3660952173679416, -0.0027081981578487855, 0.0036341619255972814, -0.9305663599927498], "translation": [3158.8907853974597, 1721.0577874046771, 11.836773738801812]}