{"rotation": [0.3656126605743447, -0.009313137461203498, 0.006551786376950974, -0.930697438480223], "translation": [3164.61090032942, 1726.3190634237956, 11.755737183109526]}