{"rotation": [0.365512964321023, -0.009171427784057176, 0.006445230863698645, -0.9307387478904992], "translation": [3164.8823631898035, 1726.5707024099718, 11.752025546472384]}