{"rotation": [0.3654288617973213, -0.0073506184004129985, 0.007775567321649496, -0.9307777693560758], "translation": [3165.3859255457764, 1727.0376116614373, 11.775863589310532]}