{"rotation": [0.49419510933044597, -0.00516844906986727, -0.004654593694462007, -0.8693231941031023], "translation": [3151.31996672138, 1713.1952529260689, 11.924043255091586]}