{"rotation": [0.3656827636247809, -0.006099042946578397, 0.007740039125230576, -0.9306873856764248], "translation": [3165.4418834810635, 1727.1093118876827, 11.760177315192562]}