{"rotation": [0.36568451775608096, -0.006082119234110098, 0.007716726400123728, -0.9306870007864031], "translation": [3165.441586374544, 1727.1093602374453, 11.759660149560785]}