{"rotation": [0.3658289148348886, -0.00859726948355875, 0.006114963411266929, -0.9306223182637701], "translation": [3163.8221353540775, 1725.5901935007428, 11.765519465022104]}