{"rotation": [0.3654710027407695, -0.0059509656771183925, 0.007586188241081086, -0.930772787478844], "translation": [3165.461734954547, 1727.1017587604954, 11.768072325297718]}