{"rotation": [0.3660140442225544, -0.005650092286842854, 0.007244337162157054, -0.9305639770956542], "translation": [3165.4509742592895, 1727.1096705668276, 11.768233636218483]}